section,path,keyword,old_cat,pillar,decision,target,reason,g_clicks,g_impr,b_clicks,b_impr
blog,/blog/crazy-golf-tips,crazy golf tips,How To,,GONE,,novelty/off-topic,0,0,0,27
blog,/blog/how-to-become-a-pro-in-golf,how to become a pro in golf,How To,,GONE,,novelty/off-topic,0,0,0,0
blog,/blog/how-to-get-a-golf-sponsorship,how to get a golf sponsorship,How To,,GONE,,novelty/off-topic,0,0,2,7
blog,/blog/how-to-set-up-a-golf-tournament-fundraiser,how to set up a golf tournament fundraiser,How To,,GONE,,local/service/event intent,0,8,0,0
blog,/blog/how-to-throw-disk-golf,how to throw disk golf,How To,,GONE,,novelty/off-topic,0,0,0,9
shop,/shop/2004-us-open-golf,2004 us open golf,Golf Equipment,,GONE,,year/model variant,0,0,0,0
shop,/shop/2016-masters-golf-tournament,2016 masters golf tournament,Golf Equipment,,GONE,,year/model variant,0,0,0,0
shop,/shop/2025-hot-list-golf,2025 hot list golf,Golf Equipment,,GONE,,off-topic (no product pillar),0,0,0,0
shop,/shop/24-golf-eagan-buyers-guide,24 golf eagan,Golf Equipment,,GONE,,off-topic (no product pillar),0,0,0,0
shop,/shop/25-handicap-in-golf,25 handicap in golf,Apparel,,GONE,,off-topic (no product pillar),0,0,0,0
shop,/shop/4-amazing-golf-tournament-themes,4 amazing golf tournament themes,Golf Equipment,,GONE,,local/service/event intent,0,103,0,0
shop,/shop/4a-golf-state-championship,4a golf state championship,Golf Equipment,,GONE,,local/service/event intent,0,0,0,0
shop,/shop/6-6-6-golf-game,6 6 6 golf game,Golf Equipment,,GONE,,off-topic (no product pillar),0,0,0,6
shop,/shop/76-golf-world-guide,76 golf world,Golf Equipment,,GONE,,off-topic (no product pillar),0,0,0,0
shop,/shop/9600-golf-lakes-trail-guide,9600 golf lakes trail,Golf Equipment,,GONE,,off-topic (no product pillar),0,0,0,0
shop,/shop/acc-womens-golf-championship-2025-guide,acc women's golf championship 2025,Golf Equipment,,GONE,,local/service/event intent,0,0,0,0
shop,/shop/albatross-meaning-golf,albatross meaning golf,Golf Equipment,,GONE,,off-topic (no product pillar),0,0,0,0
shop,/shop/animal-head-golf-covers,animal head golf covers,Accessories,,GONE,,off-topic (no product pillar),0,170,0,0
shop,/shop/another-nine-golf-guide,another nine golf,Golf Equipment,,GONE,,off-topic (no product pillar),0,0,0,1
shop,/shop/assistant-golf-professional-jobs,assistant golf professional jobs,Golf Equipment,,GONE,,local/service/event intent,0,0,0,0
shop,/shop/audubon-golf-trail-guide,audubon golf trail,Golf Equipment,,GONE,,off-topic (no product pillar),0,0,0,0
shop,/shop/austads-golf-omaha,austads golf omaha,Golf Equipment,,GONE,,local/geo intent,0,0,0,0
shop,/shop/average-golf-distance,average golf distance,Golf Equipment,,GONE,,off-topic (no product pillar),0,0,0,0
shop,/shop/average-golf-drive,average golf drive,Golf Equipment,,GONE,,off-topic (no product pillar),0,0,0,0
shop,/shop/average-golf-handicap,average golf handicap,Apparel,,GONE,,off-topic (no product pillar),0,0,0,0
shop,/shop/average-golf-pro-salary,average golf pro salary,Golf Equipment,,GONE,,off-topic (no product pillar),0,0,0,0
shop,/shop/average-golf-score-18-holes,average golf score for 18 holes,Golf Equipment,,GONE,,off-topic (no product pillar),0,0,0,0
shop,/shop/average-male-golf-handicap,average male golf handicap,Apparel,,GONE,,off-topic (no product pillar),0,0,0,0
shop,/shop/average-speed-of-a-golf-swing,average speed of a golf swing,Golf Equipment,,GONE,,off-topic (no product pillar),0,0,0,0
shop,/shop/average-time-to-golf-18-holes,average time to golf 18 holes,Golf Equipment,,GONE,,off-topic (no product pillar),0,0,0,0
shop,/shop/average-time-to-golf-9-holes,average time to golf 9 holes,Golf Equipment,,GONE,,off-topic (no product pillar),0,0,0,0
shop,/shop/average-women-golf-handicap,average women's golf handicap,Apparel,,GONE,,off-topic (no product pillar),0,0,0,4
shop,/shop/back-pain-from-golf,back pain from golf,Golf Equipment,,GONE,,novelty/off-topic,0,0,0,0
shop,/shop/ball-below-feet-golf,ball below feet golf,Golf Equipment,,GONE,,off-topic (no product pillar),0,0,0,0
shop,/shop/ball-flight-laws-in-golf,ball flight laws in golf,Golf Equipment,,GONE,,local/service/event intent,0,0,0,0
shop,/shop/ballantrae-golf-alabama,ballantrae golf alabama,Golf Equipment,,GONE,,team/celebrity/licensed,0,0,0,0
shop,/shop/bang-golf-inc-guide,bang golf inc,Golf Equipment,,GONE,,off-topic (no product pillar),0,0,0,0
shop,/shop/battle-golf-discount-code,battle golf discount code,Golf Equipment,,GONE,,off-topic (no product pillar),0,0,1,1
shop,/shop/bears-best-golf-las-vegas-buying-guide,bears best golf las vegas,Golf Equipment,,GONE,,team/celebrity/licensed,0,0,0,0
shop,/shop/ben-lomond-golf-guide,ben lomond golf,Golf Equipment,,GONE,,off-topic (no product pillar),0,0,0,0
shop,/shop/best-2-man-scramble-golf,2 man scramble golf,Golf Equipment,,GONE,,off-topic (no product pillar),0,0,0,0
shop,/shop/best-2015-e-golf-sel,2015 e golf sel,Golf Equipment,,GONE,,year/model variant,0,0,0,0
shop,/shop/best-2024-prizm-liv-golf-cards,2024 prizm liv golf,Golf Equipment,,GONE,,local/service/event intent,0,8,0,0
shop,/shop/best-3-person-golf-betting-games,3 person golf betting games,Golf Equipment,,GONE,,off-topic (no product pillar),0,6,0,0
shop,/shop/best-3-person-golf-games,3 person golf games,Golf Equipment,,GONE,,off-topic (no product pillar),0,0,1,63
shop,/shop/best-3d-print-golf,3d print golf,Golf Equipment,,GONE,,off-topic (no product pillar),0,76,0,0
shop,/shop/best-4-person-scramble-in-golf,4 person scramble in golf,Golf Equipment,,GONE,,off-topic (no product pillar),0,0,0,0
shop,/shop/best-480-golf-sl-guide,480 golf sl,Golf Equipment,,GONE,,off-topic (no product pillar),0,0,0,0
shop,/shop/best-49ers-golf,49ers golf,Golf Equipment,,GONE,,team/celebrity/licensed,0,0,0,0
shop,/shop/best-4d-motion-golf,4d motion golf,Golf Equipment,,GONE,,off-topic (no product pillar),0,0,0,0
shop,/shop/best-5-person-golf-games,5 person golf games,Golf Equipment,,GONE,,off-topic (no product pillar),0,0,0,1
shop,/shop/best-616-golf-guide,616 golf,Golf Equipment,,GONE,,off-topic (no product pillar),0,0,0,0
shop,/shop/best-abstract-golf-art,abstract golf art,Golf Equipment,,GONE,,off-topic (no product pillar),0,0,0,0
shop,/shop/best-ac-read-golf,ac read golf,Golf Equipment,,GONE,,off-topic (no product pillar),0,0,0,0
shop,/shop/best-aces-indoor-golf,aces indoor golf,Golf Equipment,,GONE,,off-topic (no product pillar),0,12,0,0
shop,/shop/best-adams-golf-tight-lies-set,adams golf tight lies set,Golf Equipment,,GONE,,off-topic (no product pillar),0,0,0,0
shop,/shop/best-adi-golf-pant,adi golf pant,Golf Equipment,,GONE,,off-topic (no product pillar),0,0,0,0
shop,/shop/best-aerification-golf,aerification golf,Golf Equipment,,GONE,,off-topic (no product pillar),0,707,0,0
shop,/shop/best-agc-golf-tournament,agc golf tournament,Golf Equipment,,GONE,,local/service/event intent,0,0,0,0
shop,/shop/best-air-max-1-golf,air max 1 golf,Golf Equipment,,GONE,,off-topic (no product pillar),0,0,0,0
shop,/shop/best-aj-1-low-golf,aj 1 low golf,Golf Equipment,,GONE,,off-topic (no product pillar),0,0,0,0
shop,/shop/best-alabama-golf-packages,alabama golf packages,Golf Equipment,,GONE,,team/celebrity/licensed,0,0,0,0
shop,/shop/best-alabama-state-golf-tournament,alabama state golf tournament,Golf Equipment,,GONE,,team/celebrity/licensed,0,7,0,0
shop,/shop/best-alamos-golf-portugal,alamos golf portugal,Golf Equipment,,GONE,,off-topic (no product pillar),0,27,0,0
shop,/shop/best-albatross-screen-golf,albatross screen golf,Golf Equipment,,GONE,,off-topic (no product pillar),0,0,0,0
shop,/shop/best-alexis-miestowski-golf,alexis miestowski golf,Golf Equipment,,GONE,,off-topic (no product pillar),0,0,0,0
shop,/shop/best-all-seasons-golf,all seasons golf,Golf Equipment,,GONE,,off-topic (no product pillar),0,0,0,0
shop,/shop/best-alternate-shot-format-golf,alternate shot format in golf,Golf Equipment,,GONE,,off-topic (no product pillar),0,0,0,0
shop,/shop/best-amateur-golf-tournaments-georgia,amateur golf tournaments in georgia,Golf Equipment,,GONE,,team/celebrity/licensed,0,0,0,0
shop,/shop/best-amatuer-golf-tournaments-arizona,amatuer golf tournaments in arizona,Golf Equipment,,GONE,,local/service/event intent,0,20,0,0
shop,/shop/best-amortecedor-porta-mala-golf,amortecedor porta mala golf,Golf Equipment,,GONE,,off-topic (no product pillar),0,0,0,0
shop,/shop/best-anaconda-golf-montana,anaconda golf montana,Golf Equipment,,GONE,,local/geo intent,0,0,0,0
shop,/shop/best-antigua-golf,antigua golf,Golf Equipment,,GONE,,off-topic (no product pillar),0,0,0,0
shop,/shop/best-antique-golf-art,antique golf art,Golf Equipment,,GONE,,off-topic (no product pillar),0,0,0,0
shop,/shop/best-apple-orchard-golf,apple orchard golf,Golf Equipment,,GONE,,off-topic (no product pillar),0,25,0,0
shop,/shop/best-apple-watch-golf-app,best apple watch golf app,Golf Equipment,,GONE,,off-topic (no product pillar),0,0,0,1
shop,/shop/best-approach-shot-golf,approach shot golf,Golf Equipment,,GONE,,off-topic (no product pillar),0,0,0,0
shop,/shop/best-apron-in-golf,apron in golf,Golf Equipment,,GONE,,off-topic (no product pillar),0,0,0,0
shop,/shop/best-arcade-golf,arcade golf,Golf Equipment,,GONE,,novelty/off-topic,0,0,1,2
shop,/shop/best-arcade-golf-neon,arcade golf neon,Golf Equipment,,GONE,,novelty/off-topic,0,6,0,0
shop,/shop/best-arccos-golf-subscription,arccos golf subscription,Golf Equipment,,GONE,,off-topic (no product pillar),0,45,0,14
shop,/shop/best-artificial-grass-for-golf-greens-buying-guide,artificial grass for golf greens,Golf Equipment,,GONE,,off-topic (no product pillar),0,0,0,0
shop,/shop/best-ascarate-golf,ascarate golf,Golf Equipment,,GONE,,off-topic (no product pillar),0,0,0,0
shop,/shop/best-auburn-golf-camp,auburn golf camp,Golf Equipment,,GONE,,team/celebrity/licensed,0,6,0,0
shop,/shop/best-auglaize-golf,auglaize golf,Golf Equipment,,GONE,,off-topic (no product pillar),0,0,0,0
shop,/shop/best-avid-golfer-golf-passport-guide,avid golfer golf passport,Golf Equipment,,GONE,,off-topic (no product pillar),0,19,0,0
shop,/shop/best-awesome-golf-pricing,awesome golf pricing,Golf Equipment,,GONE,,off-topic (no product pillar),0,0,0,0
shop,/shop/best-azario-golf,azario golf,Golf Equipment,,GONE,,off-topic (no product pillar),0,0,0,0
shop,/shop/best-azores-golf,azores golf,Golf Equipment,,GONE,,off-topic (no product pillar),0,125,0,0
shop,/shop/best-bachelor-party-golf-trips,bachelor party golf trips,Golf Equipment,,GONE,,local/service/event intent,0,0,0,0
shop,/shop/best-back-to-golf-gear,back to golf,Golf Equipment,,GONE,,off-topic (no product pillar),0,0,0,0
shop,/shop/best-backyard-golf-driving-range-net,backyard golf driving range net,Golf Equipment,,GONE,,off-topic (no product pillar),0,0,0,0
shop,/shop/best-bahama-golf,bahama golf,Golf Equipment,,GONE,,off-topic (no product pillar),0,10,0,0
shop,/shop/best-bahamas-golf-packages,bahamas golf packages,Golf Equipment,,GONE,,local/service/event intent,0,33,0,0
shop,/shop/best-baker-national-golf,baker national golf,Golf Equipment,,GONE,,off-topic (no product pillar),0,0,0,0
shop,/shop/best-bald-head-island-golf,bald head island golf,Golf Equipment,,GONE,,off-topic (no product pillar),0,0,0,0
shop,/shop/best-ball-bag-golf,ball bag golf,Golf Equipment,,GONE,,off-topic (no product pillar),0,0,0,0
shop,/shop/best-ball-holder-golf,ball holder golf,Golf Equipment,,GONE,,off-topic (no product pillar),0,6,0,0
shop,/shop/best-ball-state-university-golf-gear,ball state university golf,Golf Equipment,,GONE,,off-topic (no product pillar),0,0,0,0
shop,/shop/best-balle-golf-volvik,balle golf volvik,Golf Balls,,GONE,,off-topic (no product pillar),0,0,0,0
shop,/shop/best-ballybunion-golf-learning-center,ballybunion golf learning center,Golf Equipment,,GONE,,off-topic (no product pillar),0,19,0,0
shop,/shop/best-barstool-golf-tournament-guide,barstool golf tournament,Golf Equipment,,GONE,,local/service/event intent,0,0,0,0
shop,/shop/best-baseball-and-golf-swing,baseball and golf swing,Golf Equipment,,GONE,,off-topic (no product pillar),0,27,0,0
shop,/shop/best-beginner-golf-experience-nj,beginner golf experience nj,Golf Equipment,,GONE,,local/geo intent,0,9,0,0
shop,/shop/best-belle-glade-golf,belle glade golf,Golf Equipment,,GONE,,off-topic (no product pillar),0,0,0,0
shop,/shop/best-bentley-golf,bentley golf,Golf Equipment,,GONE,,off-topic (no product pillar),0,41,0,0
shop,/shop/best-bermuda-golf-vacations,bermuda golf vacations,Golf Equipment,,GONE,,local/service/event intent,0,23,0,0
shop,/shop/best-beyond-golf-eagle-co-guide,beyond golf eagle co,Golf Equipment,,GONE,,local/geo intent,0,0,0,0
shop,/shop/best-bgt-golf,bgt golf,Golf Equipment,,GONE,,off-topic (no product pillar),0,21,0,0
shop,/shop/best-big-bear-golf-guide,big bear golf,Golf Equipment,,GONE,,local/geo intent,0,0,0,1
shop,/shop/best-big-max-bag-golf,big max bag golf,Golf Equipment,,GONE,,off-topic (no product pillar),0,0,0,0
shop,/shop/best-big-sugar-golf,big sugar golf,Golf Equipment,,GONE,,off-topic (no product pillar),0,0,0,0
shop,/shop/best-billy-joe-patton-golf-guide,billy joe patton golf,Golf Equipment,,GONE,,off-topic (no product pillar),0,0,0,0
shop,/shop/best-birdie-golf-clothes,birdie golf clothes,Golf Equipment,,GONE,,off-topic (no product pillar),0,11,0,0
shop,/shop/best-birds-in-golf,birds in golf,Golf Equipment,,GONE,,off-topic (no product pillar),0,0,0,0
shop,/shop/best-birnamwood-golf-mn,birnamwood golf mn,Clubs & Shafts,,GONE,,local/geo intent,0,0,0,0
shop,/shop/best-black-and-white-golf-pictures,black and white golf pictures,Golf Equipment,,GONE,,off-topic (no product pillar),0,13,0,0
shop,/shop/best-black-golf-players,black golf players,Golf Equipment,,GONE,,off-topic (no product pillar),0,76,0,0
shop,/shop/best-black-golf-slacks,black golf slacks,Golf Equipment,,GONE,,off-topic (no product pillar),0,7,0,0
shop,/shop/best-black-golf-sneakers,black golf sneakers,Golf Equipment,,GONE,,off-topic (no product pillar),0,0,0,0
shop,/shop/best-blackwood-golf,blackwood golf,Clubs & Shafts,,GONE,,off-topic (no product pillar),0,0,1,1
shop,/shop/best-blades-golf-guide,blades golf,Golf Equipment,,GONE,,off-topic (no product pillar),0,40,0,0
shop,/shop/best-blue-bonnet-golf-gear,blue bonnet golf,Golf Equipment,,GONE,,off-topic (no product pillar),0,0,0,0
shop,/shop/best-bob-miller-golf,bob miller golf,Golf Equipment,,GONE,,off-topic (no product pillar),0,0,0,0
shop,/shop/best-bonnie-dundee-golf,bonnie dundee golf,Golf Equipment,,GONE,,off-topic (no product pillar),0,0,0,0
shop,/shop/best-books-about-the-masters-golf-tournament,books about the masters golf tournament,Golf Equipment,,GONE,,local/service/event intent,0,30,0,0
shop,/shop/best-boondocks-miniature-golf,boondocks miniature golf,Golf Equipment,,GONE,,novelty/off-topic,0,0,0,0
shop,/shop/best-boss-golf,boss golf,Golf Equipment,,GONE,,off-topic (no product pillar),0,11,0,0
shop,/shop/best-boston-indoor-golf,boston indoor golf,Golf Equipment,,GONE,,local/geo intent,0,0,0,0
shop,/shop/best-braids-golf,braids golf,Golf Equipment,,GONE,,off-topic (no product pillar),0,0,0,0
shop,/shop/best-branch-river-golf,branch river golf,Golf Equipment,,GONE,,off-topic (no product pillar),0,0,0,0
shop,/shop/best-branson-golf-stores,branson golf stores,Golf Equipment,,GONE,,local/geo intent,0,345,0,0
shop,/shop/best-briarwood-golf-pa,briarwood golf pa,Clubs & Shafts,,GONE,,local/geo intent,0,0,0,0
shop,/shop/best-bryan-newman-golf,bryan newman golf,Golf Equipment,,GONE,,off-topic (no product pillar),0,8,0,0
shop,/shop/best-budget-golf-coupon,budget golf coupon,Golf Equipment,,GONE,,local/service/event intent,0,0,0,0
shop,/shop/best-budget-golf-lessons,cheap golf lessons,Golf Equipment,,GONE,,local/service/event intent,0,0,0,0
shop,/shop/best-bunn-golf,bunn golf,Golf Equipment,,GONE,,off-topic (no product pillar),0,0,0,0
shop,/shop/best-burl-oaks-golf-mn,burl oaks golf mn,Golf Equipment,,GONE,,local/geo intent,0,0,0,0
shop,/shop/best-caitlin-maurice-golf,caitlin maurice golf,Golf Equipment,,GONE,,off-topic (no product pillar),0,0,0,0
shop,/shop/best-calia-womens-golf,calia women's golf,Golf Equipment,,GONE,,off-topic (no product pillar),0,85,0,0
shop,/shop/best-california-golf-tournaments,california golf tournaments,Golf Equipment,,GONE,,local/service/event intent,0,0,0,0
shop,/shop/best-cameron-kuchar-golf,cameron kuchar golf,Golf Equipment,,GONE,,off-topic (no product pillar),0,0,0,0
shop,/shop/best-cantigny-golf-academy-guide,cantigny golf academy,Golf Equipment,,GONE,,local/service/event intent,0,11,0,0
shop,/shop/best-canvas-golf,canvas golf,Golf Equipment,,GONE,,off-topic (no product pillar),0,0,1,2
shop,/shop/best-caribbean-golf-cruises,caribbean golf cruises,Golf Equipment,,GONE,,off-topic (no product pillar),0,0,0,0
shop,/shop/best-carolina-golf-mart,carolina golf mart,Golf Equipment,,GONE,,local/geo intent,0,0,0,0
shop,/shop/best-carte-du-golf-du-mexique,carte du golf du mexique,Golf Equipment,,GONE,,off-topic (no product pillar),0,7,0,1
shop,/shop/best-casablanca-golf,casablanca golf,Golf Equipment,,GONE,,off-topic (no product pillar),0,0,0,0
shop,/shop/best-casual-water-golf,casual water golf,Golf Equipment,,GONE,,off-topic (no product pillar),0,0,0,0
shop,/shop/best-cedarholm-golf-guide,cedarholm golf,Golf Equipment,,GONE,,off-topic (no product pillar),0,0,0,0
shop,/shop/best-century-celebrity-golf-tournament,century celebrity golf tournament,Golf Equipment,,GONE,,local/service/event intent,0,0,0,0
shop,/shop/best-chair-golf,chair golf,Golf Equipment,,GONE,,off-topic (no product pillar),0,0,0,0
shop,/shop/best-challenger-3-golf,challenger 3 golf,Golf Equipment,,GONE,,off-topic (no product pillar),0,0,0,0
shop,/shop/best-chamber-golf-tournament,chamber golf tournament,Golf Equipment,,GONE,,local/service/event intent,0,0,0,0
shop,/shop/best-chapman-golf-format,chapman golf format,Golf Equipment,,GONE,,off-topic (no product pillar),0,0,0,0
shop,/shop/best-charity-golf-day-ideas,charity golf day ideas,Golf Equipment,,GONE,,off-topic (no product pillar),0,0,0,0
shop,/shop/best-charity-golf-international-guide,charity golf international,Golf Equipment,,GONE,,off-topic (no product pillar),0,0,0,0
shop,/shop/best-charity-golf-tournament-software-2025,best charity golf tournament software 2025,Golf Equipment,,GONE,,local/service/event intent,0,6,0,0
shop,/shop/best-charles-t-myers-golf,charles t myers golf,Golf Equipment,,GONE,,off-topic (no product pillar),0,0,0,0
shop,/shop/best-charleston-golf-communities,charleston golf communities,Golf Equipment,,GONE,,local/service/event intent,0,0,0,0
shop,/shop/best-charlotte-golf-lessons,charlotte golf lessons,Golf Equipment,,GONE,,local/service/event intent,0,0,0,0
shop,/shop/best-charlottesville-va-golf-packages,charlottesville va golf packages,Golf Equipment,,GONE,,local/service/event intent,0,0,0,0
shop,/shop/best-charms-golf,charms golf,Golf Equipment,,GONE,,off-topic (no product pillar),0,0,0,0
shop,/shop/best-chastain-golf,chastain golf,Golf Equipment,,GONE,,off-topic (no product pillar),0,0,0,0
shop,/shop/best-chicago-bears-golf,chicago bears golf,Golf Equipment,,GONE,,team/celebrity/licensed,0,15,0,0
shop,/shop/best-childrens-golf-lessons,childrens golf lessons,Golf Equipment,,GONE,,local/service/event intent,0,69,0,0
shop,/shop/best-cigars-for-golf,best cigars for golf,Golf Equipment,,GONE,,off-topic (no product pillar),0,0,0,0
shop,/shop/best-circolo-golf-villa-deste,circolo golf villa d'este,Golf Equipment,,GONE,,off-topic (no product pillar),0,0,0,0
shop,/shop/best-city-island-miniature-golf,city island miniature golf,Golf Equipment,,GONE,,novelty/off-topic,0,0,0,0
shop,/shop/best-cj-barrymores-golf-dome,cj barrymore's golf dome,Golf Equipment,,GONE,,off-topic (no product pillar),0,31,0,0
shop,/shop/best-claret-jug-golf-trophy,claret jug golf trophy,Golf Equipment,,GONE,,off-topic (no product pillar),0,40,0,1
shop,/shop/best-classic-5-golf,classic 5 golf,Golf Equipment,,GONE,,off-topic (no product pillar),0,15,0,0
shop,/shop/best-clear-golf-green-monogrammed-balls,clear golf green monogrammed balls,Golf Equipment,,GONE,,off-topic (no product pillar),0,0,0,0
shop,/shop/best-clever-golf-puns,clever golf puns,Golf Equipment,,GONE,,novelty/off-topic,0,0,0,0
shop,/shop/best-cliffs-at-glassy-golf,cliffs at glassy golf,Golf Equipment,,GONE,,off-topic (no product pillar),0,0,0,0
shop,/shop/best-closest-to-pin-golf,closest to pin golf,Golf Equipment,,GONE,,off-topic (no product pillar),0,0,0,0
shop,/shop/best-cmc-golf,cmc golf,Golf Equipment,,GONE,,off-topic (no product pillar),0,0,0,1
shop,/shop/best-cmu-womens-golf,cmu women's golf,Golf Equipment,,GONE,,off-topic (no product pillar),0,0,0,0
shop,/shop/best-coastal-carolina-womens-golf,coastal carolina women's golf,Golf Equipment,,GONE,,local/geo intent,0,0,0,0
shop,/shop/best-cold-weather-golf-gear,cold weather golf gear,Golf Equipment,,GONE,,off-topic (no product pillar),0,5,0,0
shop,/shop/best-colgate-golf-gear,colgate golf,Golf Equipment,,GONE,,off-topic (no product pillar),0,0,0,0
shop,/shop/best-colleges-with-womens-golf,colleges with women's golf,Golf Equipment,,GONE,,off-topic (no product pillar),0,82,0,0
shop,/shop/best-color-lenses-for-golf,best color lenses for golf,Golf Equipment,,GONE,,off-topic (no product pillar),0,9,0,0
shop,/shop/best-colorado-golf-expo,colorado golf expo,Golf Equipment,,GONE,,local/service/event intent,0,7,0,0
shop,/shop/best-colorado-state-womens-golf,colorado state women's golf,Golf Equipment,,GONE,,local/geo intent,0,0,0,0
shop,/shop/best-concert-golf,concert golf,Golf Equipment,,GONE,,off-topic (no product pillar),0,0,0,0
shop,/shop/best-congo-river-golf-coupon,congo river golf coupon,Golf Equipment,,GONE,,local/service/event intent,0,0,0,0
shop,/shop/best-connor-graham-golf,connor graham golf,Golf Equipment,,GONE,,off-topic (no product pillar),0,0,0,0
shop,/shop/best-cool-crazy-golf,cool crazy golf,Golf Equipment,,GONE,,novelty/off-topic,0,23,0,0
shop,/shop/best-copper-top-golf,copper top golf,Golf Equipment,,GONE,,novelty/off-topic,0,8,0,0
shop,/shop/best-cordillera-golf,cordillera golf,Golf Equipment,,GONE,,off-topic (no product pillar),0,0,0,0
shop,/shop/best-corporate-golf-tournaments,corporate golf tournaments,Golf Equipment,,GONE,,local/service/event intent,1,6,0,0
shop,/shop/best-couples-golf-tournaments,couples golf tournaments,Golf Equipment,,GONE,,local/service/event intent,0,0,0,3
shop,/shop/best-crestwood-golf,crestwood golf,Clubs & Shafts,,GONE,,off-topic (no product pillar),0,0,0,0
shop,/shop/best-curated-golf,curated golf,Golf Equipment,,GONE,,off-topic (no product pillar),0,0,0,0
shop,/shop/best-customizable-golf-flags,customizable golf flags,Golf Equipment,,GONE,,off-topic (no product pillar),0,0,0,0
shop,/shop/best-cyber-monday-golf-deals,cyber monday golf deals,Golf Equipment,,GONE,,off-topic (no product pillar),0,0,0,0
shop,/shop/best-d3-golf-schools-guide,d3 golf schools,Golf Equipment,,GONE,,local/service/event intent,0,30,0,0
shop,/shop/best-dad-golf-presents,dad golf presents,Golf Equipment,,GONE,,novelty/off-topic,0,0,0,0
shop,/shop/best-daily-sport-golf,daily sport golf,Golf Equipment,,GONE,,off-topic (no product pillar),0,0,0,0
shop,/shop/best-darlington-golf-driving-range,darlington golf driving range,Golf Equipment,,GONE,,off-topic (no product pillar),0,10,0,0
shop,/shop/best-dave-white-golf,dave white golf,Golf Equipment,,GONE,,off-topic (no product pillar),0,10,0,0
shop,/shop/best-davis-ca-golf,davis ca golf,Golf Equipment,,GONE,,off-topic (no product pillar),0,13,0,0
shop,/shop/best-deal-golf,deal golf,Golf Equipment,,GONE,,off-topic (no product pillar),0,0,0,0
shop,/shop/best-deep-creek-maryland-golf,deep creek maryland golf,Golf Equipment,,GONE,,local/geo intent,0,48,0,0
shop,/shop/best-derek-bard-golf,derek bard golf,Golf Equipment,,GONE,,off-topic (no product pillar),0,5,0,0
shop,/shop/best-detwiler-golf,detwiler golf,Golf Equipment,,GONE,,off-topic (no product pillar),0,0,0,0
shop,/shop/best-discount-womens-golf-clothes,discount women's golf clothes,Golf Equipment,,GONE,,off-topic (no product pillar),0,0,0,0
shop,/shop/best-division-1-golf-schools,top division 1 golf schools,Golf Equipment,,GONE,,local/service/event intent,0,19,0,0
shop,/shop/best-dogleg-golf,dogleg golf,Golf Equipment,,GONE,,off-topic (no product pillar),0,15,0,0
shop,/shop/best-double-j-golf,double j golf,Golf Equipment,,GONE,,off-topic (no product pillar),0,0,0,0
shop,/shop/best-draw-fade-golf,draw fade golf,Golf Equipment,,GONE,,off-topic (no product pillar),0,0,0,0
shop,/shop/best-dream-golf-book,dream golf book,Golf Equipment,,GONE,,off-topic (no product pillar),0,0,0,0
shop,/shop/best-driving-range-golf-lessons,driving range golf lessons,Golf Equipment,,GONE,,local/service/event intent,0,0,0,0
shop,/shop/best-dubai-golf-trip,dubai golf trip,Golf Equipment,,GONE,,local/service/event intent,0,61,0,0
shop,/shop/best-duran-golf,duran golf,Golf Equipment,,GONE,,off-topic (no product pillar),0,0,0,0
shop,/shop/best-early-extending-golf,early extending golf,Golf Equipment,,GONE,,off-topic (no product pillar),0,0,0,0
shop,/shop/best-east-coast-golf-trips,best east coast golf trips,Golf Equipment,,GONE,,local/service/event intent,0,0,0,0
shop,/shop/best-eastern-kentucky-womens-golf,eastern kentucky women's golf,Golf Equipment,,GONE,,local/geo intent,0,6,0,0
shop,/shop/best-eastman-golf-links-nh,eastman golf links nh,Golf Equipment,,GONE,,local/geo intent,0,0,0,1
shop,/shop/best-el-rio-golf-tucson-az,el rio golf tucson az,Golf Equipment,,GONE,,local/geo intent,0,0,0,0
shop,/shop/best-el-salvador-golf,el salvador golf,Golf Equipment,,GONE,,off-topic (no product pillar),0,0,0,0
shop,/shop/best-elbow-golf-brace,elbow golf brace,Golf Equipment,,GONE,,novelty/off-topic,0,0,0,0
shop,/shop/best-eldon-golf,eldon golf,Golf Equipment,,GONE,,off-topic (no product pillar),0,0,0,0
shop,/shop/best-electric-golf-bike-guide,electric golf bike,Power & Batteries,,GONE,,off-topic (no product pillar),0,0,0,0
shop,/shop/best-electric-scooter-for-golf,electric scooter for golf,Power & Batteries,,GONE,,off-topic (no product pillar),0,0,0,0
shop,/shop/best-element-indoor-golf-burnsville,element indoor golf burnsville,Golf Equipment,,GONE,,local/geo intent,0,8,0,0
shop,/shop/best-elevate-golf,elevate golf,Golf Equipment,,GONE,,off-topic (no product pillar),0,0,0,0
shop,/shop/best-elks-country-golf,elks country golf,Golf Equipment,,GONE,,off-topic (no product pillar),0,12,0,0
shop,/shop/best-ella-sharp-golf,ella sharp golf,Golf Equipment,,GONE,,local/geo intent,0,0,0,0
shop,/shop/best-ellijay-ga-golf,ellijay ga golf,Golf Equipment,,GONE,,off-topic (no product pillar),0,0,0,0
shop,/shop/best-emeis-golf-davenport-ia,emeis golf davenport ia,Golf Equipment,,GONE,,local/geo intent,0,0,0,0
shop,/shop/best-emeis-golf-davenport-iowa,emeis golf davenport iowa,Golf Equipment,,GONE,,local/geo intent,0,13,0,0
shop,/shop/best-emilio-gonzalez-golf,emilio gonzalez golf,Golf Equipment,,GONE,,off-topic (no product pillar),0,0,0,0
shop,/shop/best-encanto-9-golf,encanto 9 golf,Golf Equipment,,GONE,,off-topic (no product pillar),0,0,0,0
shop,/shop/best-ep-golf-clothes,ep golf clothes,Golf Equipment,,GONE,,off-topic (no product pillar),0,7,0,1
shop,/shop/best-epec-golf,epec golf,Golf Equipment,,GONE,,off-topic (no product pillar),0,0,0,0
shop,/shop/best-eric-lee-golf,eric lee golf,Golf Equipment,,GONE,,off-topic (no product pillar),0,0,0,0
shop,/shop/best-evan-beck-golf-guide,evan beck golf,Golf Equipment,,GONE,,off-topic (no product pillar),0,0,0,0
shop,/shop/best-ever-round-of-golf,best ever round of golf,Golf Equipment,,GONE,,off-topic (no product pillar),0,0,0,0
shop,/shop/best-evies-golf-buyers-guide,evie's golf,Golf Equipment,,GONE,,off-topic (no product pillar),0,0,0,0
shop,/shop/best-expertvoice-golf,expertvoice golf,Golf Equipment,,GONE,,off-topic (no product pillar),0,0,0,0
shop,/shop/best-extracurricular-golf,extracurricular golf,Golf Equipment,,GONE,,off-topic (no product pillar),0,0,0,0
shop,/shop/best-fairlawn-golf,fairlawn golf,Golf Equipment,,GONE,,off-topic (no product pillar),0,0,0,0
shop,/shop/best-fairways-golf-and-grill,fairways golf and grill,Golf Equipment,,GONE,,off-topic (no product pillar),0,0,0,0
shop,/shop/best-fairways-golf-membership,fairways golf membership,Golf Equipment,,GONE,,local/service/event intent,0,0,0,0
shop,/shop/best-fall-golf-fashion,fall golf fashion,Golf Equipment,,GONE,,off-topic (no product pillar),0,0,0,0
shop,/shop/best-fall-golf-gear-leagues-tips,fall golf,Golf Equipment,,GONE,,off-topic (no product pillar),0,0,0,0
shop,/shop/best-family-sport-golf,family sport golf,Golf Equipment,,GONE,,off-topic (no product pillar),0,0,0,0
shop,/shop/best-fathers-day-golf,fathers day golf,Golf Equipment,,GONE,,off-topic (no product pillar),0,0,0,0
shop,/shop/best-feature-of-golf-and-rugby-nyt,feature of golf and rugby nyt,Golf Equipment,,GONE,,off-topic (no product pillar),0,0,0,0
shop,/shop/best-fernwood-golf,fernwood golf,Clubs & Shafts,,GONE,,off-topic (no product pillar),0,0,0,0
shop,/shop/best-ferrule-golf-guide,ferrule golf,Golf Equipment,,GONE,,off-topic (no product pillar),0,0,0,0
shop,/shop/best-fgcu-mens-golf-gear,fgcu men's golf,Golf Equipment,,GONE,,off-topic (no product pillar),0,0,0,0
shop,/shop/best-finger-lakes-golf,finger lakes golf,Golf Equipment,,GONE,,off-topic (no product pillar),0,0,0,0
shop,/shop/best-finn-scooters-golf,finn scooters golf,Golf Equipment,,GONE,,off-topic (no product pillar),0,34,1,43
shop,/shop/best-flag-stick-golf,flag stick golf,Golf Equipment,,GONE,,off-topic (no product pillar),0,0,0,0
shop,/shop/best-flat-golf-swing,flat golf swing,Golf Equipment,,GONE,,off-topic (no product pillar),0,15,0,0
shop,/shop/best-fleming-golf-san-francisco,fleming golf san francisco,Golf Equipment,,GONE,,local/geo intent,0,0,0,0
shop,/shop/best-floating-golf-green,floating golf green,Golf Equipment,,GONE,,off-topic (no product pillar),0,0,0,0
shop,/shop/best-florida-professional-golf-tour,florida professional golf tour,Golf Equipment,,GONE,,local/geo intent,0,0,0,0
shop,/shop/best-foot-position-golf-swing,foot position golf swing,Golf Equipment,,GONE,,off-topic (no product pillar),0,0,0,0
shop,/shop/best-fore-in-golf,fore in golf,Golf Equipment,,GONE,,off-topic (no product pillar),0,0,0,0
shop,/shop/best-fort-sam-golf,fort sam golf,Golf Equipment,,GONE,,off-topic (no product pillar),0,0,0,0
shop,/shop/best-fort-worth-golf-tournament-guide,fort worth golf tournament,Golf Equipment,,GONE,,local/service/event intent,0,6,0,0
shop,/shop/best-four-in-golf,four in golf,Golf Equipment,,GONE,,off-topic (no product pillar),0,43,0,1
shop,/shop/best-foursome-golf-regler,foursome golf regler,Golf Equipment,,GONE,,off-topic (no product pillar),0,0,0,0
shop,/shop/best-france-golf-holidays,france golf holidays,Golf Equipment,,GONE,,off-topic (no product pillar),0,0,0,0
shop,/shop/best-free-golf-fitting,free golf fitting,Golf Equipment,,GONE,,off-topic (no product pillar),0,0,0,0
shop,/shop/best-fresno-state-womens-golf,fresno state women's golf,Golf Equipment,,GONE,,local/geo intent,0,0,0,0
shop,/shop/best-front-royal-golf,front royal golf,Golf Equipment,,GONE,,off-topic (no product pillar),0,0,0,0
shop,/shop/best-fsga-golf-tournaments,fsga golf tournaments,Golf Equipment,,GONE,,local/service/event intent,0,51,0,0
shop,/shop/best-fsu-mens-golf-gear-folsom,fsu mens golf,Golf Equipment,,GONE,,off-topic (no product pillar),0,0,0,0
shop,/shop/best-funny-golf-names,funny golf names,Golf Equipment,,GONE,,novelty/off-topic,0,0,0,0
shop,/shop/best-future-masters-golf-gear,future masters golf,Golf Equipment,,GONE,,local/service/event intent,0,0,0,0
shop,/shop/best-g-pro-golf-tour,g pro golf tour,Golf Equipment,,GONE,,off-topic (no product pillar),0,0,0,0
shop,/shop/best-galloway-golf-memphis,galloway golf memphis,Golf Equipment,,GONE,,local/geo intent,0,0,0,0
shop,/shop/best-game-golf-app,game golf app,Golf Equipment,,GONE,,off-topic (no product pillar),0,16,0,0
shop,/shop/best-games-similar-to-golf,games similar to golf,Golf Equipment,,GONE,,off-topic (no product pillar),0,0,0,0
shop,/shop/best-gavin-cohen-golf,gavin cohen golf,Golf Equipment,,GONE,,off-topic (no product pillar),0,0,0,0
shop,/shop/best-genesee-valley-golf,genesee valley golf,Golf Equipment,,GONE,,off-topic (no product pillar),0,0,0,0
shop,/shop/best-gettysburg-national-golf-guide,gettysburg national golf,Golf Equipment,,GONE,,off-topic (no product pillar),0,24,0,0
shop,/shop/best-gggg-golf,gggg golf,Golf Equipment,,GONE,,off-topic (no product pillar),0,11,0,0
shop,/shop/best-ghost-golf-discount-code,ghost golf discount code,Golf Equipment,,GONE,,off-topic (no product pillar),0,0,0,0
shop,/shop/best-gimme-in-golf,gimme in golf,Golf Equipment,,GONE,,off-topic (no product pillar),0,164,0,0
shop,/shop/best-girls-golf-clothes,girls golf clothes,Golf Equipment,,GONE,,off-topic (no product pillar),0,0,0,0
shop,/shop/best-glen-annie-golf,glen annie golf,Golf Equipment,,GONE,,off-topic (no product pillar),0,0,0,0
shop,/shop/best-glow-golf-equipment,glow golf equipment,Golf Equipment,,GONE,,off-topic (no product pillar),0,21,0,0
shop,/shop/best-glow-in-the-dark-golf,glow in the dark golf,Golf Equipment,,GONE,,off-topic (no product pillar),0,0,0,0
shop,/shop/best-go-4-golf,go 4 golf,Golf Equipment,,GONE,,off-topic (no product pillar),0,0,0,0
shop,/shop/best-gold-mountian-golf-equipment,gold mountian golf,Golf Equipment,,GONE,,off-topic (no product pillar),0,0,0,0
shop,/shop/best-golf-3-mk3-shift-knob,golf 3 mk3 shift knob,Golf Equipment,,GONE,,off-topic (no product pillar),0,0,0,0
shop,/shop/best-golf-30a,golf 30a,Golf Equipment,,GONE,,off-topic (no product pillar),0,7,0,0
shop,/shop/best-golf-9-holes,golf 9 holes,Golf Equipment,,GONE,,off-topic (no product pillar),0,16,0,0
shop,/shop/best-golf-advent-calendar-2025,golf advent calendar 2025,Golf Equipment,,GONE,,off-topic (no product pillar),0,0,0,0
shop,/shop/best-golf-agronomy,golf agronomy,Golf Equipment,,GONE,,off-topic (no product pillar),0,8,0,0
shop,/shop/best-golf-ambassador-programs,golf ambassador,Golf Equipment,,GONE,,off-topic (no product pillar),0,0,1,5
shop,/shop/best-golf-and-cornhole,golf and cornhole,Golf Equipment,,GONE,,off-topic (no product pillar),0,0,0,0
shop,/shop/best-golf-and-drinking,golf and drinking,Golf Equipment,,GONE,,novelty/off-topic,0,0,0,0
shop,/shop/best-golf-anorak,golf anorak,Golf Equipment,,GONE,,off-topic (no product pillar),0,0,0,0
shop,/shop/best-golf-app-for-iphone,best golf app for iphone,Golf Equipment,,GONE,,off-topic (no product pillar),0,6,0,0
shop,/shop/best-golf-attack-angle,golf attack angle,Golf Equipment,,GONE,,off-topic (no product pillar),0,0,0,0
shop,/shop/best-golf-aw,golf aw,Golf Equipment,,GONE,,off-topic (no product pillar),0,14,0,0
shop,/shop/best-golf-back-brace,golf back brace,Golf Equipment,,GONE,,off-topic (no product pillar),0,0,0,0
shop,/shop/best-golf-backpacks,golf backpacks,Golf Equipment,,GONE,,off-topic (no product pillar),0,33,0,0
shop,/shop/best-golf-banners,golf banners,Golf Equipment,,GONE,,off-topic (no product pillar),0,63,0,0
shop,/shop/best-golf-bar-la-quinta,golf bar la quinta,Golf Equipment,,GONE,,local/service/event intent,0,6,0,0
shop,/shop/best-golf-battle-mod-apk,golf battle mod apk,Golf Equipment,,GONE,,off-topic (no product pillar),0,0,0,0
shop,/shop/best-golf-bay-area,golf bay area,Golf Equipment,,GONE,,off-topic (no product pillar),0,0,0,0
shop,/shop/best-golf-bayside-gear-guide,golf bayside,Golf Equipment,,GONE,,off-topic (no product pillar),0,0,0,0
shop,/shop/best-golf-beer-gear,golf beer,Golf Equipment,,GONE,,novelty/off-topic,0,0,0,0
shop,/shop/best-golf-betting-games,best golf betting games,Golf Equipment,,GONE,,off-topic (no product pillar),0,0,0,0
shop,/shop/best-golf-bike,golf bike,Golf Equipment,,GONE,,off-topic (no product pillar),0,12,0,0
shop,/shop/best-golf-bingo-bango-bongo,golf bingo bango bongo,Golf Equipment,,GONE,,off-topic (no product pillar),0,0,0,0
shop,/shop/best-golf-birthday-puns,golf birthday puns,Golf Equipment,,GONE,,novelty/off-topic,0,0,0,0
shop,/shop/best-golf-birthday-wishes,golf birthday wishes,Golf Equipment,,GONE,,local/service/event intent,0,0,0,0
shop,/shop/best-golf-blisters,golf blisters,Golf Equipment,,GONE,,off-topic (no product pillar),0,0,0,0
shop,/shop/best-golf-blowing-rock-nc,golf blowing rock nc,Golf Equipment,,GONE,,local/geo intent,0,0,0,0
shop,/shop/best-golf-bluetooth-speaker,golf bluetooth speaker,Golf Equipment,,GONE,,off-topic (no product pillar),0,0,0,0
shop,/shop/best-golf-board-game,golf board game,Golf Equipment,,GONE,,novelty/off-topic,0,34,0,0
shop,/shop/best-golf-bobblehead,golf bobblehead,Golf Equipment,,GONE,,off-topic (no product pillar),0,14,0,0
shop,/shop/best-golf-book,golf book,Golf Equipment,,GONE,,off-topic (no product pillar),0,7,0,0
shop,/shop/best-golf-books-of-all-time,best golf books of all time,Golf Equipment,,GONE,,off-topic (no product pillar),0,0,0,0
shop,/shop/best-golf-boots,golf boots,Golf Equipment,,GONE,,off-topic (no product pillar),0,15,0,0
shop,/shop/best-golf-bucket-list,golf bucket list,Golf Equipment,,GONE,,local/service/event intent,0,0,0,0
shop,/shop/best-golf-bump-and-run-shot,golf bump and run shot,Golf Equipment,,GONE,,off-topic (no product pillar),0,0,0,0
shop,/shop/best-golf-bunkers,golf bunkers,Golf Equipment,,GONE,,off-topic (no product pillar),0,20,0,0
shop,/shop/best-golf-bunny,golf bunny,Golf Equipment,,GONE,,off-topic (no product pillar),0,0,0,0
shop,/shop/best-golf-busse-towing,golf busse towing,Golf Equipment,,GONE,,off-topic (no product pillar),0,0,0,0
shop,/shop/best-golf-by-yourself-solo-play-guide,golf by yourself,Golf Equipment,,GONE,,off-topic (no product pillar),0,0,0,0
shop,/shop/best-golf-cage-for-backyard,golf cage for backyard,Golf Equipment,,GONE,,off-topic (no product pillar),0,0,0,0
shop,/shop/best-golf-callaway-strata,golf callaway strata,Golf Balls,,GONE,,off-topic (no product pillar),0,0,0,0
shop,/shop/best-golf-calories-burned-18-holes,golf calories burned 18 holes,Golf Equipment,,GONE,,off-topic (no product pillar),0,0,0,0
shop,/shop/best-golf-camera,golf camera,Golf Equipment,,GONE,,off-topic (no product pillar),0,24,0,0
shop,/shop/best-golf-card-drinking-game,golf card drinking game,Golf Equipment,,GONE,,novelty/off-topic,0,11,0,0
shop,/shop/best-golf-card-score,golf card score,Golf Equipment,,GONE,,off-topic (no product pillar),0,0,0,0
shop,/shop/best-golf-carpet,golf carpet,Golf Equipment,,GONE,,off-topic (no product pillar),0,40,0,0
shop,/shop/best-golf-cbd,golf cbd,Golf Equipment,,GONE,,off-topic (no product pillar),0,26,0,0
shop,/shop/best-golf-central-the-villages,golf central the villages,Golf Equipment,,GONE,,local/geo intent,0,23,0,0
shop,/shop/best-golf-channel-advertisements,golf channel advertisements,Golf Equipment,,GONE,,off-topic (no product pillar),0,0,0,0
shop,/shop/best-golf-checklist,golf checklist,Golf Equipment,,GONE,,off-topic (no product pillar),0,0,0,103
shop,/shop/best-golf-chinos,golf chinos,Golf Equipment,,GONE,,off-topic (no product pillar),0,0,0,0
shop,/shop/best-golf-chipping-game,golf chipping game,Golf Equipment,,GONE,,off-topic (no product pillar),0,40,0,0
shop,/shop/best-golf-christmas-ornament,golf christmas ornament,Golf Equipment,,GONE,,novelty/off-topic,0,0,0,0
shop,/shop/best-golf-cigar-holder,golf cigar holder,Golf Equipment,,GONE,,off-topic (no product pillar),0,0,0,0
shop,/shop/best-golf-clamp,golf clamp,Golf Equipment,,GONE,,off-topic (no product pillar),0,0,0,0
shop,/shop/best-golf-clash-cheats,golf clash cheats,Golf Equipment,,GONE,,off-topic (no product pillar),0,0,0,0
shop,/shop/best-golf-classes-chicago,golf classes chicago,Golf Equipment,,GONE,,local/service/event intent,0,39,0,0
shop,/shop/best-golf-classes-in-houston,golf classes in houston,Golf Equipment,,GONE,,local/service/event intent,0,729,0,0
shop,/shop/best-golf-clothes-kids,golf clothes for kids,Golf Equipment,,GONE,,off-topic (no product pillar),0,0,0,0
shop,/shop/best-golf-coach-jobs,golf coach jobs,Golf Equipment,,GONE,,local/service/event intent,0,0,0,0
shop,/shop/best-golf-cocktails,golf cocktails,Golf Equipment,,GONE,,off-topic (no product pillar),0,0,0,0
shop,/shop/best-golf-coffee-table-books,golf coffee table books,Golf Equipment,,GONE,,off-topic (no product pillar),0,9,0,0
shop,/shop/best-golf-collector-cards,golf collector cards,Golf Equipment,,GONE,,off-topic (no product pillar),0,0,1,3
shop,/shop/best-golf-colouring,golf colouring,Golf Equipment,,GONE,,off-topic (no product pillar),0,0,0,0
shop,/shop/best-golf-communities,best golf communities,Golf Equipment,,GONE,,local/service/event intent,0,0,0,0
shop,/shop/best-golf-communities-in-western-nc,golf communities in western nc,Golf Equipment,,GONE,,local/service/event intent,0,0,0,0
shop,/shop/best-golf-communities-orlando-fl,golf communities orlando fl,Golf Equipment,,GONE,,local/service/event intent,0,33,0,0
shop,/shop/best-golf-connect,golf connect,Golf Equipment,,GONE,,off-topic (no product pillar),0,0,0,0
shop,/shop/best-golf-coralville,golf coralville,Golf Equipment,,GONE,,off-topic (no product pillar),0,14,0,0
shop,/shop/best-golf-core,golf core,Golf Equipment,,GONE,,off-topic (no product pillar),0,50,0,0
shop,/shop/best-golf-core-exercises,golf core exercises,Golf Equipment,,GONE,,novelty/off-topic,0,0,0,0
shop,/shop/best-golf-counter-bracelet,golf counter bracelet,Golf Equipment,,GONE,,off-topic (no product pillar),0,0,0,0
shop,/shop/best-golf-crewneck,golf crewneck,Golf Equipment,,GONE,,off-topic (no product pillar),0,0,0,0
shop,/shop/best-golf-cruises-europe,golf cruises europe,Golf Equipment,,GONE,,off-topic (no product pillar),0,0,0,0
shop,/shop/best-golf-cups-and-flags,golf cups and flags,Golf Equipment,,GONE,,off-topic (no product pillar),0,0,0,0
shop,/shop/best-golf-curacao,golf curacao,Golf Equipment,,GONE,,off-topic (no product pillar),0,0,0,0
shop,/shop/best-golf-curtains,golf curtains,Golf Equipment,,GONE,,off-topic (no product pillar),0,0,0,0
shop,/shop/best-golf-dad-jokes,golf dad jokes,Golf Equipment,,GONE,,novelty/off-topic,0,0,0,0
shop,/shop/best-golf-daddy-discount-code,golf daddy discount code,Golf Equipment,,GONE,,off-topic (no product pillar),0,0,0,1
shop,/shop/best-golf-dashboard,golf dashboard,Golf Equipment,,GONE,,off-topic (no product pillar),0,0,0,0
shop,/shop/best-golf-dating-site,golf dating site,Golf Equipment,,GONE,,off-topic (no product pillar),0,0,0,0
shop,/shop/best-golf-destinations-in-february,best golf destinations in february,Golf Equipment,,GONE,,off-topic (no product pillar),0,0,0,0
shop,/shop/best-golf-dice-game,golf dice game,Golf Equipment,,GONE,,off-topic (no product pillar),0,0,0,0
shop,/shop/best-golf-discount-book,golf discount book,Golf Equipment,,GONE,,off-topic (no product pillar),0,49,1,2
shop,/shop/best-golf-district,golf district,Golf Equipment,,GONE,,off-topic (no product pillar),0,0,0,0
shop,/shop/best-golf-divit-tool,golf divit tool,Golf Equipment,,GONE,,off-topic (no product pillar),0,0,0,0
shop,/shop/best-golf-dog-names,golf dog names,Golf Equipment,,GONE,,novelty/off-topic,0,0,0,0
shop,/shop/best-golf-draw-stance,golf draw stance,Golf Equipment,,GONE,,off-topic (no product pillar),0,0,0,0
shop,/shop/best-golf-drills-at-home,golf drills at home,Golf Equipment,,GONE,,off-topic (no product pillar),0,0,0,0
shop,/shop/best-golf-driving-mats,golf driving mats,Golf Equipment,,GONE,,off-topic (no product pillar),0,0,0,0
shop,/shop/best-golf-driving-range-bolton,golf driving range bolton,Golf Equipment,,GONE,,off-topic (no product pillar),0,0,0,0
shop,/shop/best-golf-driving-range-des-plaines,golf driving range des plaines,Golf Equipment,,GONE,,off-topic (no product pillar),0,7,0,0
shop,/shop/best-golf-driving-range-equipment,golf driving range equipment,Golf Equipment,,GONE,,off-topic (no product pillar),0,59,0,0
shop,/shop/best-golf-driving-range-nets,golf driving range nets,Golf Equipment,,GONE,,off-topic (no product pillar),0,201,0,0
shop,/shop/best-golf-driving-range-rochester-ny,golf driving range rochester ny,Golf Equipment,,GONE,,local/geo intent,0,83,0,0
shop,/shop/best-golf-driving-range-stamford-ct,golf driving range stamford ct,Golf Equipment,,GONE,,local/geo intent,0,23,0,0
shop,/shop/best-golf-duck-hook,golf duck hook,Golf Equipment,,GONE,,off-topic (no product pillar),0,0,0,0
shop,/shop/best-golf-ebikes,golf ebikes,Golf Equipment,,GONE,,off-topic (no product pillar),0,0,0,0
shop,/shop/best-golf-embroidery-designs,golf embroidery designs,Golf Equipment,,GONE,,off-topic (no product pillar),0,0,0,0
shop,/shop/best-golf-enthusiast,golf enthusiast,Golf Equipment,,GONE,,off-topic (no product pillar),0,0,0,0
shop,/shop/best-golf-eureka-springs,golf eureka springs,Golf Equipment,,GONE,,off-topic (no product pillar),0,0,0,0
shop,/shop/best-golf-expo-st-charles,golf expo st charles,Golf Equipment,,GONE,,local/service/event intent,0,21,0,0
shop,/shop/best-golf-fabric-for-quilting,golf fabric for quilting,Golf Equipment,,GONE,,off-topic (no product pillar),0,0,0,0
shop,/shop/best-golf-facts,golf facts,Golf Equipment,,GONE,,off-topic (no product pillar),0,0,0,0
shop,/shop/best-golf-fedora,golf fedora,Golf Equipment,,GONE,,off-topic (no product pillar),0,0,1,1
shop,/shop/best-golf-ferrules,golf ferrules,Golf Equipment,,GONE,,off-topic (no product pillar),0,0,0,0
shop,/shop/best-golf-finger-tape,golf finger tape,Golf Equipment,,GONE,,off-topic (no product pillar),0,0,0,0
shop,/shop/best-golf-fitness-for-seniors,golf fitness for seniors,Golf Equipment,,GONE,,off-topic (no product pillar),0,0,0,0
shop,/shop/best-golf-fitness-medicine-ball,golf fitness medicine ball,Golf Equipment,,GONE,,off-topic (no product pillar),0,0,0,0
shop,/shop/best-golf-flag-and-hole-features-buying-guide,golf flag and hole,Golf Equipment,,GONE,,off-topic (no product pillar),0,6,0,0
shop,/shop/best-golf-flag-poles,golf flag poles,Golf Equipment,,GONE,,off-topic (no product pillar),0,0,1,2
shop,/shop/best-golf-flag-size,golf flag size,Golf Equipment,,GONE,,off-topic (no product pillar),0,0,0,47
shop,/shop/best-golf-flags,golf flags,Golf Equipment,,GONE,,off-topic (no product pillar),0,39,0,0
shop,/shop/best-golf-fleece,golf fleece,Golf Equipment,,GONE,,off-topic (no product pillar),0,20,0,0
shop,/shop/best-golf-flight,golf flight,Golf Equipment,,GONE,,off-topic (no product pillar),0,0,0,0
shop,/shop/best-golf-flip-flops-for-women,golf flip flops for women,Golf Equipment,,GONE,,off-topic (no product pillar),0,0,0,1
shop,/shop/best-golf-for-baseball,top golf for baseball,Golf Equipment,,GONE,,novelty/off-topic,0,0,0,0
shop,/shop/best-golf-format-shamble,golf format shamble,Golf Equipment,,GONE,,off-topic (no product pillar),0,0,0,0
shop,/shop/best-golf-framed-pictures,golf framed pictures,Golf Equipment,,GONE,,off-topic (no product pillar),0,0,0,0
shop,/shop/best-golf-fredericksburg-tx,golf fredericksburg tx,Golf Equipment,,GONE,,local/geo intent,0,10,0,0
shop,/shop/best-golf-fundraisers,top golf fundraisers,Golf Equipment,,GONE,,novelty/off-topic,0,0,0,0
shop,/shop/best-golf-game-putting,golf game putting,Golf Equipment,,GONE,,off-topic (no product pillar),0,0,0,0
shop,/shop/best-golf-garden,golf garden,Golf Equipment,,GONE,,off-topic (no product pillar),0,0,0,0
shop,/shop/best-golf-garrison,golf garrison,Golf Equipment,,GONE,,off-topic (no product pillar),0,0,0,0
shop,/shop/best-golf-goal-improve-game,golf goal,Golf Equipment,,GONE,,off-topic (no product pillar),0,0,0,0
shop,/shop/best-golf-golve,best golf golve,Golf Equipment,,GONE,,off-topic (no product pillar),0,0,0,0
shop,/shop/best-golf-good-luck-sayings,golf good luck sayings,Golf Equipment,,GONE,,novelty/off-topic,0,0,1,25
shop,/shop/best-golf-goodie-bags,golf goodie bags,Golf Equipment,,GONE,,off-topic (no product pillar),0,0,0,0
shop,/shop/best-golf-grass,golf grass,Golf Equipment,,GONE,,off-topic (no product pillar),0,25,0,0
shop,/shop/best-golf-grass-seed,golf grass seed,Golf Equipment,,GONE,,off-topic (no product pillar),0,11,0,0
shop,/shop/best-golf-green-book,golf green book,Golf Equipment,,GONE,,off-topic (no product pillar),0,23,0,0
shop,/shop/best-golf-green-equipment,golf green equipment,Golf Equipment,,GONE,,off-topic (no product pillar),0,165,0,0
shop,/shop/best-golf-green-flag,golf green flag,Golf Equipment,,GONE,,off-topic (no product pillar),0,0,0,0
shop,/shop/best-golf-green-lawn-mower,golf green lawn mower,Golf Equipment,,GONE,,off-topic (no product pillar),0,39,0,0
shop,/shop/best-golf-green-roller,golf green roller,Golf Equipment,,GONE,,off-topic (no product pillar),0,65,0,0
shop,/shop/best-golf-gripping-station,golf gripping station,Golf Equipment,,GONE,,off-topic (no product pillar),0,0,0,0
shop,/shop/best-golf-groove-sharpener,golf groove sharpener,Golf Equipment,,GONE,,off-topic (no product pillar),0,6,0,0
shop,/shop/best-golf-guanacaste-costa-rica,golf in guanacaste costa rica,Golf Equipment,,GONE,,off-topic (no product pillar),0,0,0,0
shop,/shop/best-golf-guatemala,golf guatemala,Golf Equipment,,GONE,,off-topic (no product pillar),0,0,0,0
shop,/shop/best-golf-hall-of-fame-ernie,golf hall of fame ernie,Golf Equipment,,GONE,,local/service/event intent,0,6,0,0
shop,/shop/best-golf-handbags,golf handbags,Golf Equipment,,GONE,,off-topic (no product pillar),0,8,0,0
shop,/shop/best-golf-handicap-9-hole-calculator,golf handicap 9 hole calculator,Apparel,,GONE,,off-topic (no product pillar),0,0,0,0
shop,/shop/best-golf-hanger,golf hanger,Golf Equipment,,GONE,,off-topic (no product pillar),0,20,0,0
shop,/shop/best-golf-headlines-for-yearbook,golf headlines for yearbook,Golf Equipment,,GONE,,novelty/off-topic,1,2,0,11
shop,/shop/best-golf-headwear-ladies,golf headwear ladies,Golf Equipment,,GONE,,off-topic (no product pillar),0,0,0,0
shop,/shop/best-golf-heart,golf heart,Golf Equipment,,GONE,,off-topic (no product pillar),0,0,0,0
shop,/shop/best-golf-hit-game,golf hit game,Golf Equipment,,GONE,,off-topic (no product pillar),0,0,0,0
shop,/shop/best-golf-hitting-strip-guide,golf hitting strip,Golf Equipment,,GONE,,off-topic (no product pillar),0,0,0,0
shop,/shop/best-golf-hitting-turf,golf hitting turf,Golf Equipment,,GONE,,off-topic (no product pillar),0,0,0,0
shop,/shop/best-golf-hole-cutter,golf hole cutter,Golf Equipment,,GONE,,off-topic (no product pillar),0,40,0,0
shop,/shop/best-golf-holes-in-the-world,best golf holes in the world,Golf Equipment,,GONE,,off-topic (no product pillar),0,0,0,0
shop,/shop/best-golf-holiday-in-thailand,golf holiday in thailand,Golf Equipment,,GONE,,off-topic (no product pillar),0,0,0,0
shop,/shop/best-golf-home-decor,golf home decor,Golf Equipment,,GONE,,novelty/off-topic,0,0,0,0
shop,/shop/best-golf-hook-fix,golf hook,Golf Equipment,,GONE,,off-topic (no product pillar),0,0,0,0
shop,/shop/best-golf-idioms-and-phrases,golf idioms and phrases,Golf Equipment,,GONE,,off-topic (no product pillar),0,0,0,0
shop,/shop/best-golf-impact-net,golf impact net,Golf Equipment,,GONE,,off-topic (no product pillar),0,6,0,0
shop,/shop/best-golf-improvement-center,golf improvement center,Golf Equipment,,GONE,,off-topic (no product pillar),0,0,0,0
shop,/shop/best-golf-in-abilene-tx,golf in abilene tx,Golf Equipment,,GONE,,local/geo intent,0,10,0,0
shop,/shop/best-golf-in-ames,golf in ames,Golf Equipment,,GONE,,off-topic (no product pillar),0,17,0,0
shop,/shop/best-golf-in-caribbean,best golf in caribbean,Golf Equipment,,GONE,,off-topic (no product pillar),0,30,0,0
shop,/shop/best-golf-in-chile,golf in chile,Golf Equipment,,GONE,,off-topic (no product pillar),0,0,0,0
shop,/shop/best-golf-in-danville-va,golf in danville va,Golf Equipment,,GONE,,local/geo intent,0,0,0,0
shop,/shop/best-golf-in-garage,golf in garage,Golf Equipment,,GONE,,off-topic (no product pillar),0,0,0,0
shop,/shop/best-golf-in-grenada,golf in grenada,Golf Equipment,,GONE,,off-topic (no product pillar),0,0,0,0
shop,/shop/best-golf-in-ibiza-spain,golf in ibiza spain,Golf Equipment,,GONE,,off-topic (no product pillar),0,43,0,0
shop,/shop/best-golf-in-lima-peru,golf in lima peru,Golf Equipment,,GONE,,off-topic (no product pillar),0,21,0,0
shop,/shop/best-golf-in-nantucket,golf in nantucket,Golf Equipment,,GONE,,off-topic (no product pillar),0,0,0,0
shop,/shop/best-golf-in-new-zealand,golf in new zealand,Golf Equipment,,GONE,,off-topic (no product pillar),0,0,0,0
shop,/shop/best-golf-in-oxford-ms,golf in oxford ms,Golf Equipment,,GONE,,local/geo intent,0,0,0,0
shop,/shop/best-golf-in-pool,golf in pool,Golf Equipment,,GONE,,off-topic (no product pillar),0,37,0,0
shop,/shop/best-golf-in-rome-italy,golf in rome italy,Golf Equipment,,GONE,,local/geo intent,0,0,0,0
shop,/shop/best-golf-in-st-thomas,golf in st thomas,Golf Equipment,,GONE,,off-topic (no product pillar),0,41,0,0
shop,/shop/best-golf-in-yarmouth,golf in yarmouth,Golf Equipment,,GONE,,off-topic (no product pillar),0,0,0,0
shop,/shop/best-golf-influencers,golf influencers,Golf Equipment,,GONE,,off-topic (no product pillar),0,0,0,0
shop,/shop/best-golf-ink,golf ink,Golf Equipment,,GONE,,off-topic (no product pillar),0,16,0,0
shop,/shop/best-golf-insoles,golf insoles,Golf Equipment,,GONE,,off-topic (no product pillar),0,0,0,0
shop,/shop/best-golf-instruction-books-guide,golf instruction books,Golf Equipment,,GONE,,local/service/event intent,0,0,0,0
shop,/shop/best-golf-instructors-tampa,golf instructors tampa,Golf Equipment,,GONE,,local/service/event intent,0,0,0,0
shop,/shop/best-golf-items-list,golf items list,Golf Equipment,,GONE,,off-topic (no product pillar),0,0,0,0
shop,/shop/best-golf-jewelry,golf jewelry,Golf Equipment,,GONE,,off-topic (no product pillar),0,56,0,0
shop,/shop/best-golf-jobs-florida,golf jobs in florida,Golf Equipment,,GONE,,local/service/event intent,0,0,0,0
shop,/shop/best-golf-jobs-iowa,golf jobs in iowa,Golf Equipment,,GONE,,local/service/event intent,0,0,0,0
shop,/shop/best-golf-jokes,best golf jokes,Golf Equipment,,GONE,,novelty/off-topic,0,0,0,0
shop,/shop/best-golf-jokes-one-liners,golf jokes one liners,Golf Equipment,,GONE,,novelty/off-topic,0,0,0,0
shop,/shop/best-golf-jumpers,golf jumpers,Golf Equipment,,GONE,,off-topic (no product pillar),0,37,0,0
shop,/shop/best-golf-junior-bag,golf junior bag,Golf Equipment,,GONE,,off-topic (no product pillar),0,17,0,0
shop,/shop/best-golf-junior-sets,golf junior sets,Golf Equipment,,GONE,,off-topic (no product pillar),0,0,0,0
shop,/shop/best-golf-kearney-ne,top golf kearney ne,Golf Equipment,,GONE,,novelty/off-topic,0,7,0,0
shop,/shop/best-golf-knee,golf knee,Golf Equipment,,GONE,,off-topic (no product pillar),0,6,0,0
shop,/shop/best-golf-lay-up,golf lay up,Golf Equipment,,GONE,,off-topic (no product pillar),0,0,0,0
shop,/shop/best-golf-lead-tape,golf lead tape,Golf Equipment,,GONE,,off-topic (no product pillar),0,15,0,0
shop,/shop/best-golf-league-network,golf league network,Golf Equipment,,GONE,,off-topic (no product pillar),0,18,0,0
shop,/shop/best-golf-league-tracker,golf league tracker,Golf Equipment,,GONE,,off-topic (no product pillar),0,0,0,0
shop,/shop/best-golf-legend-ernie-guide,golf legend ernie,Golf Equipment,,GONE,,off-topic (no product pillar),0,0,0,0
shop,/shop/best-golf-leggings,golf leggings,Golf Equipment,,GONE,,off-topic (no product pillar),0,0,0,0
shop,/shop/best-golf-lesson-nyc,golf lesson nyc,Golf Equipment,,GONE,,local/service/event intent,0,11,0,0
shop,/shop/best-golf-lessons-boston,golf lessons boston,Golf Equipment,,GONE,,local/service/event intent,0,9,0,0
shop,/shop/best-golf-lessons-cincinnati-ohio,golf lessons cincinnati ohio,Golf Equipment,,GONE,,local/service/event intent,0,0,0,0
shop,/shop/best-golf-lessons-des-moines,golf lessons des moines,Golf Equipment,,GONE,,local/service/event intent,0,36,0,0
shop,/shop/best-golf-lessons-for-beginners-benton-harbor,golf lessons for beginners benton harbor,Golf Equipment,,GONE,,local/service/event intent,0,764,0,0
shop,/shop/best-golf-lessons-fort-collins,golf lessons fort collins,Golf Equipment,,GONE,,local/service/event intent,0,0,0,0
shop,/shop/best-golf-lessons-greenville-sc,golf lessons greenville sc,Golf Equipment,,GONE,,local/service/event intent,0,32,0,0
shop,/shop/best-golf-lessons-indianapolis,golf lessons indianapolis,Golf Equipment,,GONE,,local/service/event intent,0,0,0,0
shop,/shop/best-golf-lessons-lexington-ky,golf lessons lexington ky,Golf Equipment,,GONE,,local/service/event intent,0,0,0,0
shop,/shop/best-golf-lessons-louisville-ky,golf lessons louisville ky,Golf Equipment,,GONE,,local/service/event intent,0,0,0,0
shop,/shop/best-golf-lessons-mckinney-tx,golf lessons mckinney tx,Golf Equipment,,GONE,,local/service/event intent,0,0,0,0
shop,/shop/best-golf-lessons-nyc,golf lessons nyc,Golf Equipment,,GONE,,local/service/event intent,0,87,0,0
shop,/shop/best-golf-lessons-omaha,golf lessons omaha,Golf Equipment,,GONE,,local/service/event intent,0,0,0,0
shop,/shop/best-golf-lessons-palm-desert,golf lessons palm desert,Golf Equipment,,GONE,,local/service/event intent,0,15,0,0
shop,/shop/best-golf-lessons-philadelphia-pa,golf lessons philadelphia pa,Golf Equipment,,GONE,,local/service/event intent,0,0,0,0
shop,/shop/best-golf-lessons-portland-oregon,golf lessons portland oregon,Golf Equipment,,GONE,,local/service/event intent,0,0,0,0
shop,/shop/best-golf-lessons-richmond-va,golf lessons richmond va,Golf Equipment,,GONE,,local/service/event intent,0,0,0,0
shop,/shop/best-golf-lessons-rockford-il,golf lessons rockford il,Golf Equipment,,GONE,,local/service/event intent,0,0,0,0
shop,/shop/best-golf-lessons-san-diego,golf lessons san diego,Golf Equipment,,GONE,,local/service/event intent,0,28,0,0
shop,/shop/best-golf-lessons-santa-barbara,golf lessons santa barbara,Golf Equipment,,GONE,,local/service/event intent,0,28,0,0
shop,/shop/best-golf-lessons-sarasota,golf lessons sarasota,Golf Equipment,,GONE,,local/service/event intent,0,0,0,0
shop,/shop/best-golf-lessons-seattle,golf lessons seattle,Golf Equipment,,GONE,,local/service/event intent,0,85,0,0
shop,/shop/best-golf-lessons-springfield-mo,golf lessons in springfield mo,Golf Equipment,,GONE,,local/service/event intent,0,0,0,0
shop,/shop/best-golf-lessons-tampa,golf lessons tampa,Golf Equipment,,GONE,,local/service/event intent,0,0,0,0
shop,/shop/best-golf-lessons-tampa-fl,golf lessons tampa fl,Golf Equipment,,GONE,,local/service/event intent,0,0,0,0
shop,/shop/best-golf-lessons-tucson,golf lessons tucson,Golf Equipment,,GONE,,local/service/event intent,0,0,0,0
shop,/shop/best-golf-lessons-vancouver-wa,golf lessons vancouver wa,Golf Equipment,,GONE,,local/service/event intent,0,0,0,0
shop,/shop/best-golf-lessons-washington-dc,golf lessons washington dc,Golf Equipment,,GONE,,local/service/event intent,0,72,0,0
shop,/shop/best-golf-lessons-wesley-chapel,golf lessons wesley chapel,Golf Equipment,,GONE,,local/service/event intent,0,0,0,0
shop,/shop/best-golf-lessons-westchester,golf lessons westchester,Golf Equipment,,GONE,,local/service/event intent,0,81,0,0
shop,/shop/best-golf-license-plate-frames,golf license plate frame,Golf Equipment,,GONE,,local/service/event intent,0,0,0,0
shop,/shop/best-golf-links-road,golf links road,Golf Equipment,,GONE,,off-topic (no product pillar),0,0,0,0
shop,/shop/best-golf-links-tucson,golf links tucson,Golf Equipment,,GONE,,local/geo intent,0,22,0,0
shop,/shop/best-golf-lockers,golf lockers,Golf Equipment,,GONE,,off-topic (no product pillar),0,159,0,0
shop,/shop/best-golf-lodge,golf lodge,Golf Equipment,,GONE,,off-topic (no product pillar),0,16,0,0
shop,/shop/best-golf-longest-day,golf longest day,Golf Equipment,,GONE,,local/service/event intent,0,0,0,0
shop,/shop/best-golf-maintenance-equipment,golf maintenance equipment,Golf Equipment,,GONE,,off-topic (no product pillar),0,0,0,0
shop,/shop/best-golf-marina,golf marina,Golf Equipment,,GONE,,off-topic (no product pillar),0,0,0,0
shop,/shop/best-golf-mart-reno,golf mart reno,Golf Equipment,,GONE,,local/geo intent,0,0,0,0
shop,/shop/best-golf-masters-sweatshirt,golf masters sweatshirt,Apparel,,GONE,,off-topic (no product pillar),0,0,0,0
shop,/shop/best-golf-mechanical,golf mechanical,Golf Equipment,,GONE,,off-topic (no product pillar),0,44,1,1
shop,/shop/best-golf-memorabilia,golf memorabilia,Golf Equipment,,GONE,,off-topic (no product pillar),0,0,0,0
shop,/shop/best-golf-mens-league,golf men's league,Golf Equipment,,GONE,,off-topic (no product pillar),0,0,0,0
shop,/shop/best-golf-merit-badge,golf merit badge,Golf Equipment,,GONE,,off-topic (no product pillar),0,0,0,0
shop,/shop/best-golf-metrics,golf metrics,Golf Equipment,,GONE,,off-topic (no product pillar),0,0,0,0
shop,/shop/best-golf-mid-amateur,golf mid amateur,Golf Equipment,,GONE,,off-topic (no product pillar),0,0,0,0
shop,/shop/best-golf-mid-layers,golf mid layers,Golf Equipment,,GONE,,off-topic (no product pillar),0,0,0,0
shop,/shop/best-golf-mill-park,golf mill park,Golf Equipment,,GONE,,off-topic (no product pillar),0,0,0,0
shop,/shop/best-golf-minocqua-wi,golf minocqua wi,Golf Equipment,,GONE,,local/geo intent,0,0,0,0
shop,/shop/best-golf-mission,golf mission,Golf Equipment,,GONE,,off-topic (no product pillar),0,0,0,0
shop,/shop/best-golf-mittens-mens,golf mittens mens,Golf Equipment,,GONE,,off-topic (no product pillar),0,0,0,0
shop,/shop/best-golf-mk3-gt,golf mk3 gt,Golf Equipment,,GONE,,off-topic (no product pillar),0,0,0,0
shop,/shop/best-golf-mock-neck,golf mock neck,Golf Equipment,,GONE,,off-topic (no product pillar),0,9,0,2
shop,/shop/best-golf-money-clip,golf money clip,Golf Equipment,,GONE,,off-topic (no product pillar),0,14,0,0
shop,/shop/best-golf-moose-north-carolina,golf moose north carolina,Golf Equipment,,GONE,,local/geo intent,0,0,0,0
shop,/shop/best-golf-motorcycles,golf motorcycles,Golf Equipment,,GONE,,off-topic (no product pillar),0,11,0,0
shop,/shop/best-golf-mouse-mat,golf mouse mat,Golf Equipment,,GONE,,off-topic (no product pillar),0,0,0,0
shop,/shop/best-golf-mug,golf mug,Golf Equipment,,GONE,,off-topic (no product pillar),0,22,0,0
shop,/shop/best-golf-names,golf names,Golf Equipment,,GONE,,novelty/off-topic,0,0,0,0
shop,/shop/best-golf-orange-ball,golf orange ball,Golf Equipment,,GONE,,off-topic (no product pillar),0,0,0,0
shop,/shop/best-golf-ornaments-christmas-personalized,golf ornaments christmas personalized,Golf Equipment,,GONE,,novelty/off-topic,0,0,0,0
shop,/shop/best-golf-outing-giveaways,golf outing giveaways,Golf Equipment,,GONE,,local/service/event intent,0,0,0,0
shop,/shop/best-golf-packages-in-pennsylvania,golf packages in pennsylvania,Golf Equipment,,GONE,,local/service/event intent,0,0,0,0
shop,/shop/best-golf-packages-wisconsin,golf packages wisconsin,Golf Equipment,,GONE,,local/service/event intent,0,0,0,0
shop,/shop/best-golf-paintings,golf paintings,Golf Equipment,,GONE,,off-topic (no product pillar),0,47,0,0
shop,/shop/best-golf-pajamas-men,golf pajamas men,Golf Equipment,,GONE,,off-topic (no product pillar),0,0,0,0
shop,/shop/best-golf-paper,golf paper,Golf Equipment,,GONE,,off-topic (no product pillar),0,26,0,0
shop,/shop/best-golf-paradise,golf paradise,Golf Equipment,,GONE,,off-topic (no product pillar),0,29,0,0
shop,/shop/best-golf-passes,golf passes,Golf Equipment,,GONE,,off-topic (no product pillar),0,0,0,0
shop,/shop/best-golf-patch,golf patch,Golf Equipment,,GONE,,off-topic (no product pillar),0,0,0,0
shop,/shop/best-golf-pegs,golf pegs,Golf Equipment,,GONE,,off-topic (no product pillar),0,30,0,0
shop,/shop/best-golf-peter-alliss,golf peter alliss,Golf Equipment,,GONE,,off-topic (no product pillar),0,7,0,1
shop,/shop/best-golf-physical-therapy,golf physical therapy,Golf Equipment,,GONE,,off-topic (no product pillar),0,57,0,0
shop,/shop/best-golf-picks-pga,golf picks pga,Golf Equipment,,GONE,,local/service/event intent,0,0,0,0
shop,/shop/best-golf-pillows,golf pillows,Golf Equipment,,GONE,,off-topic (no product pillar),0,0,0,0
shop,/shop/best-golf-pin-flag,golf pin flag,Golf Equipment,,GONE,,off-topic (no product pillar),0,0,0,0
shop,/shop/best-golf-pin-sheet,golf pin sheet,Golf Equipment,,GONE,,off-topic (no product pillar),0,0,0,1
shop,/shop/best-golf-pla,golf pla,Golf Equipment,,GONE,,off-topic (no product pillar),0,6,0,0
shop,/shop/best-golf-plates,golf plates,Golf Equipment,,GONE,,off-topic (no product pillar),0,0,0,3
shop,/shop/best-golf-playing-formats,golf playing formats,Golf Equipment,,GONE,,off-topic (no product pillar),0,0,0,0
shop,/shop/best-golf-plush-toy,golf plush toy,Golf Equipment,,GONE,,off-topic (no product pillar),0,33,0,0
shop,/shop/best-golf-poker-chips,golf poker chips,Golf Equipment,,GONE,,off-topic (no product pillar),0,0,0,0
shop,/shop/best-golf-pong,golf pong,Golf Equipment,,GONE,,off-topic (no product pillar),0,6,0,0
shop,/shop/best-golf-pool-float,golf pool float,Golf Equipment,,GONE,,off-topic (no product pillar),0,0,0,0
shop,/shop/best-golf-pouch-for-valuables,golf pouch for valuables,Golf Equipment,,GONE,,off-topic (no product pillar),0,12,0,0
shop,/shop/best-golf-presents-for-ladies,golf presents for ladies,Golf Equipment,,GONE,,novelty/off-topic,0,0,0,0
shop,/shop/best-golf-pressure-plate,golf pressure plate,Golf Equipment,,GONE,,off-topic (no product pillar),0,21,0,0
shop,/shop/best-golf-pride-careers,golf pride careers,Golf Equipment,,GONE,,local/service/event intent,0,0,0,0
shop,/shop/best-golf-pride-cp2-wrap,golf pride cp2 wrap,Golf Equipment,,GONE,,off-topic (no product pillar),0,0,0,0
shop,/shop/best-golf-pride-mcc-plus-4,golf pride mcc plus 4,Golf Equipment,,GONE,,off-topic (no product pillar),0,0,0,0
shop,/shop/best-golf-pride-tour-snsr,golf pride tour snsr,Golf Equipment,,GONE,,off-topic (no product pillar),0,0,0,0
shop,/shop/best-golf-pride-tour-velvet-cord,golf pride tour velvet cord,Golf Equipment,,GONE,,off-topic (no product pillar),0,0,0,0
shop,/shop/best-golf-pride-tour-wrap-guide,golf pride tour wrap,Golf Equipment,,GONE,,off-topic (no product pillar),0,0,0,3
shop,/shop/best-golf-prints,golf prints,Golf Equipment,,GONE,,off-topic (no product pillar),0,0,0,0
shop,/shop/best-golf-promo-products,golf promo products,Golf Equipment,,GONE,,off-topic (no product pillar),0,0,0,0
shop,/shop/best-golf-psychology-books,golf psychology books,Golf Equipment,,GONE,,off-topic (no product pillar),0,0,0,0
shop,/shop/best-golf-push,golf push,Golf Equipment,,GONE,,off-topic (no product pillar),0,0,0,0
shop,/shop/best-golf-putting-laser,golf putting laser,Golf Equipment,,GONE,,off-topic (no product pillar),0,59,0,0
shop,/shop/best-golf-q-zips,golf q zips,Golf Equipment,,GONE,,off-topic (no product pillar),0,6,0,0
shop,/shop/best-golf-quebec,golf quebec,Golf Equipment,,GONE,,off-topic (no product pillar),0,8,0,0
shop,/shop/best-golf-questions,golf questions,Golf Equipment,,GONE,,off-topic (no product pillar),0,0,1,1
shop,/shop/best-golf-questions-and-answers-trivia,golf questions and answers trivia,Golf Equipment,,GONE,,novelty/off-topic,0,0,0,0
shop,/shop/best-golf-quote,golf quote,Golf Equipment,,GONE,,novelty/off-topic,0,0,0,0
shop,/shop/best-golf-quotes-from-famous-golfers,golf quotes from famous golfers,Golf Equipment,,GONE,,novelty/off-topic,0,0,0,0
shop,/shop/best-golf-quotes-funny,golf quotes funny,Golf Equipment,,GONE,,novelty/off-topic,0,6,0,0
shop,/shop/best-golf-range-net,golf range net,Golf Equipment,,GONE,,off-topic (no product pillar),0,0,0,0
shop,/shop/best-golf-related-birthday-cards,golf related birthday cards,Golf Equipment,,GONE,,local/service/event intent,0,0,0,0
shop,/shop/best-golf-renting,golf renting,Golf Equipment,,GONE,,off-topic (no product pillar),0,0,0,0
shop,/shop/best-golf-resistance-bands,golf resistance bands,Golf Equipment,,GONE,,off-topic (no product pillar),0,0,0,0
shop,/shop/best-golf-resume,golf resume,Golf Equipment,,GONE,,off-topic (no product pillar),0,0,0,0
shop,/shop/best-golf-reverse-c,golf reverse c,Golf Equipment,,GONE,,off-topic (no product pillar),1,3,0,0
shop,/shop/best-golf-ringer,golf ringer,Golf Equipment,,GONE,,off-topic (no product pillar),0,8,0,0
shop,/shop/best-golf-round-time,golf round time,Golf Equipment,,GONE,,off-topic (no product pillar),0,0,0,0
shop,/shop/best-golf-rule-6-1-a-guide,golf rule 6.1 a,Golf Equipment,,GONE,,off-topic (no product pillar),0,0,0,2
shop,/shop/best-golf-rules-quiz,golf rules quiz,Golf Equipment,,GONE,,off-topic (no product pillar),0,0,0,0
shop,/shop/best-golf-san-clemente-ca,golf san clemente ca,Golf Equipment,,GONE,,local/geo intent,0,0,0,0
shop,/shop/best-golf-sandals,golf sandals,Golf Equipment,,GONE,,off-topic (no product pillar),0,19,0,0
shop,/shop/best-golf-sandals-womens-ladies,golf sandals womens ladies,Golf Equipment,,GONE,,off-topic (no product pillar),0,6,0,0
shop,/shop/best-golf-santa-barbara-ca,golf santa barbara ca,Golf Equipment,,GONE,,local/geo intent,0,56,0,0
shop,/shop/best-golf-score-names,golf score names,Golf Equipment,,GONE,,novelty/off-topic,0,0,1,103
shop,/shop/best-golf-scoring-sheet,golf scoring sheet,Golf Equipment,,GONE,,off-topic (no product pillar),0,272,0,0
shop,/shop/best-golf-scrambling,golf scrambling,Golf Equipment,,GONE,,off-topic (no product pillar),0,0,0,0
shop,/shop/best-golf-seat-covers,golf seat covers,Accessories,,GONE,,off-topic (no product pillar),0,0,0,0
shop,/shop/best-golf-servicing,golf servicing,Golf Equipment,,GONE,,off-topic (no product pillar),0,0,0,0
shop,/shop/best-golf-shag-bag,golf shag bag,Golf Equipment,,GONE,,off-topic (no product pillar),0,0,0,0
shop,/shop/best-golf-shanks,golf shanks,Golf Equipment,,GONE,,off-topic (no product pillar),0,0,0,0
shop,/shop/best-golf-shot-computer-hardware,golf shot computer hardware,Golf Equipment,,GONE,,off-topic (no product pillar),0,0,0,0
shop,/shop/best-golf-shot-shapes,golf shot shapes,Golf Equipment,,GONE,,off-topic (no product pillar),0,0,0,0
shop,/shop/best-golf-shoulder-exercises,golf shoulder exercises,Golf Equipment,,GONE,,novelty/off-topic,0,24,0,0
shop,/shop/best-golf-shoulder-injury,golf shoulder injury,Golf Equipment,,GONE,,novelty/off-topic,0,0,0,0
shop,/shop/best-golf-show-chicago-guide,golf show chicago,Golf Equipment,,GONE,,local/geo intent,0,0,0,0
shop,/shop/best-golf-show-novi,golf show novi,Golf Equipment,,GONE,,off-topic (no product pillar),0,0,0,0
shop,/shop/best-golf-siesta-key,golf in siesta key,Golf Equipment,,GONE,,off-topic (no product pillar),0,68,0,0
shop,/shop/best-golf-sign,golf sign,Golf Equipment,,GONE,,off-topic (no product pillar),0,0,0,0
shop,/shop/best-golf-slang,golf slang,Golf Equipment,,GONE,,off-topic (no product pillar),0,0,0,0
shop,/shop/best-golf-slogans,golf slogans,Golf Equipment,,GONE,,off-topic (no product pillar),0,0,0,0
shop,/shop/best-golf-slope-calculator,golf slope calculator,Golf Equipment,,GONE,,off-topic (no product pillar),0,0,0,0
shop,/shop/best-golf-smash-bag,golf smash bag,Golf Equipment,,GONE,,off-topic (no product pillar),0,0,0,0
shop,/shop/best-golf-snacks,best golf snacks,Golf Equipment,,GONE,,off-topic (no product pillar),0,0,0,0
shop,/shop/best-golf-speed-radar,golf speed radar,Golf Equipment,,GONE,,off-topic (no product pillar),0,0,0,0
shop,/shop/best-golf-sponsor-hole-signs,golf sponsor hole signs,Golf Equipment,,GONE,,off-topic (no product pillar),0,0,0,0
shop,/shop/best-golf-sponsor-signs,golf sponsor signs,Golf Equipment,,GONE,,off-topic (no product pillar),0,0,0,0
shop,/shop/best-golf-spring-green-wi,golf spring green wi,Golf Equipment,,GONE,,local/geo intent,0,0,0,0
shop,/shop/best-golf-st-martin,golf st martin,Golf Equipment,,GONE,,off-topic (no product pillar),0,88,0,0
shop,/shop/best-golf-st-thomas-virgin-islands,golf st thomas virgin islands,Golf Equipment,,GONE,,off-topic (no product pillar),0,0,0,0
shop,/shop/best-golf-stack-and-tilt,golf stack and tilt,Golf Equipment,,GONE,,off-topic (no product pillar),0,33,0,0
shop,/shop/best-golf-staff-bag,golf staff bag,Golf Equipment,,GONE,,off-topic (no product pillar),0,0,0,0
shop,/shop/best-golf-stance-chart,golf stance chart,Golf Equipment,,GONE,,off-topic (no product pillar),0,0,0,1
shop,/shop/best-golf-stance-feet,golf stance feet,Golf Equipment,,GONE,,off-topic (no product pillar),0,0,0,0
shop,/shop/best-golf-stance-for-beginners,golf stance for beginners,Golf Equipment,,GONE,,off-topic (no product pillar),0,0,0,0
shop,/shop/best-golf-statistics-book,golf statistics book,Golf Equipment,,GONE,,off-topic (no product pillar),0,25,0,0
shop,/shop/best-golf-statue,golf statue,Golf Equipment,,GONE,,off-topic (no product pillar),0,0,0,0
shop,/shop/best-golf-stocking-stuffers,golf stocking stuffers,Golf Equipment,,GONE,,off-topic (no product pillar),0,0,0,0
shop,/shop/best-golf-stool,golf stool,Golf Equipment,,GONE,,off-topic (no product pillar),0,22,0,0
shop,/shop/best-golf-storage-rack,golf storage rack,Golf Equipment,,GONE,,off-topic (no product pillar),0,6,0,0
shop,/shop/best-golf-store-charleston-sc,golf store charleston sc,Golf Equipment,,GONE,,local/geo intent,0,0,0,0
shop,/shop/best-golf-store-lubbock,golf store lubbock,Golf Equipment,,GONE,,local/geo intent,0,38,0,0
shop,/shop/best-golf-stores-cincinnati-ohio,golf stores in cincinnati ohio,Golf Equipment,,GONE,,local/geo intent,0,27,0,0
shop,/shop/best-golf-stores-in-amarillo-tx,golf stores in amarillo tx,Golf Equipment,,GONE,,local/geo intent,0,0,0,0
shop,/shop/best-golf-stowe-vermont,golf stowe vermont,Golf Equipment,,GONE,,local/geo intent,0,25,0,0
shop,/shop/best-golf-strata,golf strata,Golf Equipment,,GONE,,off-topic (no product pillar),0,0,0,0
shop,/shop/best-golf-strategy-guide,golf strategy,Golf Equipment,,GONE,,off-topic (no product pillar),0,0,0,0
shop,/shop/best-golf-stress-ball,golf stress ball,Golf Equipment,,GONE,,off-topic (no product pillar),0,19,0,0
shop,/shop/best-golf-stretches-for-lower-back,golf stretches for lower back,Golf Equipment,,GONE,,off-topic (no product pillar),0,11,0,0
shop,/shop/best-golf-stretching-routine,golf stretching routine,Golf Equipment,,GONE,,off-topic (no product pillar),0,0,0,1
shop,/shop/best-golf-string,golf string,Golf Equipment,,GONE,,off-topic (no product pillar),0,0,0,0
shop,/shop/best-golf-stuff-for-dad,golf stuff for dad,Golf Equipment,,GONE,,off-topic (no product pillar),0,0,0,0
shop,/shop/best-golf-sudden-death,golf sudden death,Golf Equipment,,GONE,,off-topic (no product pillar),0,9,0,0
shop,/shop/best-golf-swag-ideas,golf swag ideas,Golf Equipment,,GONE,,off-topic (no product pillar),0,0,0,0
shop,/shop/best-golf-sweatshirts,golf sweatshirts,Apparel,,GONE,,off-topic (no product pillar),0,49,0,0
shop,/shop/best-golf-swing-camera,best golf swing camera,Golf Equipment,,GONE,,off-topic (no product pillar),0,0,0,0
shop,/shop/best-golf-swing-lower-back-problems,golf swing for lower back problems,Golf Equipment,,GONE,,off-topic (no product pillar),0,0,0,0
shop,/shop/best-golf-swing-path-trainer,golf swing path trainer,Golf Equipment,,GONE,,off-topic (no product pillar),0,0,0,0
shop,/shop/best-golf-swing-sequence,golf swing sequence,Golf Equipment,,GONE,,off-topic (no product pillar),0,0,0,0
shop,/shop/best-golf-swing-weight-scale,golf swing weight scale,Golf Equipment,,GONE,,off-topic (no product pillar),0,8,0,0
shop,/shop/best-golf-tank,golf tank,Golf Equipment,,GONE,,off-topic (no product pillar),0,0,0,0
shop,/shop/best-golf-tank-tops-women,golf tank tops women,Golf Equipment,,GONE,,off-topic (no product pillar),0,0,0,0
shop,/shop/best-golf-team-names,best golf team names,Golf Equipment,,GONE,,novelty/off-topic,0,0,0,0
shop,/shop/best-golf-team-names-for-women,golf team names for women,Golf Equipment,,GONE,,novelty/off-topic,0,0,1,10
shop,/shop/best-golf-the-hammer,golf the hammer,Golf Equipment,,GONE,,off-topic (no product pillar),0,38,0,1
shop,/shop/best-golf-theme-party-ideas-decorations,golf theme party,Golf Equipment,,GONE,,local/service/event intent,0,0,0,1
shop,/shop/best-golf-tie,golf tie,Golf Equipment,,GONE,,off-topic (no product pillar),0,51,0,0
shop,/shop/best-golf-tom-weiskopf,golf tom weiskopf,Golf Equipment,,GONE,,off-topic (no product pillar),0,7,0,0
shop,/shop/best-golf-torque-wrench,golf torque wrench,Golf Equipment,,GONE,,off-topic (no product pillar),0,0,0,0
shop,/shop/best-golf-tour-sticks-drills,golf tour sticks drills,Golf Equipment,,GONE,,off-topic (no product pillar),0,8,0,0
shop,/shop/best-golf-tournament-albuquerque,golf tournament albuquerque,Golf Equipment,,GONE,,local/service/event intent,0,26,0,0
shop,/shop/best-golf-tournament-charlotte,golf tournament charlotte,Golf Equipment,,GONE,,local/service/event intent,0,0,0,0
shop,/shop/best-golf-tournament-formats,golf tournament formats,Golf Equipment,,GONE,,local/service/event intent,0,0,0,0
shop,/shop/best-golf-tournament-greenville-sc,golf tournament greenville sc,Golf Equipment,,GONE,,local/service/event intent,0,0,0,0
shop,/shop/best-golf-tournament-hilton-head,golf tournament in hilton head,Golf Equipment,,GONE,,local/service/event intent,0,0,0,0
shop,/shop/best-golf-tournament-hole-games,golf tournament hole games,Golf Equipment,,GONE,,local/service/event intent,0,0,0,0
shop,/shop/best-golf-tournament-long-island,golf tournament long island,Golf Equipment,,GONE,,local/service/event intent,0,0,0,0
shop,/shop/best-golf-tournament-los-angeles,golf tournament los angeles,Golf Equipment,,GONE,,local/service/event intent,0,0,0,0
shop,/shop/best-golf-tournament-mulligans,golf tournament mulligans,Golf Equipment,,GONE,,local/service/event intent,0,0,0,1
shop,/shop/best-golf-tournament-prizes,golf tournament prizes,Golf Equipment,,GONE,,local/service/event intent,0,23,0,1
shop,/shop/best-golf-tournament-sacramento,golf tournament sacramento,Golf Equipment,,GONE,,local/service/event intent,0,0,0,0
shop,/shop/best-golf-tournament-signs,golf tournament signs,Golf Equipment,,GONE,,local/service/event intent,0,35,0,0
shop,/shop/best-golf-tournament-sponsors-guide,golf tournament sponsors,Golf Equipment,,GONE,,local/service/event intent,0,0,1,16
shop,/shop/best-golf-tournaments-in-ohio,golf tournaments in ohio,Golf Equipment,,GONE,,local/service/event intent,0,0,0,0
shop,/shop/best-golf-tournaments-ireland,golf tournaments ireland,Golf Equipment,,GONE,,local/service/event intent,0,0,0,2
shop,/shop/best-golf-tournaments-virginia,golf tournaments in virginia,Golf Equipment,,GONE,,local/service/event intent,0,0,0,0
shop,/shop/best-golf-tracker,best golf tracker,Golf Equipment,,GONE,,off-topic (no product pillar),0,0,0,0
shop,/shop/best-golf-trail-card,golf trail card,Golf Equipment,,GONE,,off-topic (no product pillar),0,0,0,0
shop,/shop/best-golf-training-mat,golf training mat,Golf Equipment,,GONE,,off-topic (no product pillar),0,0,0,0
shop,/shop/best-golf-training-program,golf training program,Golf Equipment,,GONE,,off-topic (no product pillar),0,29,0,0
shop,/shop/best-golf-training-sticks,golf training sticks,Golf Equipment,,GONE,,off-topic (no product pillar),0,0,0,0
shop,/shop/best-golf-travel-insurance,golf travel insurance,Golf Equipment,,GONE,,local/service/event intent,0,0,0,0
shop,/shop/best-golf-trip-destinations,best golf trip destinations,Golf Equipment,,GONE,,local/service/event intent,0,0,0,0
shop,/shop/best-golf-trip-ideas,golf trip ideas,Golf Equipment,,GONE,,local/service/event intent,0,0,0,0
shop,/shop/best-golf-trip-to-scotland-st-andrews,golf trip to scotland st andrews,Golf Equipment,,GONE,,local/service/event intent,0,0,0,0
shop,/shop/best-golf-tripod-for-iphone,golf tripod for iphone,Golf Equipment,,GONE,,off-topic (no product pillar),0,0,0,0
shop,/shop/best-golf-trips-england,golf trips in england,Golf Equipment,,GONE,,local/service/event intent,0,28,0,0
shop,/shop/best-golf-trips-for-guys,best golf trips for guys,Golf Equipment,,GONE,,local/service/event intent,0,0,0,0
shop,/shop/best-golf-trips-in-the-us,best golf trips in the us,Golf Equipment,,GONE,,local/service/event intent,0,0,0,0
shop,/shop/best-golf-trips-to-spain,golf trips to spain,Golf Equipment,,GONE,,local/service/event intent,0,0,0,0
shop,/shop/best-golf-trunk-organizer,golf trunk organizer,Golf Equipment,,GONE,,off-topic (no product pillar),0,0,0,0
shop,/shop/best-golf-tube,golf tube,Golf Equipment,,GONE,,off-topic (no product pillar),0,0,0,0
shop,/shop/best-golf-turf-for-backyard,golf turf for backyard,Golf Equipment,,GONE,,off-topic (no product pillar),0,15,0,0
shop,/shop/best-golf-undershirt,golf undershirt,Apparel,,GONE,,off-topic (no product pillar),0,0,0,1
shop,/shop/best-golf-underwear,golf underwear,Golf Equipment,,GONE,,off-topic (no product pillar),0,0,0,0
shop,/shop/best-golf-vacations-for-couples,best golf vacations for couples,Golf Equipment,,GONE,,local/service/event intent,0,0,0,0
shop,/shop/best-golf-valuables-pouch-zipper,golf valuables pouch zipper,Golf Equipment,,GONE,,off-topic (no product pillar),0,0,0,0
shop,/shop/best-golf-view-condos-pigeon-forge,golf view condos pigeon forge,Golf Equipment,,GONE,,off-topic (no product pillar),0,0,0,0
shop,/shop/best-golf-villas-mauna-lani,golf villas mauna lani,Golf Equipment,,GONE,,off-topic (no product pillar),0,0,0,0
shop,/shop/best-golf-wager-games,golf wager games,Golf Equipment,,GONE,,off-topic (no product pillar),0,0,0,0
shop,/shop/best-golf-wall-art,golf wall art,Golf Equipment,,GONE,,off-topic (no product pillar),0,0,0,0
shop,/shop/best-golf-warm-up,golf warm up,Golf Equipment,,GONE,,off-topic (no product pillar),0,0,0,0
shop,/shop/best-golf-warm-up-drills,golf warm up drills,Golf Equipment,,GONE,,off-topic (no product pillar),0,0,0,0
shop,/shop/best-golf-water-bottles,golf water bottles,Golf Equipment,,GONE,,off-topic (no product pillar),0,0,0,0
shop,/shop/best-golf-wedding-favors,golf wedding favors,Golf Equipment,,GONE,,local/service/event intent,0,0,0,0
shop,/shop/best-golf-wenatchee-wa,golf wenatchee wa,Golf Equipment,,GONE,,local/geo intent,0,0,1,2
shop,/shop/best-golf-whiskey,golf whiskey,Golf Equipment,,GONE,,off-topic (no product pillar),0,13,0,0
shop,/shop/best-golf-windshirts,golf windshirts,Apparel,,GONE,,off-topic (no product pillar),0,0,0,0
shop,/shop/best-golf-winter-gear,golf winter gear,Golf Equipment,,GONE,,off-topic (no product pillar),0,0,0,0
shop,/shop/best-golf-workout-equipment,golf workout equipment,Golf Equipment,,GONE,,novelty/off-topic,0,0,1,6
shop,/shop/best-golf-workout-program-pdf,golf workout program pdf,Golf Equipment,,GONE,,novelty/off-topic,0,0,0,0
shop,/shop/best-golf-works-coupon-code,golf works coupon code,Golf Equipment,,GONE,,local/service/event intent,0,0,0,0
shop,/shop/best-golf-wrist-hinge,golf wrist hinge,Golf Equipment,,GONE,,off-topic (no product pillar),0,0,0,0
shop,/shop/best-golf-wrist-support,golf wrist support,Golf Equipment,,GONE,,off-topic (no product pillar),0,6,0,0
shop,/shop/best-golf-wrist-trainer,golf wrist trainer,Golf Equipment,,GONE,,off-topic (no product pillar),0,16,0,0
shop,/shop/best-golf-yard-games,golf yard games,Golf Equipment,,GONE,,off-topic (no product pillar),0,0,0,0
shop,/shop/best-golf-york-maine,golf york maine,Golf Equipment,,GONE,,local/geo intent,0,0,0,0
shop,/shop/best-good-golf-colleges,good golf colleges,Golf Equipment,,GONE,,off-topic (no product pillar),0,25,0,0
shop,/shop/best-good-golf-films,good golf films,Golf Equipment,,GONE,,off-topic (no product pillar),0,16,0,0
shop,/shop/best-gott-golf,gott golf,Golf Equipment,,GONE,,off-topic (no product pillar),0,0,0,0
shop,/shop/best-grand-marais-golf,grand marais golf,Golf Equipment,,GONE,,off-topic (no product pillar),0,0,0,0
shop,/shop/best-greenskeeper-golf,greenskeeper golf,Golf Equipment,,GONE,,off-topic (no product pillar),0,0,0,0
shop,/shop/best-greg-koch-golf,greg koch golf,Golf Equipment,,GONE,,off-topic (no product pillar),0,0,0,0
shop,/shop/best-grim-golf,grim golf,Golf Equipment,,GONE,,off-topic (no product pillar),0,0,0,0
shop,/shop/best-group-golf-outings,group golf outings,Golf Equipment,,GONE,,local/service/event intent,0,0,0,0
shop,/shop/best-gtd-golf-7,gtd golf 7,Golf Equipment,,GONE,,off-topic (no product pillar),0,89,0,0
shop,/shop/best-gumtree-golf,gumtree golf,Golf Equipment,,GONE,,off-topic (no product pillar),0,0,0,0
shop,/shop/best-guys-golf-trip,guys golf trip,Golf Equipment,,GONE,,local/service/event intent,0,0,0,0
shop,/shop/best-haggs-castle-golf,haggs castle golf,Golf Equipment,,GONE,,off-topic (no product pillar),0,0,0,0
shop,/shop/best-hallmark-golf-ornament,hallmark golf ornament,Golf Equipment,,GONE,,off-topic (no product pillar),0,0,0,0
shop,/shop/best-halloween-golf,halloween golf,Golf Equipment,,GONE,,novelty/off-topic,0,26,0,0
shop,/shop/best-hank-haney-golf-mckinney,hank haney golf mckinney,Golf Equipment,,GONE,,off-topic (no product pillar),0,22,0,0
shop,/shop/best-hansen-dam-golf-gear,hansen dam golf,Golf Equipment,,GONE,,local/geo intent,0,0,0,0
shop,/shop/best-hard-shell-golf-case,hard shell golf case,Golf Equipment,,GONE,,off-topic (no product pillar),0,0,0,0
shop,/shop/best-harrisville-golf-gear,harrisville golf,Golf Equipment,,GONE,,local/geo intent,0,0,0,0
shop,/shop/best-harvard-womens-golf,harvard women's golf,Golf Equipment,,GONE,,off-topic (no product pillar),0,0,0,0
shop,/shop/best-hawaii-golf-id,hawaii golf id,Golf Equipment,,GONE,,local/geo intent,0,0,0,0
shop,/shop/best-hazelton-golf,hazelton golf,Golf Equipment,,GONE,,off-topic (no product pillar),0,0,0,0
shop,/shop/best-heather-highlands-golf-mi,heather highlands golf mi,Golf Equipment,,GONE,,local/geo intent,0,0,0,0
shop,/shop/best-heathlander-golf,heathlander golf,Golf Equipment,,GONE,,off-topic (no product pillar),0,0,0,0
shop,/shop/best-heritage-golf-oneonta,heritage golf oneonta,Golf Equipment,,GONE,,off-topic (no product pillar),0,0,0,0
shop,/shop/best-high-low-golf-game,high low golf game,Golf Equipment,,GONE,,off-topic (no product pillar),0,34,0,0
shop,/shop/best-hilaman-golf-tallahassee,hilaman golf tallahassee,Golf Equipment,,GONE,,local/geo intent,0,0,0,0
shop,/shop/best-hole-in-1-golf,hole in 1 golf,Golf Equipment,,GONE,,off-topic (no product pillar),0,0,0,0
shop,/shop/best-hollydale-golf,hollydale golf,Golf Equipment,,GONE,,off-topic (no product pillar),0,0,0,0
shop,/shop/best-homestretch-golf,homestretch golf,Golf Equipment,,GONE,,off-topic (no product pillar),0,0,0,0
shop,/shop/best-hooey-golf-guide,hooey golf,Golf Equipment,,GONE,,off-topic (no product pillar),0,0,0,0
shop,/shop/best-hot-springs-village-golf,hot springs village golf,Golf Equipment,,GONE,,off-topic (no product pillar),0,0,0,0
shop,/shop/best-hotel-et-golf,hôtel et golf,Golf Equipment,,GONE,,local/service/event intent,0,0,0,0
shop,/shop/best-houston-golf-tournament-2025,houston golf tournament 2025,Golf Equipment,,GONE,,local/service/event intent,0,0,0,0
shop,/shop/best-hughes-creek-golf,hughes creek golf,Golf Equipment,,GONE,,off-topic (no product pillar),0,0,0,0
shop,/shop/best-humorous-golf-trophies,humorous golf trophies,Golf Equipment,,GONE,,novelty/off-topic,0,0,0,0
shop,/shop/best-hunting-golf,hunting golf,Golf Equipment,,GONE,,off-topic (no product pillar),0,7,0,0
shop,/shop/best-iconic-golf-holes,iconic golf holes,Golf Equipment,,GONE,,off-topic (no product pillar),0,6,0,0
shop,/shop/best-impact-bag-for-golf,impact bag for golf,Golf Equipment,,GONE,,off-topic (no product pillar),0,0,0,0
shop,/shop/best-indiana-junior-golf-tournaments,indiana junior golf tournaments,Golf Equipment,,GONE,,local/service/event intent,0,9,0,0
shop,/shop/best-indoor-golf-akron,indoor golf akron,Golf Equipment,,GONE,,local/geo intent,0,0,0,0
shop,/shop/best-indoor-golf-bend,indoor golf bend,Golf Equipment,,GONE,,off-topic (no product pillar),0,11,0,0
shop,/shop/best-indoor-golf-bolingbrook,indoor golf bolingbrook,Golf Equipment,,GONE,,local/geo intent,0,0,0,0
shop,/shop/best-indoor-golf-franchise,indoor golf franchise,Golf Equipment,,GONE,,local/service/event intent,0,54,0,0
shop,/shop/best-indoor-golf-overland-park,indoor golf overland park,Golf Equipment,,GONE,,local/geo intent,0,0,0,0
shop,/shop/best-indoor-golf-paramus-nj,indoor golf in paramus nj,Golf Equipment,,GONE,,local/geo intent,0,25,0,0
shop,/shop/best-indoor-miniature-golf-connecticut,indoor miniature golf in connecticut,Golf Equipment,,GONE,,novelty/off-topic,0,0,0,0
shop,/shop/best-infant-golf-onesies,infant golf onesies,Golf Equipment,,GONE,,off-topic (no product pillar),0,0,0,0
shop,/shop/best-inflatable-golf-training-ball,inflatable golf training ball,Golf Equipment,,GONE,,off-topic (no product pillar),0,0,0,0
shop,/shop/best-inside-left-knee-pain-from-golf,inside left knee pain from golf,Golf Equipment,,GONE,,off-topic (no product pillar),0,12,0,0
shop,/shop/best-international-city-golf,international city golf,Golf Equipment,,GONE,,off-topic (no product pillar),0,0,0,0
shop,/shop/best-international-golf-parkway-turf,international golf parkway,Golf Equipment,,GONE,,off-topic (no product pillar),0,0,0,0
shop,/shop/best-ireland-golf-trip,ireland golf trip,Golf Equipment,,GONE,,local/service/event intent,0,0,0,0
shop,/shop/best-j-lindeberg-golf-women,j lindeberg golf women,Golf Equipment,,GONE,,off-topic (no product pillar),0,0,0,0
shop,/shop/best-jack-nicklaus-golf-quotes,jack nicklaus golf quotes,Golf Equipment,,GONE,,novelty/off-topic,0,0,0,0
shop,/shop/best-jackson-herrington-golf,jackson herrington golf,Golf Equipment,,GONE,,off-topic (no product pillar),0,18,0,0
shop,/shop/best-jamestown-ri-golf,jamestown ri golf,Golf Equipment,,GONE,,off-topic (no product pillar),0,0,0,0
shop,/shop/best-jamie-sadock-golf-clothes,jamie sadock golf clothes,Golf Equipment,,GONE,,off-topic (no product pillar),0,15,0,0
shop,/shop/best-jbsa-golf,jbsa golf,Golf Equipment,,GONE,,off-topic (no product pillar),0,0,0,0
shop,/shop/best-jed-dy-golf,jed dy golf,Golf Equipment,,GONE,,off-topic (no product pillar),0,0,0,0
shop,/shop/best-john-conrad-golf,john conrad golf,Golf Equipment,,GONE,,off-topic (no product pillar),0,0,0,0
shop,/shop/best-john-daly-clothes-golf,john daly clothes golf,Golf Equipment,,GONE,,off-topic (no product pillar),0,11,0,1
shop,/shop/best-john-mcdermott-golf-guide,john mcdermott golf,Golf Equipment,,GONE,,off-topic (no product pillar),0,0,0,0
shop,/shop/best-john-prince-golf,john prince golf,Golf Equipment,,GONE,,off-topic (no product pillar),0,0,0,0
shop,/shop/best-jonathan-kaye-golf-guide,jonathan kaye golf,Golf Equipment,,GONE,,off-topic (no product pillar),0,0,0,0
shop,/shop/best-josh-gregory-golf-guide,josh gregory golf,Golf Equipment,,GONE,,off-topic (no product pillar),0,0,0,0
shop,/shop/best-jr-golf-scoreboard,jr golf scoreboard,Golf Equipment,,GONE,,off-topic (no product pillar),0,151,0,0
shop,/shop/best-junior-amateur-golf-championship,junior amateur golf championship,Golf Equipment,,GONE,,local/service/event intent,0,0,0,0
shop,/shop/best-junior-golf-alabama,junior golf alabama,Golf Equipment,,GONE,,team/celebrity/licensed,0,16,0,0
shop,/shop/best-junior-golf-championship-myrtle-beach,junior golf championship myrtle beach,Golf Equipment,,GONE,,local/service/event intent,0,0,0,0
shop,/shop/best-kansas-city-golf-expo-guide,kansas city golf expo,Golf Equipment,,GONE,,team/celebrity/licensed,0,0,0,0
shop,/shop/best-kansas-university-womens-golf-gear-guide,kansas university women's golf,Golf Equipment,,GONE,,team/celebrity/licensed,0,0,0,0
shop,/shop/best-kearney-hills-golf,kearney hills golf,Golf Equipment,,GONE,,off-topic (no product pillar),0,0,0,0
shop,/shop/best-kellogg-golf-peoria-il,kellogg golf peoria il,Golf Equipment,,GONE,,local/geo intent,0,20,0,0
shop,/shop/best-kentucky-golf-packages,kentucky golf packages,Golf Equipment,,GONE,,local/service/event intent,0,19,0,0
shop,/shop/best-kentucky-golf-trips,kentucky golf trips,Golf Equipment,,GONE,,local/service/event intent,0,8,0,0
shop,/shop/best-kentucky-junior-golf,kentucky junior golf,Golf Equipment,,GONE,,local/geo intent,0,18,0,0
shop,/shop/best-killarney-golf,killarney golf,Golf Equipment,,GONE,,off-topic (no product pillar),0,0,0,0
shop,/shop/best-kinda-hard-golf,kinda hard golf,Golf Equipment,,GONE,,off-topic (no product pillar),0,6,0,0
shop,/shop/best-kingsbury-golf,kingsbury golf,Golf Equipment,,GONE,,off-topic (no product pillar),0,0,0,0
shop,/shop/best-knickers-golf,knickers golf,Golf Equipment,,GONE,,off-topic (no product pillar),0,0,0,0
shop,/shop/best-kohler-golf-packages,best kohler golf packages,Golf Equipment,,GONE,,local/service/event intent,0,0,0,5
shop,/shop/best-kshsaa-golf,kshsaa golf,Golf Equipment,,GONE,,off-topic (no product pillar),0,0,0,0
shop,/shop/best-ladies-golf-jumper-guide,ladies golf jumper,Golf Equipment,,GONE,,off-topic (no product pillar),0,0,0,0
shop,/shop/best-ladies-golf-league,ladies golf league,Golf Equipment,,GONE,,off-topic (no product pillar),0,0,0,0
shop,/shop/best-ladies-golf-quotes,ladies golf quotes,Golf Equipment,,GONE,,novelty/off-topic,0,0,0,2
shop,/shop/best-lake-maloney-golf,lake maloney golf,Golf Equipment,,GONE,,off-topic (no product pillar),0,0,0,0
shop,/shop/best-lake-tansi-golf,lake tansi golf,Golf Equipment,,GONE,,off-topic (no product pillar),0,0,0,0
shop,/shop/best-lakeview-golf-ardmore-ok,lakeview golf ardmore ok,Golf Equipment,,GONE,,local/geo intent,0,15,0,0
shop,/shop/best-land-o-lakes-golf,land o lakes golf,Golf Equipment,,GONE,,off-topic (no product pillar),0,0,0,0
shop,/shop/best-larkin-golf-statesville-nc,larkin golf statesville nc,Golf Equipment,,GONE,,local/geo intent,0,0,0,0
shop,/shop/best-las-vegas-golf-schools,las vegas golf schools,Golf Equipment,,GONE,,local/service/event intent,0,34,0,0
shop,/shop/best-layup-golf,layup golf,Golf Equipment,,GONE,,off-topic (no product pillar),0,0,0,0
shop,/shop/best-leather-golf-covers,leather golf covers,Accessories,,GONE,,off-topic (no product pillar),0,19,0,0
shop,/shop/best-left-arm-straight-golf,left arm straight golf,Golf Equipment,,GONE,,off-topic (no product pillar),0,0,0,0
shop,/shop/best-left-thumb-pain-golf,left thumb pain golf,Golf Equipment,,GONE,,off-topic (no product pillar),0,94,0,0
shop,/shop/best-lefty-golf,lefty golf,Golf Equipment,,GONE,,off-topic (no product pillar),0,100,0,0
shop,/shop/best-legends-tour-junior-golf,legends tour junior golf,Golf Equipment,,GONE,,off-topic (no product pillar),0,16,0,0
shop,/shop/best-leonards-golf,leonards golf,Golf Equipment,,GONE,,off-topic (no product pillar),0,0,0,0
shop,/shop/best-lets-play-golf-gear,lets play golf,Golf Equipment,,GONE,,off-topic (no product pillar),0,0,0,0
shop,/shop/best-liv-golf-dallas-parking,liv golf dallas parking,Golf Equipment,,GONE,,local/service/event intent,0,0,0,0
shop,/shop/best-liv-golf-prizm,liv golf prizm,Golf Equipment,,GONE,,local/service/event intent,0,0,0,0
shop,/shop/best-lochinvar-golf-guide,lochinvar golf,Golf Equipment,,GONE,,off-topic (no product pillar),0,0,0,0
shop,/shop/best-long-beach-state-golf,long beach state golf,Golf Equipment,,GONE,,off-topic (no product pillar),0,0,0,0
shop,/shop/best-long-drive-competition-golf,long drive competition golf,Golf Equipment,,GONE,,off-topic (no product pillar),0,0,0,0
shop,/shop/best-long-sleeve-golf-top-women,long sleeve golf top women,Golf Equipment,,GONE,,off-topic (no product pillar),0,0,0,0
shop,/shop/best-lookout-mountain-golf-az,lookout mountain golf az,Golf Equipment,,GONE,,local/geo intent,0,10,0,0
shop,/shop/best-low-golf-handicap,low golf handicap,Apparel,,GONE,,off-topic (no product pillar),0,0,0,0
shop,/shop/best-lundin-golf,lundin golf,Golf Equipment,,GONE,,off-topic (no product pillar),0,0,0,0
shop,/shop/best-macy-pate-golf-equipment,macy pate golf,Golf Equipment,,GONE,,off-topic (no product pillar),0,0,0,0
shop,/shop/best-madera-muni-golf,madera muni golf,Golf Equipment,,GONE,,off-topic (no product pillar),0,0,0,0
shop,/shop/best-magnetic-golf-pouch,magnetic golf pouch,Golf Equipment,,GONE,,off-topic (no product pillar),0,0,0,0
shop,/shop/best-main-swing-golf,main swing golf,Golf Equipment,,GONE,,off-topic (no product pillar),0,0,0,0
shop,/shop/best-majestic-oaks-golf-mn,majestic oaks golf mn,Golf Equipment,,GONE,,local/geo intent,0,0,0,0
shop,/shop/best-maldives-golf,maldives golf,Golf Equipment,,GONE,,off-topic (no product pillar),0,49,0,0
shop,/shop/best-malta-golf,malta golf,Golf Equipment,,GONE,,off-topic (no product pillar),0,9,0,0
shop,/shop/best-manufacturers-golf,manufacturers golf,Golf Equipment,,GONE,,off-topic (no product pillar),0,0,0,0
shop,/shop/best-maple-hill-golf-coupon-code,maple hill golf coupon code,Golf Equipment,,GONE,,local/service/event intent,0,0,0,0
shop,/shop/best-maplegate-golf-ma,maplegate golf ma,Golf Equipment,,GONE,,local/geo intent,0,0,0,0
shop,/shop/best-marianna-butte-golf,marianna butte golf,Golf Equipment,,GONE,,off-topic (no product pillar),0,0,0,0
shop,/shop/best-marin-county-golf-class,marin county golf class,Golf Equipment,,GONE,,local/service/event intent,0,1739,0,0
shop,/shop/best-marketing-jobs-in-golf,marketing jobs in golf,Golf Equipment,,GONE,,local/service/event intent,0,0,0,0
shop,/shop/best-marshall-mens-golf-gear,marshall men's golf,Golf Equipment,,GONE,,off-topic (no product pillar),0,0,0,0
shop,/shop/best-marti-golf-center,marti golf center,Golf Equipment,,GONE,,off-topic (no product pillar),0,0,0,0
shop,/shop/best-masek-golf-guide,masek golf,Golf Equipment,,GONE,,off-topic (no product pillar),0,0,0,0
shop,/shop/best-mashie-niblick-golf,mashie niblick golf,Golf Equipment,,GONE,,off-topic (no product pillar),0,10,0,0
shop,/shop/best-mason-rudolph-golf,mason rudolph golf,Golf Equipment,,GONE,,off-topic (no product pillar),0,0,0,0
shop,/shop/best-massage-for-golf,massage for golf,Golf Equipment,,GONE,,novelty/off-topic,0,13,0,2
shop,/shop/best-masters-golf-caddies,masters golf caddies,Golf Equipment,,GONE,,local/service/event intent,0,0,0,0
shop,/shop/best-masters-golf-flag-frame,masters golf flag frame,Golf Equipment,,GONE,,local/service/event intent,0,14,0,0
shop,/shop/best-masters-golf-party,masters golf party,Golf Equipment,,GONE,,local/service/event intent,0,0,0,0
shop,/shop/best-matt-vogt-golf,matt vogt golf,Golf Equipment,,GONE,,off-topic (no product pillar),0,0,0,0
shop,/shop/best-meck-county-golf,meck county golf,Golf Equipment,,GONE,,off-topic (no product pillar),0,0,0,0
shop,/shop/best-mens-golf-bracelets,mens golf bracelets,Golf Equipment,,GONE,,off-topic (no product pillar),0,0,0,0
shop,/shop/best-mens-golf-cardigan,mens golf cardigan,Golf Equipment,,GONE,,off-topic (no product pillar),0,11,0,0
shop,/shop/best-mens-golf-joggers,mens golf joggers,Golf Equipment,,GONE,,off-topic (no product pillar),0,0,0,0
shop,/shop/best-miami-florida-golf-packages,miami florida golf packages,Golf Equipment,,GONE,,local/service/event intent,0,0,0,0
shop,/shop/best-midsouth-golf-buying-guide,midsouth golf,Golf Equipment,,GONE,,off-topic (no product pillar),0,0,0,0
shop,/shop/best-midwest-golf-getaways,midwest golf getaways,Golf Equipment,,GONE,,local/geo intent,0,0,0,0
shop,/shop/best-military-discount-golf-equipment,military discount golf equipment,Golf Equipment,,GONE,,off-topic (no product pillar),0,0,0,0
shop,/shop/best-millstone-golf,millstone golf,Golf Equipment,,GONE,,off-topic (no product pillar),0,0,0,0
shop,/shop/best-milwaukee-miniature-golf,milwaukee miniature golf,Golf Equipment,,GONE,,novelty/off-topic,0,0,0,0
shop,/shop/best-miniature-golf-east-bay,miniature golf east bay,Golf Equipment,,GONE,,novelty/off-topic,0,0,0,0
shop,/shop/best-miniature-golf-estes-park-co,miniature golf estes park co,Golf Equipment,,GONE,,novelty/off-topic,0,14,0,0
shop,/shop/best-miniature-golf-grand-rapids-mi,miniature golf grand rapids mi,Golf Equipment,,GONE,,novelty/off-topic,0,0,0,0
shop,/shop/best-miniature-golf-hole-designs,miniature golf hole designs,Golf Equipment,,GONE,,novelty/off-topic,0,0,0,0
shop,/shop/best-miniature-golf-in-ct,best miniature golf in ct,Golf Equipment,,GONE,,novelty/off-topic,0,41,0,0
shop,/shop/best-miniature-golf-in-ohio,miniature golf in ohio,Golf Equipment,,GONE,,novelty/off-topic,0,0,0,0
shop,/shop/best-miniature-golf-in-portland,miniature golf in portland,Golf Equipment,,GONE,,novelty/off-topic,0,0,0,0
shop,/shop/best-miniature-golf-longview-tx,miniature golf longview tx,Golf Equipment,,GONE,,novelty/off-topic,0,15,0,0
shop,/shop/best-miniature-golf-ocala-florida,miniature golf ocala florida,Golf Equipment,,GONE,,novelty/off-topic,0,0,0,0
shop,/shop/best-miniature-golf-palm-springs-ca,miniature golf in palm springs ca,Golf Equipment,,GONE,,novelty/off-topic,0,0,0,0
shop,/shop/best-miniature-golf-palo-alto,miniature golf palo alto,Golf Equipment,,GONE,,novelty/off-topic,0,10,0,0
shop,/shop/best-miniature-golf-panama-city-beach-fl,miniature golf panama city beach fl,Golf Equipment,,GONE,,novelty/off-topic,0,0,0,0
shop,/shop/best-miniature-golf-skokie,miniature golf skokie,Golf Equipment,,GONE,,novelty/off-topic,0,0,0,0
shop,/shop/best-miniature-golf-tulsa-oklahoma,miniature golf in tulsa oklahoma,Golf Equipment,,GONE,,team/celebrity/licensed,0,130,0,0
shop,/shop/best-miniature-golf-vancouver-wa,miniature golf vancouver wa,Golf Equipment,,GONE,,novelty/off-topic,0,10,0,0
shop,/shop/best-miniature-golf-westchester-county,miniature golf westchester county,Golf Equipment,,GONE,,novelty/off-topic,0,0,0,0
shop,/shop/best-miniature-golf-williamsburg-va,miniature golf williamsburg va,Golf Equipment,,GONE,,novelty/off-topic,0,0,0,0
shop,/shop/best-miniature-golf-wisconsin-dells,miniature golf wisconsin dells,Golf Equipment,,GONE,,novelty/off-topic,0,8,0,0
shop,/shop/best-miniature-golf-woodridge,miniature golf woodridge,Clubs & Shafts,,GONE,,novelty/off-topic,0,20,0,0
shop,/shop/best-miniature-golf-york-pa,miniature golf york pa,Golf Equipment,,GONE,,novelty/off-topic,0,33,0,0
shop,/shop/best-mister-golf,mister golf,Golf Equipment,,GONE,,off-topic (no product pillar),0,0,0,0
shop,/shop/best-mohansic-golf-ny,mohansic golf ny,Golf Equipment,,GONE,,local/geo intent,0,0,0,0
shop,/shop/best-molly-smith-golf-guide,molly smith golf,Golf Equipment,,GONE,,off-topic (no product pillar),0,0,0,0
shop,/shop/best-monte-rei-golf,monte rei golf,Golf Equipment,,GONE,,off-topic (no product pillar),0,0,0,0
shop,/shop/best-monthly-golf-box,monthly golf box,Golf Equipment,,GONE,,off-topic (no product pillar),0,0,1,1
shop,/shop/best-moorhead-mn-golf,moorhead mn golf,Golf Equipment,,GONE,,off-topic (no product pillar),0,11,0,0
shop,/shop/best-moose-ridge-golf,moose ridge golf,Golf Equipment,,GONE,,off-topic (no product pillar),0,0,0,0
shop,/shop/best-motivational-golf-quotes,motivational golf quotes,Golf Equipment,,GONE,,novelty/off-topic,0,0,0,0
shop,/shop/best-mountain-brook-golf,mountain brook golf,Golf Equipment,,GONE,,local/geo intent,0,0,0,0
shop,/shop/best-mt-adams-golf-guide,mt adams golf,Golf Equipment,,GONE,,off-topic (no product pillar),0,0,0,0
shop,/shop/best-mulder-golf,mulder golf,Golf Equipment,,GONE,,off-topic (no product pillar),0,22,0,0
shop,/shop/best-muni-golf-charleston,muni golf charleston,Golf Equipment,,GONE,,local/geo intent,0,20,0,0
shop,/shop/best-myrtlewood-palmetto-golf-myrtle-beach,myrtlewood palmetto golf myrtle beach,Clubs & Shafts,,GONE,,local/geo intent,0,0,0,0
shop,/shop/best-naia-mens-golf,naia men's golf,Golf Equipment,,GONE,,off-topic (no product pillar),0,20,0,0
shop,/shop/best-naia-womens-golf,naia womens golf,Golf Equipment,,GONE,,off-topic (no product pillar),0,9,0,0
shop,/shop/best-naiop-golf-tournament,naiop golf tournament,Golf Equipment,,GONE,,local/service/event intent,0,0,0,0
shop,/shop/best-nancy-lopez-golf-clothes,nancy lopez golf clothes,Golf Equipment,,GONE,,off-topic (no product pillar),0,0,0,1
shop,/shop/best-nathan-smith-golf,nathan smith golf,Golf Equipment,,GONE,,off-topic (no product pillar),0,0,0,0
shop,/shop/best-national-golf-lovers-day,national golf lovers day,Golf Equipment,,GONE,,off-topic (no product pillar),0,0,0,0
shop,/shop/best-national-golf-outlet,national golf outlet,Golf Equipment,,GONE,,off-topic (no product pillar),0,0,0,0
shop,/shop/best-neumann-golf,neumann golf,Golf Equipment,,GONE,,off-topic (no product pillar),0,0,0,0
shop,/shop/best-nevel-meade-golf,nevel meade golf,Golf Equipment,,GONE,,off-topic (no product pillar),0,0,0,0
shop,/shop/best-new-jersey-golf-schools,new jersey golf schools,Golf Equipment,,GONE,,local/service/event intent,0,201,1,1
shop,/shop/best-nh-golf-association-guide,nh golf association,Golf Equipment,,GONE,,local/service/event intent,0,8,0,0
shop,/shop/best-night-golf-vegas,night golf in vegas,Golf Equipment,,GONE,,local/geo intent,0,50,0,2
shop,/shop/best-nitro-ball-golf,nitro ball golf,Golf Equipment,,GONE,,off-topic (no product pillar),0,0,0,0
shop,/shop/best-nj-state-open-golf,nj state open golf,Golf Equipment,,GONE,,off-topic (no product pillar),0,0,0,0
shop,/shop/best-nk-golf,nk golf,Golf Equipment,,GONE,,off-topic (no product pillar),0,0,0,0
shop,/shop/best-noodle-golf-guide,noodle golf,Golf Equipment,,GONE,,off-topic (no product pillar),0,0,0,0
shop,/shop/best-north-carolina-golf-trip,north carolina golf trip,Golf Equipment,,GONE,,local/service/event intent,0,0,0,0
shop,/shop/best-north-woodmere-golf,north woodmere golf,Clubs & Shafts,,GONE,,off-topic (no product pillar),0,0,0,0
shop,/shop/best-northern-hills-golf,northern hills golf,Golf Equipment,,GONE,,off-topic (no product pillar),0,15,0,0
shop,/shop/best-northern-illinois-golf,northern illinois golf,Golf Equipment,,GONE,,local/geo intent,0,0,0,0
shop,/shop/best-northern-pga-junior-golf,northern pga junior golf,Golf Equipment,,GONE,,local/service/event intent,0,0,0,0
shop,/shop/best-nude-golf-pics,nude golf pics,Golf Equipment,,GONE,,off-topic (no product pillar),0,0,0,0
shop,/shop/best-nw-golf-guys-gear,nw golf guys,Golf Equipment,,GONE,,off-topic (no product pillar),0,0,0,0
shop,/shop/best-ny-state-amateur-golf-guide,ny state amateur golf,Golf Equipment,,GONE,,off-topic (no product pillar),0,21,0,0
shop,/shop/best-oakhurst-golf-michigan,oakhurst golf michigan,Golf Equipment,,GONE,,team/celebrity/licensed,0,0,0,0
shop,/shop/best-ocean-isle-golf,ocean isle golf,Golf Equipment,,GONE,,off-topic (no product pillar),0,0,0,0
shop,/shop/best-ogc-golf,ogc golf,Golf Equipment,,GONE,,off-topic (no product pillar),0,21,0,0
shop,/shop/best-ohio-golf-association,ohio golf association,Golf Equipment,,GONE,,local/service/event intent,0,19,0,0
shop,/shop/best-ohio-state-university-womens-golf,ohio state university women's golf,Golf Equipment,,GONE,,team/celebrity/licensed,0,0,0,0
shop,/shop/best-oklahoma-state-university-golf-camp,oklahoma state university golf camp,Golf Equipment,,GONE,,team/celebrity/licensed,0,0,0,0
shop,/shop/best-old-baldy-golf-wyoming,old baldy golf wyoming,Golf Equipment,,GONE,,local/geo intent,0,0,0,0
shop,/shop/best-old-macdonald-golf,old macdonald golf,Golf Equipment,,GONE,,off-topic (no product pillar),0,6,0,0
shop,/shop/best-on-the-green-indoor-golf,on the green indoor golf,Golf Equipment,,GONE,,off-topic (no product pillar),0,27,0,0
shop,/shop/best-one-length-golf-guide,one length golf,Golf Equipment,,GONE,,off-topic (no product pillar),0,7,0,0
shop,/shop/best-online-golf-lessons,online golf lessons,Golf Equipment,,GONE,,local/service/event intent,0,10,0,0
shop,/shop/best-open-stance-golf,open stance golf,Golf Equipment,,GONE,,off-topic (no product pillar),0,8,0,0
shop,/shop/best-optimist-golf,optimist golf,Golf Equipment,,GONE,,off-topic (no product pillar),0,0,0,0
shop,/shop/best-oregon-golf-trip,oregon golf trip,Golf Equipment,,GONE,,local/service/event intent,0,0,0,0
shop,/shop/best-oriole-golf-guide,oriole golf,Golf Equipment,,GONE,,off-topic (no product pillar),0,0,0,0
shop,/shop/best-osceola-golf,osceola golf,Golf Equipment,,GONE,,off-topic (no product pillar),0,0,0,0
shop,/shop/best-over-the-top-swing-fixes,over the top swing in golf,Golf Equipment,,GONE,,off-topic (no product pillar),0,0,0,0
shop,/shop/best-pac-golf,pac golf,Golf Equipment,,GONE,,off-topic (no product pillar),0,21,0,0
shop,/shop/best-palm-harbor-golf,palm harbor golf,Golf Equipment,,GONE,,off-topic (no product pillar),0,0,0,0
shop,/shop/best-palm-springs-golf-packages-stay-and-play,palm springs golf packages stay and play,Golf Equipment,,GONE,,local/service/event intent,0,67,0,0
shop,/shop/best-payne-stewart-golf-clothes,payne stewart golf clothes,Golf Equipment,,GONE,,off-topic (no product pillar),0,0,0,0
shop,/shop/best-pbq-golf-buyers-guide,pbq golf,Golf Equipment,,GONE,,off-topic (no product pillar),0,0,0,0
shop,/shop/best-pennsylvania-golf-tournaments,pennsylvania golf tournaments,Golf Equipment,,GONE,,local/service/event intent,0,52,0,0
shop,/shop/best-pennsylvania-golf-trips,pennsylvania golf trips,Golf Equipment,,GONE,,local/service/event intent,0,0,0,0
shop,/shop/best-performance-golf-log-in,performance golf log in,Golf Equipment,,GONE,,local/geo intent,0,0,0,0
shop,/shop/best-personalised-golf-items,personalised golf items,Golf Equipment,,GONE,,off-topic (no product pillar),0,0,0,0
shop,/shop/best-pga-golf-cut-line,pga golf cut line,Golf Equipment,,GONE,,local/service/event intent,0,0,0,0
shop,/shop/best-pga-golf-weather,pga golf weather,Golf Equipment,,GONE,,local/service/event intent,0,0,0,0
shop,/shop/best-pgx-golf-guide,pgx golf,Golf Equipment,,GONE,,off-topic (no product pillar),0,18,2,3
shop,/shop/best-phoenix-arizona-golf-specials,phoenix arizona golf specials,Golf Equipment,,GONE,,local/geo intent,0,0,0,0
shop,/shop/best-phoenix-golf-card,phoenix golf card,Golf Equipment,,GONE,,local/geo intent,0,0,1,9
shop,/shop/best-pink-golf-items,pink golf items,Golf Equipment,,GONE,,off-topic (no product pillar),0,7,0,0
shop,/shop/best-pinned-golf-the-caddie,pinned golf the caddie,Golf Equipment,,GONE,,off-topic (no product pillar),0,0,0,0
shop,/shop/best-plus-golf-handicap,plus golf handicap,Apparel,,GONE,,off-topic (no product pillar),0,0,0,0
shop,/shop/best-plus-size-golf-clothes,plus size golf clothes,Golf Equipment,,GONE,,off-topic (no product pillar),0,35,0,0
shop,/shop/best-points-in-golf-game,points in golf game,Golf Equipment,,GONE,,off-topic (no product pillar),0,0,0,0
shop,/shop/best-pole-in-golf,pole in golf,Golf Equipment,,GONE,,off-topic (no product pillar),0,0,0,2
shop,/shop/best-pom-pom-golf-covers,pom pom golf covers,Accessories,,GONE,,off-topic (no product pillar),0,8,0,0
shop,/shop/best-portland-oregon-golf-tournaments,portland oregon golf tournaments,Golf Equipment,,GONE,,local/service/event intent,0,42,0,0
shop,/shop/best-practice-golf-swing,practice golf swing,Golf Equipment,,GONE,,off-topic (no product pillar),0,0,0,0
shop,/shop/best-premarital-agreement-lawyer-golf,premarital agreement lawyer golf,Golf Equipment,,GONE,,local/service/event intent,0,0,0,0
shop,/shop/best-president-posthumously-golf-hall-of-fame,president posthumously golf hall of fame,Golf Equipment,,GONE,,local/service/event intent,0,0,0,0
shop,/shop/best-press-in-golf,press in golf,Golf Equipment,,GONE,,off-topic (no product pillar),0,8,0,0
shop,/shop/best-preston-west-golf,preston west golf,Golf Equipment,,GONE,,off-topic (no product pillar),0,0,0,0
shop,/shop/best-prgr-golf-thailand,prgr golf thailand,Golf Equipment,,GONE,,off-topic (no product pillar),0,0,0,0
shop,/shop/best-printable-golf-card-game-rules,printable golf card game rules,Golf Equipment,,GONE,,off-topic (no product pillar),0,0,0,0
shop,/shop/best-prizm-golf-lenses,prizm golf lenses,Golf Equipment,,GONE,,off-topic (no product pillar),0,0,0,0
shop,/shop/best-pro-golf-discount-tacoma,pro golf discount tacoma,Golf Equipment,,GONE,,off-topic (no product pillar),0,0,0,0
shop,/shop/best-pro-golf-tacoma-washington,pro golf tacoma washington,Golf Equipment,,GONE,,off-topic (no product pillar),0,39,0,0
shop,/shop/best-pro-link-golf-buying-guide,pro link golf,Golf Equipment,,GONE,,off-topic (no product pillar),0,0,0,0
shop,/shop/best-public-golf-driving-ranges,public golf driving ranges,Golf Equipment,,GONE,,off-topic (no product pillar),0,0,0,0
shop,/shop/best-punderson-golf-guide,punderson golf,Golf Equipment,,GONE,,off-topic (no product pillar),0,0,0,0
shop,/shop/best-pure-strike-golf,pure strike golf,Golf Equipment,,GONE,,off-topic (no product pillar),0,18,0,0
shop,/shop/best-purple-sage-golf-idaho,purple sage golf idaho,Golf Equipment,,GONE,,local/geo intent,0,0,0,0
shop,/shop/best-putt-putt-golf-destin-fl,putt putt golf destin fl,Golf Equipment,,GONE,,novelty/off-topic,0,0,0,0
shop,/shop/best-putt-putt-golf-durham-nc,putt putt golf durham nc,Golf Equipment,,GONE,,novelty/off-topic,0,7,1,7
shop,/shop/best-putt-putt-golf-hilton-head-sc,putt putt golf hilton head sc,Golf Equipment,,GONE,,novelty/off-topic,0,0,0,0
shop,/shop/best-putt-putt-golf-vero-beach,putt putt golf vero beach,Golf Equipment,,GONE,,novelty/off-topic,0,0,0,0
shop,/shop/best-putt-putt-golf-williamsburg-va,putt putt golf williamsburg va,Golf Equipment,,GONE,,novelty/off-topic,0,7,0,0
shop,/shop/best-putt-putt-golf-winston-salem-nc,putt putt golf winston salem nc,Golf Equipment,,GONE,,novelty/off-topic,0,0,0,0
shop,/shop/best-putt-well-golf,putt well golf,Golf Equipment,,GONE,,off-topic (no product pillar),0,10,0,0
shop,/shop/best-quinn-riley-golf,quinn riley golf,Golf Equipment,,GONE,,off-topic (no product pillar),0,9,0,0
shop,/shop/best-quota-game-golf,quota game golf,Golf Equipment,,GONE,,off-topic (no product pillar),0,0,0,0
shop,/shop/best-radio-in-golf,radio in golf,Golf Equipment,,GONE,,off-topic (no product pillar),0,0,0,0
shop,/shop/best-rated-golf-brands,top rated golf brands,Golf Equipment,,GONE,,off-topic (no product pillar),0,0,0,16
shop,/shop/best-rawhide-golf,rawhide golf,Golf Equipment,,GONE,,off-topic (no product pillar),0,41,0,3
shop,/shop/best-redlands-golf,redlands golf,Golf Equipment,,GONE,,off-topic (no product pillar),0,0,0,0
shop,/shop/best-rehoboth-beach-miniature-golf,rehoboth beach miniature golf,Golf Equipment,,GONE,,novelty/off-topic,0,0,0,0
shop,/shop/best-remote-golf-jobs,remote golf jobs,Golf Equipment,,GONE,,local/service/event intent,0,0,0,0
shop,/shop/best-ret-golf,ret golf,Golf Equipment,,GONE,,off-topic (no product pillar),0,0,0,0
shop,/shop/best-retirement-golf-communities-north-carolina,best retirement golf communities in north carolina,Golf Equipment,,GONE,,local/service/event intent,0,0,0,0
shop,/shop/best-rhone-golf-women,rhone golf women,Golf Equipment,,GONE,,off-topic (no product pillar),0,5,0,0
shop,/shop/best-richard-teder-golf-buyers-guide,richard teder golf,Golf Equipment,,GONE,,off-topic (no product pillar),0,0,0,0
shop,/shop/best-robinson-ranch-golf,robinson ranch golf,Golf Equipment,,GONE,,off-topic (no product pillar),0,0,0,0
shop,/shop/best-roger-dunn-golf-lankershim,roger dunn golf lankershim,Golf Equipment,,GONE,,off-topic (no product pillar),0,0,0,0
shop,/shop/best-rotation-golf-drills,rotation golf drills,Golf Equipment,,GONE,,off-topic (no product pillar),0,40,0,0
shop,/shop/best-ruidoso-nm-golf,ruidoso nm golf,Golf Equipment,,GONE,,off-topic (no product pillar),0,11,0,0
shop,/shop/best-safari-golf-myrtle-beach,safari golf myrtle beach,Golf Equipment,,GONE,,local/geo intent,0,73,0,0
shop,/shop/best-sammons-golf-guide,sammons golf,Golf Equipment,,GONE,,off-topic (no product pillar),0,0,0,0
shop,/shop/best-san-rafael-golf-school,san rafael golf school,Golf Equipment,,GONE,,local/service/event intent,0,1050,0,0
shop,/shop/best-sandbagging-golf,sandbagging golf,Golf Equipment,,GONE,,off-topic (no product pillar),0,34,0,0
shop,/shop/best-sara-brown-golf,sara brown golf,Golf Equipment,,GONE,,off-topic (no product pillar),0,0,0,0
shop,/shop/best-sarasota-national-golf-guide,sarasota national golf,Golf Equipment,,GONE,,local/geo intent,0,0,0,0
shop,/shop/best-scherwood-golf-indiana,scherwood golf indiana,Clubs & Shafts,,GONE,,local/geo intent,0,9,0,0
shop,/shop/best-score-in-golf-ever,best score in golf ever,Golf Equipment,,GONE,,off-topic (no product pillar),0,0,0,0
shop,/shop/best-scotland-golf-map,scotland golf map,Golf Equipment,,GONE,,local/geo intent,0,0,1,2
shop,/shop/best-scramble-golf-format,scramble golf format,Golf Equipment,,GONE,,off-topic (no product pillar),0,0,0,0
shop,/shop/best-senior-golf-league,senior golf league,Golf Equipment,,GONE,,off-topic (no product pillar),0,8,0,0
shop,/shop/best-shark-logo-golf,shark logo golf,Golf Equipment,,GONE,,novelty/off-topic,0,11,0,0
shop,/shop/best-sifford-golf,sifford golf,Golf Equipment,,GONE,,off-topic (no product pillar),0,0,0,0
shop,/shop/best-simple-golf-cake,simple golf cake,Golf Equipment,,GONE,,novelty/off-topic,0,0,1,4
shop,/shop/best-skb-golf-case,skb golf case,Golf Equipment,,GONE,,off-topic (no product pillar),0,6,0,0
shop,/shop/best-slow-golf-play,slow golf play,Golf Equipment,,GONE,,off-topic (no product pillar),0,0,0,0
shop,/shop/best-smash-factor-golf,smash factor golf,Golf Equipment,,GONE,,off-topic (no product pillar),0,0,0,0
shop,/shop/best-smoked-golf,smoked golf,Golf Equipment,,GONE,,off-topic (no product pillar),0,0,0,0
shop,/shop/best-sore-hands-from-golf,sore hands from golf,Golf Equipment,,GONE,,off-topic (no product pillar),0,0,0,0
shop,/shop/best-south-florida-golf-pass,south florida golf pass,Golf Equipment,,GONE,,local/geo intent,0,29,0,1
shop,/shop/best-southside-golf,southside golf,Golf Equipment,,GONE,,off-topic (no product pillar),0,0,0,0
shop,/shop/best-speed-training-golf,speed training golf,Golf Equipment,,GONE,,off-topic (no product pillar),0,0,0,0
shop,/shop/best-spokes-golf,spokes golf,Golf Equipment,,GONE,,off-topic (no product pillar),0,0,0,0
shop,/shop/best-st-stanislaus-golf,st stanislaus golf,Golf Equipment,,GONE,,off-topic (no product pillar),0,0,0,0
shop,/shop/best-stacked-golf-store,stacked golf store,Golf Equipment,,GONE,,off-topic (no product pillar),0,0,0,0
shop,/shop/best-stadium-golf-guide,stadium golf,Golf Equipment,,GONE,,off-topic (no product pillar),0,0,0,0
shop,/shop/best-stansbury-golf,stansbury golf,Golf Equipment,,GONE,,off-topic (no product pillar),0,0,0,0
shop,/shop/best-stay-and-play-golf-packages-midwest,stay and play golf packages midwest,Golf Equipment,,GONE,,local/service/event intent,0,0,3,10
shop,/shop/best-stay-and-play-golf-packages-texas,stay and play golf packages texas,Golf Equipment,,GONE,,local/service/event intent,0,0,0,0
shop,/shop/best-steering-wheel-golf-4,steering wheel golf 4,Accessories,,GONE,,off-topic (no product pillar),0,7,0,1
shop,/shop/best-steve-scott-golf,steve scott golf,Golf Equipment,,GONE,,off-topic (no product pillar),0,0,0,0
shop,/shop/best-stoneleigh-golf,stoneleigh golf,Golf Equipment,,GONE,,off-topic (no product pillar),0,6,0,0
shop,/shop/best-strata-golf-kit,strata golf kit,Golf Equipment,,GONE,,off-topic (no product pillar),0,0,0,0
shop,/shop/best-studio-golf-san-diego,studio golf san diego,Golf Equipment,,GONE,,local/geo intent,0,25,0,0
shop,/shop/best-suncoast-golf,suncoast golf,Golf Equipment,,GONE,,off-topic (no product pillar),0,0,0,0
shop,/shop/best-takomo-golf-discount-codes,takomo golf discount codes,Golf Equipment,,GONE,,off-topic (no product pillar),0,0,0,0
shop,/shop/best-takomo-golf-promo-code,takomo golf promo code,Golf Equipment,,GONE,,off-topic (no product pillar),0,0,0,0
shop,/shop/best-tallgrass-golf-ny,tallgrass golf ny,Golf Equipment,,GONE,,local/geo intent,0,0,0,0
shop,/shop/best-tanyard-golf-louisa-va,tanyard golf louisa va,Golf Equipment,,GONE,,local/geo intent,0,0,0,0
shop,/shop/best-tempo-in-golf-swing,tempo in golf swing,Golf Equipment,,GONE,,off-topic (no product pillar),0,0,0,0
shop,/shop/best-texas-amatuer-golf,texas amatuer golf,Golf Equipment,,GONE,,local/geo intent,0,0,0,0
shop,/shop/best-texas-golf-scramble,texas golf scramble,Golf Equipment,,GONE,,local/geo intent,0,0,0,0
shop,/shop/best-the-golf-auction,the golf auction,Golf Equipment,,GONE,,off-topic (no product pillar),0,0,0,0
shop,/shop/best-the-hanger-golf-aid,the hanger golf aid,Golf Equipment,,GONE,,off-topic (no product pillar),0,0,0,0
shop,/shop/best-the-nottinghamshire-golf,the nottinghamshire golf,Golf Equipment,,GONE,,off-topic (no product pillar),0,0,0,0
shop,/shop/best-the-oaks-golf-links,the oaks golf links,Golf Equipment,,GONE,,off-topic (no product pillar),0,0,0,0
shop,/shop/best-thin-shots-in-golf,thin shots in golf,Golf Equipment,,GONE,,off-topic (no product pillar),0,0,0,0
shop,/shop/best-time-to-golf-in-scotland,best time to golf in scotland,Golf Equipment,,GONE,,local/geo intent,0,0,0,1
shop,/shop/best-touchet-performance-golf,touchet performance golf,Golf Equipment,,GONE,,off-topic (no product pillar),0,0,0,0
shop,/shop/best-tour-of-boston-golf,tour of boston golf,Golf Equipment,,GONE,,local/geo intent,0,0,0,0
shop,/shop/best-tremont-golf-guide,tremont golf,Golf Equipment,,GONE,,off-topic (no product pillar),0,6,0,5
shop,/shop/best-trent-jones-trail-golf-packages,trent jones trail golf packages,Golf Equipment,,GONE,,local/service/event intent,0,0,0,0
shop,/shop/best-trigger-finger-golf,trigger finger golf,Golf Equipment,,GONE,,novelty/off-topic,0,14,0,0
shop,/shop/best-turf-mats-for-golf,turf mats for golf,Golf Equipment,,GONE,,off-topic (no product pillar),0,7,0,0
shop,/shop/best-turkeyfoot-golf-guide-turkeyfoot-golf-links,turkeyfoot golf,Golf Equipment,,GONE,,off-topic (no product pillar),0,0,0,0
shop,/shop/best-turlock-golf,turlock golf,Golf Equipment,,GONE,,off-topic (no product pillar),0,0,0,0
shop,/shop/best-turnamen-golf,turnamen golf,Golf Equipment,,GONE,,off-topic (no product pillar),0,8,0,0
shop,/shop/best-twilight-golf-league,twilight golf league,Golf Equipment,,GONE,,off-topic (no product pillar),0,0,0,0
shop,/shop/best-tybee-island-golf,tybee island golf,Golf Equipment,,GONE,,off-topic (no product pillar),0,0,0,0
shop,/shop/best-uinta-golf-sandy,uinta golf sandy,Golf Equipment,,GONE,,off-topic (no product pillar),0,0,0,0
shop,/shop/best-unf-golf-gear,unf golf,Golf Equipment,,GONE,,off-topic (no product pillar),0,0,0,0
shop,/shop/best-unf-womens-golf,unf women's golf,Golf Equipment,,GONE,,off-topic (no product pillar),0,0,0,0
shop,/shop/best-up-and-down-in-golf,up and down in golf,Golf Equipment,,GONE,,off-topic (no product pillar),0,0,0,0
shop,/shop/best-us-open-golf-clothes,us open golf clothes,Golf Equipment,,GONE,,local/service/event intent,0,0,0,0
shop,/shop/best-us-open-golf-merchandise,us open golf merchandise,Golf Equipment,,GONE,,local/service/event intent,0,0,2,5
shop,/shop/best-usga-golf-jobs,usga golf jobs,Golf Equipment,,GONE,,local/service/event intent,0,0,0,0
shop,/shop/best-uskg-golf-tournaments,uskg golf tournaments,Golf Equipment,,GONE,,local/service/event intent,0,0,0,0
shop,/shop/best-usmc-golf-gear,usmc golf,Golf Equipment,,GONE,,team/celebrity/licensed,0,13,0,0
shop,/shop/best-utah-tech-golf,utah tech golf,Golf Equipment,,GONE,,local/geo intent,0,0,0,0
shop,/shop/best-vacation-rentals-golf-included,vacation rentals with golf included,Golf Equipment,,GONE,,local/service/event intent,0,0,0,0
shop,/shop/best-veenker-golf,veenker golf,Golf Equipment,,GONE,,off-topic (no product pillar),0,0,0,0
shop,/shop/best-vice-golf-com,vice golf com,Golf Equipment,,GONE,,off-topic (no product pillar),0,0,0,0
shop,/shop/best-vineyard-vines-golf-womens,vineyard vines golf womens,Golf Equipment,,GONE,,off-topic (no product pillar),0,5,1,1
shop,/shop/best-vineyards-golf-nj,vineyards golf nj,Golf Equipment,,GONE,,local/geo intent,0,9,0,0
shop,/shop/best-vintage-golf-posters,vintage golf posters,Golf Equipment,,GONE,,off-topic (no product pillar),0,14,0,0
shop,/shop/best-virtual-golf-houston,virtual golf houston,Golf Equipment,,GONE,,local/geo intent,0,0,0,0
shop,/shop/best-wa-golf-tournaments,wa golf tournaments,Golf Equipment,,GONE,,local/service/event intent,0,8,0,0
shop,/shop/best-waac-golf,waac golf,Golf Equipment,,GONE,,off-topic (no product pillar),0,7,0,0
shop,/shop/best-warm-golf-clothes,warm golf clothes,Golf Equipment,,GONE,,off-topic (no product pillar),0,5,0,0
shop,/shop/best-washington-golf-tournaments,washington golf tournaments,Golf Equipment,,GONE,,local/service/event intent,0,24,0,0
shop,/shop/best-water-hazard-golf-drink,water hazard golf drink,Golf Equipment,,GONE,,off-topic (no product pillar),0,0,0,0
shop,/shop/best-watson-golf-hanger,watson golf hanger,Golf Equipment,,GONE,,off-topic (no product pillar),0,0,0,0
shop,/shop/best-weekend-golf-trips-michigan,weekend golf trips michigan,Golf Equipment,,GONE,,team/celebrity/licensed,0,0,0,0
shop,/shop/best-weights-for-golf-buying-guide,weights for golf,Golf Equipment,,GONE,,off-topic (no product pillar),0,0,0,1
shop,/shop/best-what-to-wear-to-golf-tournament,what to wear to golf tournament,Apparel,,GONE,,local/service/event intent,0,0,0,0
shop,/shop/best-wheelchair-golf-guide,wheelchair golf,Golf Equipment,,GONE,,off-topic (no product pillar),0,0,1,11
shop,/shop/best-whitnall-golf,whitnall golf,Golf Equipment,,GONE,,off-topic (no product pillar),0,0,0,0
shop,/shop/best-wicomico-shores-golf,wicomico shores golf,Golf Equipment,,GONE,,off-topic (no product pillar),0,0,0,0
shop,/shop/best-willies-golf,willie's golf,Golf Equipment,,GONE,,off-topic (no product pillar),0,8,0,0
shop,/shop/best-willow-ridge-golf-gear-equipment,willow ridge golf,Golf Equipment,,GONE,,off-topic (no product pillar),0,0,0,0
shop,/shop/best-winter-golf-clothes-for-men,winter golf clothes for men,Golf Equipment,,GONE,,off-topic (no product pillar),0,98,0,0
shop,/shop/best-winter-golf-destinations,best winter golf destinations,Golf Equipment,,GONE,,off-topic (no product pillar),0,0,0,0
shop,/shop/best-wisconsin-indoor-golf,wisconsin indoor golf,Golf Equipment,,GONE,,local/geo intent,0,6,0,0
shop,/shop/best-wisconsin-junior-golf-tournaments,wisconsin junior golf tournaments,Golf Equipment,,GONE,,local/service/event intent,0,29,0,1
shop,/shop/best-wisconsin-stay-and-play-golf-packages,wisconsin stay and play golf packages,Golf Equipment,,GONE,,local/service/event intent,0,14,0,0
shop,/shop/best-womens-golf-clinics,womens golf clinics,Golf Equipment,,GONE,,local/service/event intent,0,0,0,0
shop,/shop/best-womens-golf-lessons,womens golf lessons,Golf Equipment,,GONE,,local/service/event intent,0,20,0,0
shop,/shop/best-womens-golf-slacks,women's golf slacks,Golf Equipment,,GONE,,off-topic (no product pillar),0,0,0,0
shop,/shop/best-womens-golf-tank,womens golf tank,Golf Equipment,,GONE,,off-topic (no product pillar),0,0,0,1
shop,/shop/best-womens-winter-golf-clothes,women's winter golf clothes,Golf Equipment,,GONE,,off-topic (no product pillar),0,26,0,6
shop,/shop/best-world-golf-links,world golf links,Golf Equipment,,GONE,,off-topic (no product pillar),0,0,0,0
shop,/shop/best-x-golf-food-menu,x golf food menu,Golf Equipment,,GONE,,off-topic (no product pillar),0,15,0,0
shop,/shop/best-xfactor-golf-gear,xfactor golf,Golf Equipment,,GONE,,off-topic (no product pillar),0,0,0,0
shop,/shop/best-yardage-book-golf,yardage book golf,Golf Equipment,,GONE,,off-topic (no product pillar),0,8,0,0
shop,/shop/best-yellow-stake-golf,yellow stake golf,Golf Equipment,,GONE,,off-topic (no product pillar),0,0,0,0
shop,/shop/best-yes-golf-guide,yes golf,Golf Equipment,,GONE,,off-topic (no product pillar),0,0,0,0
shop,/shop/best-yoga-for-golf,yoga for golf,Golf Equipment,,GONE,,off-topic (no product pillar),0,0,0,0
shop,/shop/best-yorkville-golf,yorkville golf,Golf Equipment,,GONE,,off-topic (no product pillar),0,0,0,0
shop,/shop/best-young-life-golf-tournament-2025,young life golf tournament 2025,Golf Equipment,,GONE,,local/service/event intent,0,0,0,0
shop,/shop/best-zero-restriction-golf,zero restriction golf,Golf Equipment,,GONE,,off-topic (no product pillar),0,40,0,0
shop,/shop/bible-verses-for-golf,bible verses for golf,Golf Equipment,,GONE,,off-topic (no product pillar),0,0,0,0
shop,/shop/bigshots-golf-st-george-guide,bigshots golf st george,Golf Equipment,,GONE,,off-topic (no product pillar),0,10,0,0
shop,/shop/billiard-golf-guide,billiard golf,Golf Equipment,,GONE,,off-topic (no product pillar),0,0,0,0
shop,/shop/bobby-jones-golf-lessons,bobby jones golf lessons,Golf Equipment,,GONE,,local/service/event intent,0,0,0,0
shop,/shop/break-80-golf,break 80 golf,Golf Equipment,,GONE,,off-topic (no product pillar),0,0,0,0
shop,/shop/breaking-100-in-golf-guide,breaking 100 in golf,Golf Equipment,,GONE,,off-topic (no product pillar),0,0,0,0
shop,/shop/brendan-doyle-golf-guide,brendan doyle golf,Golf Equipment,,GONE,,off-topic (no product pillar),0,0,0,0
shop,/shop/broken-bow-golf,broken bow golf,Golf Equipment,,GONE,,off-topic (no product pillar),0,0,0,0
shop,/shop/brooktree-golf-buyers-guide,brooktree golf,Golf Equipment,,GONE,,off-topic (no product pillar),0,0,0,0
shop,/shop/buckridge-golf-performance-value,buckridge golf,Golf Equipment,,GONE,,off-topic (no product pillar),0,0,0,0
shop,/shop/butler-national-golf,butler national golf,Golf Equipment,,GONE,,off-topic (no product pillar),0,0,0,0
shop,/shop/calcutta-golf-tournament,calcutta golf tournament,Golf Equipment,,GONE,,local/service/event intent,0,0,0,0
shop,/shop/callaway-golf-diablo-review,callaway golf diablo,Golf Balls,,GONE,,off-topic (no product pillar),0,78,0,0
shop,/shop/can-i-play-golf-3-days-after-cataract-surgery,can i play golf 3 days after cataract surgery,Golf Equipment,,GONE,,off-topic (no product pillar),0,0,0,1
shop,/shop/can-you-golf-while-pregnant,can you golf while pregnant,Golf Equipment,,GONE,,off-topic (no product pillar),0,0,0,0
shop,/shop/carros-de-golf-en-venta,carros de golf en venta,Golf Equipment,,GONE,,non-English,0,0,0,0
shop,/shop/century-golf-partners,century golf partners,Golf Equipment,,GONE,,off-topic (no product pillar),0,0,0,0
shop,/shop/chapman-scoring-golf-guide,chapman scoring golf,Golf Equipment,,GONE,,off-topic (no product pillar),0,0,0,0
shop,/shop/christian-dimarco-golf-guide,christian dimarco golf,Golf Equipment,,GONE,,off-topic (no product pillar),0,0,0,0
shop,/shop/cleveland-golf-588-review,cleveland golf 588,Golf Equipment,,GONE,,local/geo intent,0,25,1,17
shop,/shop/cloverleaf-golf-pa-guide,cloverleaf golf pa,Golf Equipment,,GONE,,local/geo intent,0,24,0,0
shop,/shop/cobra-golf-bio-cell-review,cobra golf bio cell,Golf Equipment,,GONE,,off-topic (no product pillar),0,15,0,5
shop,/shop/common-golf-injuries,common golf injuries,Golf Equipment,,GONE,,novelty/off-topic,0,0,0,0
shop,/shop/coors-light-golf-gear,coors light golf,Golf Equipment,,GONE,,off-topic (no product pillar),0,12,0,0
shop,/shop/corporate-golf-packages,corporate golf packages,Golf Equipment,,GONE,,local/service/event intent,0,8,1,1
shop,/shop/cost-of-golf-lessons,cost of golf lessons,Golf Equipment,,GONE,,local/service/event intent,0,0,0,0
shop,/shop/coto-de-caza-golf-membership-cost,coto de caza golf membership cost,Golf Equipment,,GONE,,local/service/event intent,0,0,0,0
shop,/shop/crooked-creek-golf,crooked creek golf,Golf Equipment,,GONE,,off-topic (no product pillar),0,0,0,0
shop,/shop/cupped-wrist-golf-swing,cupped wrist golf swing,Golf Equipment,,GONE,,off-topic (no product pillar),0,0,0,0
shop,/shop/daily-golf-wear-ladies,daily golf wear ladies,Golf Equipment,,GONE,,off-topic (no product pillar),0,0,0,0
shop,/shop/dallas-himss-golf-2025,dallas himss golf 2025,Golf Equipment,,GONE,,local/geo intent,0,0,0,0
shop,/shop/darius-rucker-golf-tournament-2025,darius rucker golf tournament 2025,Golf Equipment,,GONE,,local/service/event intent,0,0,0,0
shop,/shop/darius-rucker-intercollegiate-golf-tournament-guide,darius rucker intercollegiate golf tournament,Golf Equipment,,GONE,,local/service/event intent,0,0,0,0
shop,/shop/dart-board-golf-guide,dart board golf,Golf Equipment,,GONE,,off-topic (no product pillar),0,45,0,0
shop,/shop/dave-hill-golf,dave hill golf,Golf Equipment,,GONE,,off-topic (no product pillar),0,6,0,0
shop,/shop/david-golf-engineering-guide,david golf engineering,Golf Equipment,,GONE,,off-topic (no product pillar),0,0,0,1
shop,/shop/decent-in-golf-crossword,decent in golf crossword,Golf Equipment,,GONE,,off-topic (no product pillar),0,0,0,0
shop,/shop/define-links-golf,define links golf,Golf Equipment,,GONE,,off-topic (no product pillar),0,0,0,0
shop,/shop/descente-golf-buyers-guide,descente golf,Golf Equipment,,GONE,,off-topic (no product pillar),0,0,0,0
shop,/shop/diameter-of-golf-cup,diameter of golf cup,Golf Equipment,,GONE,,off-topic (no product pillar),0,0,0,0
shop,/shop/do-you-tip-golf-instructors,do you tip golf instructors,Golf Equipment,,GONE,,local/service/event intent,0,0,0,0
shop,/shop/does-golf-build-muscle,does golf build muscle,Golf Equipment,,GONE,,off-topic (no product pillar),0,0,0,2
shop,/shop/double-cross-golf,double cross golf,Golf Equipment,,GONE,,off-topic (no product pillar),0,7,0,0
shop,/shop/dr-jim-suttie-golf,dr jim suttie golf,Golf Equipment,,GONE,,off-topic (no product pillar),0,0,0,0
shop,/shop/draw-vs-fade-golf,draw vs fade golf,Golf Equipment,,GONE,,off-topic (no product pillar),0,0,0,0
shop,/shop/eagle-point-golf-wilmington-nc-guide,eagle point golf wilmington nc,Golf Equipment,,GONE,,local/geo intent,0,0,0,0
shop,/shop/elbows-during-golf-swing,elbows during golf swing,Golf Equipment,,GONE,,off-topic (no product pillar),0,0,0,0
shop,/shop/embedded-ball-rule-golf,embedded ball rule golf,Golf Equipment,,GONE,,off-topic (no product pillar),0,0,0,0
shop,/shop/ernie-of-golf-crossword-clue,ernie of golf crossword clue,Golf Equipment,,GONE,,off-topic (no product pillar),0,0,0,0
shop,/shop/evansville-city-golf-tournament,evansville city golf tournament,Golf Equipment,,GONE,,local/service/event intent,0,0,0,0
shop,/shop/exercises-to-increase-golf-swing-speed,exercises to increase golf swing speed,Golf Equipment,,GONE,,novelty/off-topic,0,120,0,0
shop,/shop/fairway-in-golf,fairway in golf,Golf Equipment,,GONE,,off-topic (no product pillar),0,0,0,0
shop,/shop/fairways-of-woodside-golf,fairways of woodside golf,Clubs & Shafts,,GONE,,off-topic (no product pillar),0,0,0,0
shop,/shop/fenwick-golf-buyers-guide,fenwick golf,Golf Equipment,,GONE,,off-topic (no product pillar),0,5,0,0
shop,/shop/finau-brothers-world-junior-golf-championship,finau brothers world junior golf championship,Golf Equipment,,GONE,,local/service/event intent,0,0,0,0
shop,/shop/florida-junior-golf-tournaments-2025,florida junior golf tournaments 2025,Golf Equipment,,GONE,,local/service/event intent,0,0,0,0
shop,/shop/fore-in-golf-what-does-it-mean,fore in golf what does it mean,Apparel,,GONE,,off-topic (no product pillar),0,0,0,0
shop,/shop/four-card-golf-guide,four card golf,Golf Equipment,,GONE,,off-topic (no product pillar),0,0,0,0
shop,/shop/fred-enke-golf-tucson,fred enke golf tucson,Golf Equipment,,GONE,,local/geo intent,0,0,0,0
shop,/shop/freedom-fairways-golf-guide,freedom fairways golf,Golf Equipment,,GONE,,off-topic (no product pillar),0,0,0,0
shop,/shop/fun-golf-games-for-4-players,fun golf games for 4 players,Golf Equipment,,GONE,,novelty/off-topic,0,6,0,1
shop,/shop/fun-golf-tournament-hole-ideas,fun golf tournament hole ideas,Golf Equipment,,GONE,,local/service/event intent,0,0,2,3
shop,/shop/fun-names-for-golf-teams,fun names for golf teams,Golf Equipment,,GONE,,novelty/off-topic,0,0,0,0
shop,/shop/funny-golf-greeting-cards,funny golf greeting cards,Golf Equipment,,GONE,,novelty/off-topic,0,21,0,0
shop,/shop/funny-golf-sayings,funny golf sayings,Golf Equipment,,GONE,,novelty/off-topic,0,0,0,0
shop,/shop/game-of-wolf-in-golf,game of wolf in golf,Golf Equipment,,GONE,,off-topic (no product pillar),0,0,0,0
shop,/shop/gameboy-golf-guide,gameboy golf,Golf Equipment,,GONE,,off-topic (no product pillar),0,19,0,0
shop,/shop/generating-lag-golf-swing,generating lag in golf swing,Golf Equipment,,GONE,,off-topic (no product pillar),0,0,0,0
shop,/shop/ghsa-golf-state-championship-2025,ghsa golf state championship 2025,Golf Equipment,,GONE,,local/service/event intent,0,0,0,0
shop,/shop/gir-golf-meaning,gir golf meaning,Golf Equipment,,GONE,,off-topic (no product pillar),0,0,0,0
shop,/shop/golf-90-degree-rule,golf 90 degree rule,Golf Equipment,,GONE,,off-topic (no product pillar),0,0,0,0
shop,/shop/golf-academy-of-america-myrtle-beach-sc,golf academy of america myrtle beach sc,Golf Equipment,,GONE,,local/service/event intent,0,10,0,0
shop,/shop/golf-after-hip-replacement,golf after hip replacement,Golf Equipment,,GONE,,off-topic (no product pillar),0,0,0,0
shop,/shop/golf-and-darts-ultimate-guide,golf and darts,Golf Equipment,,GONE,,off-topic (no product pillar),0,0,0,0
shop,/shop/golf-and-rotator-cuff,golf and rotator cuff,Golf Equipment,,GONE,,off-topic (no product pillar),0,0,0,0
shop,/shop/golf-bowling-ball,golf bowling ball,Golf Equipment,,GONE,,off-topic (no product pillar),0,18,0,0
shop,/shop/golf-bracelets-magnetic-guide,golf bracelets magnetic,Golf Equipment,,GONE,,off-topic (no product pillar),0,0,0,0
shop,/shop/golf-bullhead-city-az,golf bullhead city az,Golf Equipment,,GONE,,local/geo intent,0,0,0,0
shop,/shop/golf-card-scoring-symbols,golf card scoring symbols,Golf Equipment,,GONE,,off-topic (no product pillar),0,0,0,1
shop,/shop/golf-center-des-plaines,golf center in des plaines,Golf Equipment,,GONE,,off-topic (no product pillar),0,0,0,0
shop,/shop/golf-coloring-pages,golf coloring pages,Golf Equipment,,GONE,,novelty/off-topic,0,0,0,0
shop,/shop/golf-cut-shot,golf cut shot,Golf Equipment,,GONE,,off-topic (no product pillar),0,0,0,0
shop,/shop/golf-cut-vs-fade,golf cut vs fade,Golf Equipment,,GONE,,off-topic (no product pillar),0,0,1,12
shop,/shop/golf-double-hit-rule,golf double hit rule,Golf Equipment,,GONE,,off-topic (no product pillar),0,0,0,0
shop,/shop/golf-etiquette-101,golf etiquette 101,Golf Equipment,,GONE,,off-topic (no product pillar),0,0,0,0
shop,/shop/golf-exercises-with-bands,golf exercises with bands,Golf Equipment,,GONE,,novelty/off-topic,0,0,0,0
shop,/shop/golf-expo-columbus-ohio-tips-deals,golf expo columbus ohio,Golf Equipment,,GONE,,local/service/event intent,0,0,0,0
shop,/shop/golf-flag-colors,golf flag colors,Golf Equipment,,GONE,,off-topic (no product pillar),0,0,0,0
shop,/shop/golf-gambling-games-for-4-players,golf gambling games for 4 players,Golf Equipment,,GONE,,novelty/off-topic,0,0,0,0
shop,/shop/golf-green-aeration-guide,golf green aeration,Golf Equipment,,GONE,,off-topic (no product pillar),0,0,1,3
shop,/shop/golf-gross-vs-net,golf gross vs net,Golf Equipment,,GONE,,off-topic (no product pillar),0,0,0,0
shop,/shop/golf-hall-of-fame-criteria,golf hall of fame criteria,Golf Equipment,,GONE,,local/service/event intent,0,0,2,4
shop,/shop/golf-handicap-14-guide,golf handicap 14,Apparel,,GONE,,off-topic (no product pillar),0,0,0,0
shop,/shop/golf-handicap-index-vs-handicap,golf handicap index vs handicap,Apparel,,GONE,,off-topic (no product pillar),0,0,0,0
shop,/shop/golf-hazard-crossword-clue,golf hazard crossword clue,Golf Equipment,,GONE,,off-topic (no product pillar),0,0,0,0
shop,/shop/golf-hole-handicap-meaning,golf hole handicap meaning,Apparel,,GONE,,off-topic (no product pillar),0,6,0,0
shop,/shop/golf-hole-out,golf hole out,Golf Equipment,,GONE,,off-topic (no product pillar),0,0,0,0
shop,/shop/golf-horse-race,golf horse race,Golf Equipment,,GONE,,off-topic (no product pillar),0,0,0,0
shop,/shop/golf-in-grants-pass-oregon,golf in grants pass oregon,Golf Equipment,,GONE,,local/geo intent,0,0,0,0
shop,/shop/golf-in-marathon-florida,golf in marathon florida,Golf Equipment,,GONE,,local/geo intent,0,0,0,0
shop,/shop/golf-in-the-1920s,golf in the 1920's,Golf Equipment,,GONE,,off-topic (no product pillar),0,0,0,0
shop,/shop/golf-in-the-florida-keys,golf in the florida keys,Golf Equipment,,GONE,,local/geo intent,0,0,0,0
shop,/shop/golf-is-a-good-walk-ruined-quote,golf is a good walk ruined quote,Golf Equipment,,GONE,,novelty/off-topic,0,0,0,0
shop,/shop/golf-is-a-good-walk-spoilt,golf is a good walk spoilt,Golf Equipment,,GONE,,off-topic (no product pillar),0,0,0,0
shop,/shop/golf-island-spokane,golf island spokane,Golf Equipment,,GONE,,local/geo intent,0,0,0,0
shop,/shop/golf-launch-angle-guide,golf launch angle,Golf Equipment,,GONE,,off-topic (no product pillar),0,0,0,0
shop,/shop/golf-left-handed-or-right-handed,golf left handed or right handed,Golf Equipment,,GONE,,off-topic (no product pillar),0,7,0,0
shop,/shop/golf-lessons-eau-claire-wi,golf lessons eau claire wi,Golf Equipment,,GONE,,local/service/event intent,0,0,0,0
shop,/shop/golf-lessons-lakewood-co,golf lessons lakewood co,Clubs & Shafts,,GONE,,local/service/event intent,0,0,0,0
shop,/shop/golf-lessons-long-island-ny,golf lessons long island ny,Golf Equipment,,GONE,,local/service/event intent,0,61,0,0
shop,/shop/golf-lessons-minneapolis-mn,golf lessons minneapolis mn,Golf Equipment,,GONE,,local/service/event intent,0,0,0,0
shop,/shop/golf-lessons-monmouth-county-nj,golf lessons monmouth county nj,Golf Equipment,,GONE,,local/service/event intent,0,0,0,0
shop,/shop/golf-lessons-stamford-ct,golf lessons stamford ct,Golf Equipment,,GONE,,local/service/event intent,0,0,0,0
shop,/shop/golf-map-ireland,golf map ireland,Golf Equipment,,GONE,,local/geo intent,0,0,0,0
shop,/shop/golf-mirror-putting,golf mirror putting,Golf Equipment,,GONE,,off-topic (no product pillar),0,103,0,0
shop,/shop/golf-outing-sponsorship-ideas,golf outing sponsorship ideas,Golf Equipment,,GONE,,novelty/off-topic,0,0,0,0
shop,/shop/golf-outings-in-wisconsin,golf outings in wisconsin,Golf Equipment,,GONE,,local/service/event intent,0,0,0,0
shop,/shop/golf-pride-honorary-starter,golf pride honorary starter,Golf Equipment,,GONE,,off-topic (no product pillar),0,0,0,0
shop,/shop/golf-pride-mcc-midsize-buying-guide,golf pride mcc midsize,Golf Equipment,,GONE,,off-topic (no product pillar),0,0,0,0
shop,/shop/golf-pride-tour-velvet-360-guide,golf pride tour velvet 360,Golf Equipment,,GONE,,off-topic (no product pillar),0,0,0,0
shop,/shop/golf-pulling-ball-left,golf pulling the ball left,Golf Equipment,,GONE,,off-topic (no product pillar),0,0,0,0
shop,/shop/golf-putting-aimpoint,golf putting aimpoint,Golf Equipment,,GONE,,off-topic (no product pillar),0,0,0,0
shop,/shop/golf-quest-southington-connecticut,golf quest southington connecticut,Golf Equipment,,GONE,,local/geo intent,0,0,0,0
shop,/shop/golf-quotes-about-life,golf quotes about life,Golf Equipment,,GONE,,novelty/off-topic,0,0,0,0
shop,/shop/golf-relief-rules-guide,golf relief rules,Golf Equipment,,GONE,,off-topic (no product pillar),0,0,0,0
shop,/shop/golf-rules-for-out-of-bounds-guide,golf rules for out of bounds,Golf Equipment,,GONE,,off-topic (no product pillar),0,0,0,0
shop,/shop/golf-score-stableford,golf score stableford,Golf Equipment,,GONE,,off-topic (no product pillar),0,0,0,0
shop,/shop/golf-scotch-format,golf scotch format,Golf Equipment,,GONE,,off-topic (no product pillar),0,0,0,0
shop,/shop/golf-shamble-rules,golf shamble rules,Golf Equipment,,GONE,,off-topic (no product pillar),0,0,0,0
shop,/shop/golf-shots-go-left-fix,golf shots go left,Golf Equipment,,GONE,,off-topic (no product pillar),0,0,0,0
shop,/shop/golf-singles,golf singles,Golf Equipment,,GONE,,off-topic (no product pillar),0,0,0,0
shop,/shop/golf-skins-game-rules-tips,golf skins game,Golf Equipment,,GONE,,off-topic (no product pillar),0,0,0,0
shop,/shop/golf-slice-vs-hook,golf slice vs hook,Golf Equipment,,GONE,,off-topic (no product pillar),0,8,0,0
shop,/shop/golf-stance-width,golf stance width,Golf Equipment,,GONE,,off-topic (no product pillar),0,0,0,0
shop,/shop/golf-stick-is-called,golf stick is called,Golf Equipment,,GONE,,off-topic (no product pillar),0,0,1,108
shop,/shop/golf-stores-augusta-ga,golf stores augusta ga,Golf Equipment,,GONE,,local/geo intent,0,0,0,0
shop,/shop/golf-stroke-and-distance-rule,rules of golf stroke and distance,Golf Equipment,,GONE,,off-topic (no product pillar),0,0,0,0
shop,/shop/golf-superintendent-jobs,golf superintendent jobs,Golf Equipment,,GONE,,local/service/event intent,0,0,0,0
shop,/shop/golf-swing-goes-right,golf swing goes right,Golf Equipment,,GONE,,off-topic (no product pillar),0,0,0,0
shop,/shop/golf-swing-speed-and-distance-chart,golf swing speed and distance chart,Golf Equipment,,GONE,,off-topic (no product pillar),0,0,0,0
shop,/shop/golf-terms-slice,golf terms slice,Golf Equipment,,GONE,,off-topic (no product pillar),0,0,0,0
shop,/shop/golf-tops-crossword-clue,golf tops crossword clue,Golf Equipment,,GONE,,off-topic (no product pillar),0,0,0,0
shop,/shop/golf-tournament-in-palm-springs,golf tournament in palm springs,Golf Equipment,,GONE,,local/service/event intent,0,0,0,0
shop,/shop/golf-tournament-registration-form-template,golf tournament registration form template,Golf Equipment,,GONE,,local/service/event intent,0,0,0,0
shop,/shop/golf-tournaments-houston-texas,golf tournaments houston texas,Golf Equipment,,GONE,,local/service/event intent,0,0,0,0
shop,/shop/golf-trading-card,golf trading card,Golf Equipment,,GONE,,off-topic (no product pillar),0,62,0,0
shop,/shop/golf-up-and-down-meaning,golf up and down meaning,Golf Equipment,,GONE,,off-topic (no product pillar),0,0,0,0
shop,/shop/golf-wang-discount-code-2025,golf wang discount code 2025,Golf Equipment,,GONE,,off-topic (no product pillar),0,0,0,0
shop,/shop/golf-wrist-injury-guide,golf wrist injury,Golf Equipment,,GONE,,novelty/off-topic,0,0,0,0
shop,/shop/goodrich-golf-dome-maplewood-mn,goodrich golf dome maplewood mn,Clubs & Shafts,,GONE,,local/geo intent,0,0,0,0
shop,/shop/grand-cypress-orlando-golf,grand cypress orlando golf,Golf Equipment,,GONE,,local/geo intent,0,409,0,0
shop,/shop/greatest-golf-swings-of-all-time,greatest golf swings of all time,Golf Equipment,,GONE,,off-topic (no product pillar),0,0,0,0
shop,/shop/gross-score-golf,gross score golf,Golf Equipment,,GONE,,off-topic (no product pillar),0,0,0,0
shop,/shop/haggin-oaks-golf-lessons,haggin oaks golf lessons,Golf Equipment,,GONE,,local/service/event intent,0,0,0,0
shop,/shop/hal-sutton-golf-academy,hal sutton golf academy,Golf Equipment,,GONE,,local/service/event intent,0,6,0,0
shop,/shop/head-professional-golf,head professional golf,Golf Equipment,,GONE,,off-topic (no product pillar),0,0,0,0
shop,/shop/heritage-classic-golf-tournament-2026-guide,heritage classic golf tournament,Golf Equipment,,GONE,,local/service/event intent,0,0,0,0
shop,/shop/heron-glen-golf,heron glen golf,Golf Equipment,,GONE,,off-topic (no product pillar),0,0,0,0
shop,/shop/highest-golf-handicap,highest golf handicap,Apparel,,GONE,,off-topic (no product pillar),0,0,0,0
shop,/shop/highest-paying-jobs-in-golf,highest paying jobs in golf,Golf Equipment,,GONE,,local/service/event intent,0,0,0,0
shop,/shop/highest-purse-in-golf,highest purse in golf,Golf Equipment,,GONE,,off-topic (no product pillar),0,0,0,0
shop,/shop/hitting-the-wrong-ball-in-golf,hitting the wrong ball in golf,Golf Equipment,,GONE,,off-topic (no product pillar),0,0,0,0
shop,/shop/holiday-golf-guide,holiday golf,Golf Equipment,,GONE,,off-topic (no product pillar),0,0,0,0
shop,/shop/how-big-is-a-golf-hole,how big is a golf hole,Golf Equipment,,GONE,,off-topic (no product pillar),0,0,0,0
shop,/shop/how-does-a-golf-scramble-work,how does a golf scramble work,Golf Equipment,,GONE,,off-topic (no product pillar),0,0,0,0
shop,/shop/how-far-is-a-good-golf-drive,how far is a good golf drive,Golf Equipment,,GONE,,off-topic (no product pillar),0,0,0,6
shop,/shop/how-golf-scoring-works,how golf scoring works,Golf Equipment,,GONE,,off-topic (no product pillar),0,0,0,0
shop,/shop/how-long-are-golf-tournaments,how long are golf tournaments,Golf Equipment,,GONE,,local/service/event intent,0,0,0,0
shop,/shop/how-long-does-a-game-of-golf-last,how long does a game of golf last,Golf Equipment,,GONE,,off-topic (no product pillar),0,0,2,54
shop,/shop/how-long-does-a-round-of-golf-take,how long does a round of golf take,Golf Equipment,,GONE,,off-topic (no product pillar),0,0,0,0
shop,/shop/how-long-does-it-take-to-get-good-at-golf,how long does it take to get good at golf,Golf Equipment,,GONE,,off-topic (no product pillar),0,0,0,0
shop,/shop/how-long-does-it-take-to-golf-18,how long does it take to golf 18,Golf Equipment,,GONE,,off-topic (no product pillar),0,0,0,0
shop,/shop/how-long-is-a-golf-season,how long is a golf season,Golf Equipment,,GONE,,off-topic (no product pillar),0,0,0,0
shop,/shop/how-long-should-9-holes-of-golf-take,how long should 9 holes of golf take,Golf Equipment,,GONE,,off-topic (no product pillar),0,0,0,0
shop,/shop/how-long-to-play-18-holes-golf,how long to play 18 holes of golf,Golf Equipment,,GONE,,off-topic (no product pillar),0,0,0,0
shop,/shop/how-many-calories-do-you-burn-playing-golf,how many calories do you burn playing golf,Golf Equipment,,GONE,,off-topic (no product pillar),0,0,0,0
shop,/shop/how-many-holes-are-in-golf,how many holes are in golf,Golf Equipment,,GONE,,off-topic (no product pillar),0,0,0,1
shop,/shop/how-many-miles-is-18-holes-of-golf,how many miles is 18 holes of golf,Golf Equipment,,GONE,,off-topic (no product pillar),0,0,0,0
shop,/shop/how-much-is-it-to-golf,how much is it to golf,Golf Equipment,,GONE,,off-topic (no product pillar),0,0,0,15
shop,/shop/icon-golf,icon golf,Golf Equipment,,GONE,,off-topic (no product pillar),0,0,0,0
shop,/shop/ihsaa-girls-golf-state-tournament-2025,ihsaa girls golf state tournament 2025,Golf Equipment,,GONE,,local/service/event intent,0,0,0,0
shop,/shop/indian-lakes-golf-boise-idaho,indian lakes golf boise idaho,Golf Equipment,,GONE,,local/geo intent,0,14,0,0
shop,/shop/is-85-a-good-golf-score,is 85 a good golf score,Golf Equipment,,GONE,,off-topic (no product pillar),0,0,3,22
shop,/shop/is-a-10-handicap-in-golf-good,is a 10 handicap in golf good,Apparel,,GONE,,off-topic (no product pillar),0,0,0,0
shop,/shop/is-golf-a-sport-or-a-game,is golf a sport or a game,Golf Equipment,,GONE,,off-topic (no product pillar),0,0,0,3
shop,/shop/is-golf-fun-practical-tips,is golf fun,Golf Equipment,,GONE,,off-topic (no product pillar),0,0,0,0
shop,/shop/is-golf-sport,is golf sport,Golf Equipment,,GONE,,off-topic (no product pillar),0,0,0,0
shop,/shop/jay-hebert-golf-guide,jay hebert golf,Golf Equipment,,GONE,,off-topic (no product pillar),0,0,0,0
shop,/shop/junior-golf-hub-rankings,junior golf hub rankings,Golf Equipment,,GONE,,off-topic (no product pillar),0,0,0,0
shop,/shop/kearney-golf-lexington,kearney golf lexington,Golf Equipment,,GONE,,off-topic (no product pillar),0,0,0,0
shop,/shop/kenneth-cole-golf-buying-guide,kenneth cole golf,Golf Equipment,,GONE,,off-topic (no product pillar),0,0,0,2
shop,/shop/kind-of-golf-that-uses-baskets,kind of golf that uses baskets,Apparel,,GONE,,off-topic (no product pillar),0,0,0,0
shop,/shop/kinds-of-golf-shots,kinds of golf shots,Golf Equipment,,GONE,,off-topic (no product pillar),0,0,0,0
shop,/shop/kings-creek-golf-guide,kings creek golf,Golf Equipment,,GONE,,off-topic (no product pillar),0,0,0,0
shop,/shop/la-rams-merch-golf-wang,la rams merch golf wang,Golf Equipment,,GONE,,off-topic (no product pillar),0,0,0,0
shop,/shop/lateral-hazard-golf-rule,lateral hazard golf rule,Golf Equipment,,GONE,,off-topic (no product pillar),0,0,2,20
shop,/shop/latourette-golf-buyers-guide,latourette golf,Golf Equipment,,GONE,,off-topic (no product pillar),0,20,0,0
shop,/shop/legacy-golf-links-nc,legacy golf links nc,Golf Equipment,,GONE,,local/geo intent,0,0,0,0
shop,/shop/legacy-golf-pinehurst-nc-guide,legacy golf pinehurst nc,Golf Equipment,,GONE,,local/geo intent,0,0,0,0
shop,/shop/lima-junior-golf-association-guide,lima junior golf association,Golf Equipment,,GONE,,local/service/event intent,0,0,0,0
shop,/shop/liv-golf-andalucia-2025-winner-odds,liv golf andalucia 2025 winner odds,Golf Equipment,,GONE,,local/service/event intent,0,0,0,0
shop,/shop/longest-golf-hole-in-the-world,longest golf hole in the world,Golf Equipment,,GONE,,off-topic (no product pillar),0,0,0,0
shop,/shop/lost-ball-in-golf-penalty,lost ball in golf penalty,Golf Equipment,,GONE,,off-topic (no product pillar),0,0,0,0
shop,/shop/low-hands-golf-swing,low hands golf swing,Golf Equipment,,GONE,,off-topic (no product pillar),0,0,0,0
shop,/shop/lowest-golf-round-ever-pga,lowest golf round ever pga,Golf Equipment,,GONE,,local/service/event intent,0,0,0,0
shop,/shop/luxe-golf-milwaukee,luxe golf milwaukee,Golf Equipment,,GONE,,local/geo intent,0,0,0,0
shop,/shop/maintaining-spine-angle-golf-swing,maintaining spine angle in golf swing,Golf Equipment,,GONE,,off-topic (no product pillar),0,0,0,0
shop,/shop/maltby-golf-guide,maltby golf,Golf Equipment,,GONE,,off-topic (no product pillar),0,0,0,7
shop,/shop/manitou-ridge-golf-mn,manitou ridge golf mn,Golf Equipment,,GONE,,local/geo intent,0,0,0,0
shop,/shop/mario-golf-cheats,mario golf cheats,Golf Equipment,,GONE,,novelty/off-topic,0,0,0,0
shop,/shop/mario-golf-gba-rom,mario golf gba rom,Golf Equipment,,GONE,,novelty/off-topic,0,0,0,0
shop,/shop/mark-blackburn-golf,mark blackburn golf,Golf Equipment,,GONE,,off-topic (no product pillar),0,0,1,3
shop,/shop/masters-golf-tournament-attendance,masters golf tournament attendance,Golf Equipment,,GONE,,local/service/event intent,0,0,0,0
shop,/shop/match-play-golf-guide,match play golf,Golf Equipment,,GONE,,off-topic (no product pillar),0,0,0,0
shop,/shop/match-play-vs-stroke-play-golf,match play vs stroke play in golf,Golf Equipment,,GONE,,off-topic (no product pillar),0,0,0,0
shop,/shop/mechanics-of-golf-swing-tips-tools,mechanics of golf swing,Golf Equipment,,GONE,,off-topic (no product pillar),0,0,0,0
shop,/shop/michigan-golf-show-2025-guide,michigan golf show 2025,Golf Equipment,,GONE,,team/celebrity/licensed,0,0,0,0
shop,/shop/michigan-golf-show-novi-mi-guide,michigan golf show novi mi,Golf Equipment,,GONE,,team/celebrity/licensed,0,27,0,0
shop,/shop/michigan-senior-golf-association-guide,michigan senior golf association,Golf Equipment,,GONE,,team/celebrity/licensed,0,45,0,0
shop,/shop/mill-valley-golf-links-belchertown,mill valley golf links belchertown,Golf Equipment,,GONE,,off-topic (no product pillar),0,10,0,0
shop,/shop/milwaukee-golf-show,milwaukee golf show,Golf Equipment,,GONE,,local/geo intent,0,0,0,0
shop,/shop/miniature-golf-ames-iowa,miniature golf ames iowa,Golf Equipment,,GONE,,novelty/off-topic,0,15,0,0
shop,/shop/miniature-golf-in-port-st-lucie,miniature golf in port st lucie,Golf Equipment,,GONE,,novelty/off-topic,0,0,0,0
shop,/shop/miniature-golf-winston-salem-nc,miniature golf winston salem nc,Golf Equipment,,GONE,,novelty/off-topic,0,0,0,0
shop,/shop/mizuno-golf-mp-54-review,mizuno golf mp 54,Golf Equipment,,GONE,,off-topic (no product pillar),0,6,0,0
shop,/shop/monster-golf-coupons,monster golf coupons,Golf Equipment,,GONE,,local/service/event intent,0,0,0,0
shop,/shop/monterey-pines-golf,monterey pines golf,Golf Equipment,,GONE,,off-topic (no product pillar),0,29,0,0
shop,/shop/montrose-golf-scotland,montrose golf scotland,Golf Equipment,,GONE,,local/geo intent,0,0,0,0
shop,/shop/most-important-muscles-for-golf-swing-speed,most important muscles for golf swing speed,Golf Equipment,,GONE,,off-topic (no product pillar),0,0,0,0
shop,/shop/moving-day-in-golf,moving day in golf,Golf Equipment,,GONE,,off-topic (no product pillar),0,0,0,0
shop,/shop/murphy-nc-golf,murphy nc golf,Golf Equipment,,GONE,,off-topic (no product pillar),0,6,1,1
shop,/shop/naples-grande-golf-naples-fl,naples grande golf naples fl,Golf Equipment,,GONE,,local/geo intent,0,0,0,0
shop,/shop/nearest-golf-driving-range,nearest golf driving range,Golf Equipment,,GONE,,off-topic (no product pillar),0,0,0,0
shop,/shop/neon-golf-sign,neon golf sign,Golf Equipment,,GONE,,novelty/off-topic,0,0,0,0
shop,/shop/new-richmond-golf,new richmond golf,Golf Equipment,,GONE,,local/geo intent,0,0,0,0
shop,/shop/nike-junior-golf-camps-review,nike junior golf camps,Golf Equipment,,GONE,,local/service/event intent,0,20,0,0
shop,/shop/nike-mojo-golf-review,nike mojo golf,Golf Equipment,,GONE,,off-topic (no product pillar),0,0,0,0
shop,/shop/origin-of-fore-in-golf,origin of fore in golf,Golf Equipment,,GONE,,off-topic (no product pillar),0,0,0,0
shop,/shop/patriot-all-america-golf-tournament,patriot all america golf tournament,Golf Equipment,,GONE,,local/service/event intent,0,0,0,0
shop,/shop/patron-saint-of-golf,patron saint of golf,Golf Equipment,,GONE,,off-topic (no product pillar),0,0,2,7
shop,/shop/peggy-kirk-bell-golf-guide,peggy kirk bell golf,Golf Equipment,,GONE,,off-topic (no product pillar),0,0,0,0
shop,/shop/pgh-national-golf-guide,pgh national golf,Golf Equipment,,GONE,,off-topic (no product pillar),0,13,0,0
shop,/shop/piaa-golf-championship-2025-gear-guide,piaa golf championship 2025,Golf Equipment,,GONE,,local/service/event intent,0,0,0,0
shop,/shop/ping-biz-golf-review,ping biz golf,Golf Equipment,,GONE,,off-topic (no product pillar),0,45,0,0
shop,/shop/ping-golf-dot-system-review,ping golf dot system,Golf Equipment,,GONE,,off-topic (no product pillar),0,10,0,1
shop,/shop/ping-golf-eye-2-review,ping golf eye 2,Golf Equipment,,GONE,,off-topic (no product pillar),0,0,0,0
shop,/shop/ping-golf-s59-review,ping golf s59,Golf Equipment,,GONE,,off-topic (no product pillar),0,0,0,7
shop,/shop/planet-golf-miami,planet golf miami,Golf Equipment,,GONE,,local/geo intent,0,15,0,0
shop,/shop/planning-a-golf-tournament,planning a golf tournament,Golf Equipment,,GONE,,local/service/event intent,0,0,0,0
shop,/shop/planning-a-golf-tournament-fundraiser-checklist,planning a golf tournament fundraiser checklist,Golf Equipment,,GONE,,local/service/event intent,0,0,0,0
shop,/shop/portugal-golf-packages,portugal golf packages,Golf Equipment,,GONE,,local/service/event intent,0,0,0,0
shop,/shop/precio-de-carro-de-golf-guia-completa,precio de carro de golf,Golf Equipment,,GONE,,non-English,0,0,0,0
shop,/shop/preferred-lies-golf-guide,preferred lies golf,Golf Equipment,,GONE,,off-topic (no product pillar),0,0,0,0
shop,/shop/premarital-agreement-attorneys-golf-il,premarital agreement attorneys golf il,Golf Equipment,,GONE,,local/service/event intent,0,0,0,0
shop,/shop/puma-womens-golf-review,puma womens golf,Golf Equipment,,GONE,,off-topic (no product pillar),0,8,0,0
shop,/shop/push-shot-in-golf,push shot in golf,Golf Equipment,,GONE,,off-topic (no product pillar),0,0,0,0
shop,/shop/red-maples-golf,red maples golf,Golf Equipment,,GONE,,off-topic (no product pillar),0,0,0,0
shop,/shop/right-eye-dominant-golf,right eye dominant golf,Golf Equipment,,GONE,,off-topic (no product pillar),0,0,2,5
shop,/shop/rochester-golf-tournaments,rochester golf tournaments,Golf Equipment,,GONE,,local/service/event intent,0,0,0,0
shop,/shop/rory-mcilroy-golf-clothes,rory mcilroy golf clothes,Golf Equipment,,GONE,,team/celebrity/licensed,0,0,0,0
shop,/shop/rules-for-ladder-golf,rules for ladder golf,Golf Equipment,,GONE,,off-topic (no product pillar),0,0,1,4
shop,/shop/sable-oaks-golf-maine,sable oaks golf maine,Golf Equipment,,GONE,,local/geo intent,0,0,0,0
shop,/shop/san-clemente-municipal-golf,san clemente municipal golf,Golf Equipment,,GONE,,off-topic (no product pillar),0,51,0,0
shop,/shop/scotch-hall-golf-best,scotch hall golf,Golf Equipment,,GONE,,off-topic (no product pillar),0,0,0,0
shop,/shop/scramble-golf-rules,scramble golf rules,Golf Equipment,,GONE,,off-topic (no product pillar),0,0,0,0
shop,/shop/scramble-golf-tournament-guide,scramble golf tournament,Golf Equipment,,GONE,,local/service/event intent,0,0,0,0
shop,/shop/scramble-golf-vs-best-ball,scramble golf vs best ball,Golf Equipment,,GONE,,off-topic (no product pillar),0,0,0,0
shop,/shop/semo-seniors-golf-association,semo seniors golf association,Golf Equipment,,GONE,,local/service/event intent,0,0,0,0
shop,/shop/sherwood-golf-schererville-guide,sherwood golf schererville,Clubs & Shafts,,GONE,,off-topic (no product pillar),0,0,0,0
shop,/shop/shotgun-start-in-golf,shotgun start in golf,Golf Equipment,,GONE,,off-topic (no product pillar),0,0,0,0
shop,/shop/snowman-golf,snowman golf,Golf Equipment,,GONE,,off-topic (no product pillar),0,12,0,0
shop,/shop/south-dakota-golf-tournaments,south dakota golf tournaments,Golf Equipment,,GONE,,local/service/event intent,0,0,0,0
shop,/shop/springvale-golf-gear,springvale golf,Golf Equipment,,GONE,,off-topic (no product pillar),0,0,0,0
shop,/shop/taylormade-golf-rbz-review,taylormade golf rbz,Golf Equipment,,GONE,,off-topic (no product pillar),0,0,0,0
shop,/shop/taylormade-golf-wallpaper-review,taylormade golf wallpaper,Golf Equipment,,GONE,,novelty/off-topic,0,0,0,0
shop,/shop/tennis-elbow-vs-golf-elbow-differences-guide,tennis elbow vs golf elbow,Golf Equipment,,GONE,,novelty/off-topic,0,0,0,1
shop,/shop/the-glen-golf-park-guide,the glen golf park,Golf Equipment,,GONE,,off-topic (no product pillar),0,0,0,0
shop,/shop/the-golf-machine-guide,the golf machine,Golf Equipment,,GONE,,off-topic (no product pillar),0,0,0,0
shop,/shop/the-tree-farm-golf,the tree farm golf,Golf Equipment,,GONE,,off-topic (no product pillar),0,0,0,0
shop,/shop/thompson-golf-group,thompson golf group,Golf Equipment,,GONE,,off-topic (no product pillar),0,44,0,0
shop,/shop/tokyo-golf,tokyo golf,Golf Equipment,,GONE,,off-topic (no product pillar),0,0,0,0
shop,/shop/trapp-river-golf-guide,trapp river golf,Golf Equipment,,GONE,,off-topic (no product pillar),0,0,0,1
shop,/shop/tssaa-golf-state-tournament-2025,tssaa golf state tournament 2025,Golf Equipment,,GONE,,local/service/event intent,0,0,0,0
shop,/shop/turner-highlands-golf-maine,turner highlands golf maine,Golf Equipment,,GONE,,local/geo intent,0,0,0,0
shop,/shop/twilight-golf-meaning,twilight golf meaning,Golf Equipment,,GONE,,off-topic (no product pillar),0,0,0,0
shop,/shop/uil-state-golf,uil state golf,Golf Equipment,,GONE,,off-topic (no product pillar),0,0,0,0
shop,/shop/unplayable-lie-in-golf-rule,unplayable lie in golf rule,Golf Equipment,,GONE,,off-topic (no product pillar),0,0,0,0
shop,/shop/uva-mens-golf-schedule,uva men's golf schedule,Golf Equipment,,GONE,,off-topic (no product pillar),0,0,0,0
shop,/shop/wcc-golf-championship-2025,wcc golf championship 2025,Golf Equipment,,GONE,,local/service/event intent,0,0,0,0
shop,/shop/weight-transfer-golf-swing-guide,weight transfer in golf swing,Golf Equipment,,GONE,,off-topic (no product pillar),0,0,0,0
shop,/shop/what-are-four-major-golf-tournaments,what are four major golf tournaments,Apparel,,GONE,,local/service/event intent,0,0,0,0
shop,/shop/what-causes-a-pull-in-golf,what causes a pull in golf,Apparel,,GONE,,off-topic (no product pillar),0,0,0,0
shop,/shop/what-causes-a-shank-in-golf,what causes a shank in golf,Apparel,,GONE,,off-topic (no product pillar),0,0,0,0
shop,/shop/what-causes-a-slice-in-golf,what causes a slice in golf,Apparel,,GONE,,off-topic (no product pillar),0,0,0,0
shop,/shop/what-channel-is-the-golf-channel-on-dish,what channel is the golf channel on dish,Apparel,,GONE,,off-topic (no product pillar),0,0,0,0
shop,/shop/what-does-dormie-mean-in-golf,what does dormie mean in golf,Apparel,,GONE,,off-topic (no product pillar),1,2,0,0
shop,/shop/what-does-four-ball-mean-in-golf,what does four ball mean in golf,Apparel,,GONE,,off-topic (no product pillar),0,0,0,0
shop,/shop/what-does-slice-mean-in-golf,what does slice mean in golf,Apparel,,GONE,,off-topic (no product pillar),0,0,0,0
shop,/shop/what-does-slope-mean-in-golf,what does slope mean in golf,Apparel,,GONE,,off-topic (no product pillar),0,0,0,0
shop,/shop/what-is-a-birdie-golf,what is a birdie golf,Apparel,,GONE,,off-topic (no product pillar),0,0,0,0
shop,/shop/what-is-a-bogey-in-golf,what is a bogey in golf,Apparel,,GONE,,off-topic (no product pillar),0,0,0,0
shop,/shop/what-is-a-condor-in-golf,what is a condor in golf,Apparel,,GONE,,off-topic (no product pillar),0,0,0,0
shop,/shop/what-is-a-draw-in-golf,what is a draw in golf,Apparel,,GONE,,off-topic (no product pillar),0,0,0,0
shop,/shop/what-is-a-fade-in-golf,golf what is a fade,Apparel,,GONE,,off-topic (no product pillar),0,0,0,0
shop,/shop/what-is-a-fat-shot-in-golf,what is a fat shot in golf,Apparel,,GONE,,off-topic (no product pillar),0,0,0,0
shop,/shop/what-is-a-golf-pro,what is a golf pro,Apparel,,GONE,,off-topic (no product pillar),0,0,0,0
shop,/shop/what-is-a-good-golf-handicap-for-a-man,what is a good golf handicap for a man,Apparel,,GONE,,off-topic (no product pillar),0,0,0,0
shop,/shop/what-is-a-good-score-in-golf-9-holes,what is a good score in golf 9 holes,Apparel,,GONE,,off-topic (no product pillar),0,0,0,0
shop,/shop/what-is-a-high-handicap-in-golf,what is a high handicap in golf,Apparel,,GONE,,off-topic (no product pillar),0,0,0,0
shop,/shop/what-is-a-mid-handicap-in-golf,what is a mid handicap in golf,Apparel,,GONE,,off-topic (no product pillar),0,0,0,0
shop,/shop/what-is-a-shamble-in-golf,what is a shamble in golf,Apparel,,GONE,,off-topic (no product pillar),0,0,0,0
shop,/shop/what-is-a-shank-in-golf,what is a shank golf,Apparel,,GONE,,off-topic (no product pillar),0,0,0,0
shop,/shop/what-is-a-stroke-in-golf,what is a stroke in golf,Apparel,,GONE,,off-topic (no product pillar),0,0,0,0
shop,/shop/what-is-an-ace-in-golf,what is an ace in golf,Apparel,,GONE,,off-topic (no product pillar),0,0,0,0
shop,/shop/what-is-golf-par,what is golf par,Apparel,,GONE,,off-topic (no product pillar),0,0,0,0
shop,/shop/what-is-green-fees-in-golf,what is green fees in golf,Apparel,,GONE,,off-topic (no product pillar),0,0,0,1
shop,/shop/what-is-match-play-in-golf,what is match play in golf,Apparel,,GONE,,off-topic (no product pillar),0,0,0,0
shop,/shop/what-is-my-golf-handicap-if-i-shoot-100,what is my golf handicap if i shoot 100,Apparel,,GONE,,off-topic (no product pillar),0,0,0,76
shop,/shop/what-is-par-for-18-holes-of-golf,what is par for 18 holes of golf,Apparel,,GONE,,off-topic (no product pillar),0,0,0,0
shop,/shop/what-is-pinehurst-format-in-golf,what is pinehurst format in golf,Apparel,,GONE,,local/geo intent,0,0,0,0
shop,/shop/what-is-scramble-in-golf,what is scramble in golf,Apparel,,GONE,,off-topic (no product pillar),0,0,0,0
shop,/shop/what-is-scratch-in-golf,what is scratch in golf,Apparel,,GONE,,off-topic (no product pillar),0,0,0,0
shop,/shop/what-is-short-game-in-golf,what is short game in golf,Apparel,,GONE,,off-topic (no product pillar),0,0,0,0
shop,/shop/what-is-slope-rating-in-golf,what is slope rating in golf,Apparel,,GONE,,off-topic (no product pillar),0,0,0,0
shop,/shop/what-is-the-average-golf-score,what is the average golf score,Apparel,,GONE,,off-topic (no product pillar),0,0,0,0
shop,/shop/what-to-wear-to-a-golf-tournament-female,what to wear to a golf tournament female,Apparel,,GONE,,local/service/event intent,0,0,0,0
shop,/shop/whats-a-good-golf-score,whats a good golf score,Apparel,,GONE,,off-topic (no product pillar),0,0,0,0
shop,/shop/where-does-power-come-from-in-golf-swing,where does power come from in golf swing,Golf Equipment,,GONE,,off-topic (no product pillar),0,0,0,0
shop,/shop/where-golf-was-invented,where golf was invented,Golf Equipment,,GONE,,off-topic (no product pillar),0,0,0,0
shop,/shop/why-do-rich-people-play-golf,why do rich people play golf,Golf Equipment,,GONE,,off-topic (no product pillar),0,0,0,0
shop,/shop/why-golf-18-holes,why golf 18 holes,Golf Equipment,,GONE,,off-topic (no product pillar),0,0,0,0
shop,/shop/why-is-golf-so-expensive,why is golf so expensive,Golf Equipment,,GONE,,off-topic (no product pillar),0,0,0,0
shop,/shop/wiaa-girls-golf-gear-guide,wiaa girls golf,Golf Equipment,,GONE,,off-topic (no product pillar),0,0,0,0
shop,/shop/winter-rules-for-golf-guide,winter rules for golf,Golf Equipment,,GONE,,off-topic (no product pillar),0,0,0,0
shop,/shop/wku-womens-golf,wku womens golf,Golf Equipment,,GONE,,off-topic (no product pillar),0,44,0,0
shop,/shop/wrist-pain-after-golf,wrist pain after golf,Golf Equipment,,GONE,,off-topic (no product pillar),0,0,0,0
shop,/shop/yell-fore-in-golf,yell fore in golf,Golf Equipment,,GONE,,off-topic (no product pillar),0,0,0,0
shop,/shop/yonex-golf-guide,yonex golf,Golf Equipment,,GONE,,off-topic (no product pillar),0,0,0,5
blog,/blog/how-do-you-read-a-golf-scorecard,how do you read a golf scorecard,How To,Accessories,GONE,,local/service/event intent,0,0,0,1
shop,/shop/ballyowen-golf-scorecard,ballyowen golf scorecard,Golf Equipment,Accessories,GONE,,local/service/event intent,0,16,0,0
shop,/shop/best-3-1-4-golf-tees,3 1 4 golf tees,Accessories,Accessories,GONE,,below cut (long-tail / thin),0,0,0,0
shop,/shop/best-4-inch-golf-tees,4 inch golf tees,Accessories,Accessories,GONE,,below cut (long-tail / thin),0,0,0,0
shop,/shop/best-4-yards-more-golf-tees,4 yards more golf tees,Accessories,Accessories,GONE,,below cut (long-tail / thin),0,0,0,0
shop,/shop/best-augusta-national-golf-scorecard,augusta national golf scorecard,Golf Equipment,Accessories,GONE,,local/service/event intent,0,38,0,0
shop,/shop/best-ball-retriever-golf,ball retriever golf,Golf Equipment,Accessories,GONE,,below cut (long-tail / thin),0,0,0,0
shop,/shop/best-batman-golf-head-covers,batman golf head covers,Accessories,Accessories,GONE,,novelty/off-topic,0,0,0,0
shop,/shop/best-blank-golf-scorecard,blank golf scorecard,Golf Equipment,Accessories,GONE,,local/service/event intent,0,16,0,0
shop,/shop/best-brookview-golf-tee-times,brookview golf tee times,Accessories,Accessories,GONE,,local/service/event intent,0,0,0,0
shop,/shop/best-budget-golf-gifts-under-100,golf gifts under $100,Golf Equipment,Accessories,GONE,,below cut (long-tail / thin),0,0,0,0
shop,/shop/best-cascata-golf-tee-times,cascata golf tee times,Accessories,Accessories,GONE,,local/service/event intent,0,0,0,0
shop,/shop/best-chi-chi-rodriguez-golf-scorecard,chi chi rodriguez golf scorecard,Golf Equipment,Accessories,GONE,,local/service/event intent,0,0,0,0
shop,/shop/best-chicago-cubs-golf-head-covers,chicago cubs golf head covers,Accessories,Accessories,GONE,,team/celebrity/licensed,0,19,0,1
shop,/shop/best-cleaning-golf-gloves,cleaning golf gloves,Apparel,Accessories,GONE,,below cut (long-tail / thin),0,0,0,0
shop,/shop/best-clip-on-golf-towel,clip on golf towel,Accessories,Accessories,GONE,,below cut (long-tail / thin),0,0,0,0
shop,/shop/best-custom-dog-golf-head-covers,custom dog golf head covers,Accessories,Accessories,GONE,,below cut (long-tail / thin),0,0,0,0
shop,/shop/best-custom-golf-ball-stamp,custom golf ball stamp,Golf Balls,Accessories,GONE,,below cut (long-tail / thin),0,0,0,0
shop,/shop/best-digital-golf-scorecard,digital golf scorecard,Golf Equipment,Accessories,GONE,,local/service/event intent,0,116,1,20
shop,/shop/best-divot-tool-golf,best divot tool golf,Golf Equipment,Accessories,GONE,,below cut (long-tail / thin),0,9,0,0
shop,/shop/best-double-canopy-golf-umbrella,double canopy golf umbrella,Apparel,Accessories,GONE,,below cut (long-tail / thin),0,0,0,0
shop,/shop/best-drizzle-stick-golf-umbrella,drizzle stick golf umbrella,Apparel,Accessories,GONE,,below cut (long-tail / thin),0,0,0,0
shop,/shop/best-durable-rubber-golf-tees,durable rubber golf tees,Accessories,Accessories,GONE,,below cut (long-tail / thin),0,0,0,0
shop,/shop/best-eagle-crest-golf-scorecard,eagle crest golf scorecard,Golf Equipment,Accessories,GONE,,local/service/event intent,0,9,0,0
shop,/shop/best-fathers-day-golf-gifts,father's day golf gifts,Golf Equipment,Accessories,GONE,,below cut (long-tail / thin),0,0,0,0
shop,/shop/best-flavored-golf-tees,flavored golf tees,Accessories,Accessories,GONE,,below cut (long-tail / thin),0,0,0,1
shop,/shop/best-flexible-golf-tees,flexible golf tees,Accessories,Accessories,GONE,,below cut (long-tail / thin),0,0,0,0
shop,/shop/best-funny-golf-ball-markers,funny golf ball markers,Golf Balls,Accessories,GONE,,novelty/off-topic,0,25,0,0
shop,/shop/best-funny-golf-driver-head-covers,funny golf driver head covers,Clubs & Shafts,Accessories,GONE,,novelty/off-topic,0,0,0,0
shop,/shop/best-funny-golf-gifts,funny golf gifts,Golf Equipment,Accessories,GONE,,novelty/off-topic,0,139,0,0
shop,/shop/best-funny-golf-towels,funny golf towels,Accessories,Accessories,GONE,,novelty/off-topic,0,20,0,0
shop,/shop/best-funny-headcovers-golf,funny headcovers golf,Accessories,Accessories,GONE,,novelty/off-topic,0,54,0,0
shop,/shop/best-george-wright-golf-tee-times,george wright golf tee times,Accessories,Accessories,GONE,,local/service/event intent,0,0,0,0
shop,/shop/best-golf-accessories-for-men-buying-guide,golf accessories for men,Golf Equipment,Accessories,GONE,,below cut (long-tail / thin),0,0,0,0
shop,/shop/best-golf-accessories-for-women,golf accessories for women,Golf Equipment,Accessories,GONE,,below cut (long-tail / thin),0,0,0,0
shop,/shop/best-golf-ball-grabber,golf ball grabber,Golf Balls,Accessories,GONE,,below cut (long-tail / thin),0,0,0,0
shop,/shop/best-golf-ball-pick-up-putter,golf ball pick up putter,Golf Balls,Accessories,GONE,,below cut (long-tail / thin),0,0,0,0
shop,/shop/best-golf-ball-pick-up-tool,golf ball pick up tool,Golf Balls,Accessories,GONE,,below cut (long-tail / thin),0,0,0,0
shop,/shop/best-golf-ball-tee,golf ball tee,Golf Balls,Accessories,GONE,,below cut (long-tail / thin),0,0,0,0
shop,/shop/best-golf-ball-washer-guide,golf ball washer,Golf Balls,Accessories,GONE,,below cut (long-tail / thin),0,0,0,1
shop,/shop/best-golf-belt-with-ball-marker-and-divot-tool,golf belt with ball marker and divot tool,Accessories,Accessories,GONE,,below cut (long-tail / thin),0,0,0,0
shop,/shop/best-golf-brush,golf brush,Golf Equipment,Accessories,GONE,,below cut (long-tail / thin),0,0,0,0
shop,/shop/best-golf-cooling-towels,golf cooling towels,Accessories,Accessories,GONE,,below cut (long-tail / thin),0,0,0,1
shop,/shop/best-golf-experience-gifts,golf experience gifts,Golf Equipment,Accessories,GONE,,below cut (long-tail / thin),0,0,0,0
shop,/shop/best-golf-gift-certificate,golf gift certificate,Golf Equipment,Accessories,GONE,,below cut (long-tail / thin),0,0,0,0
shop,/shop/best-golf-gifts-for-husband,golf gifts for husband,Golf Equipment,Accessories,GONE,,below cut (long-tail / thin),0,0,0,0
shop,/shop/best-golf-gifts-for-women,golf gifts for women,Golf Equipment,Accessories,GONE,,below cut (long-tail / thin),0,0,0,0
shop,/shop/best-golf-headcover-for-putter-buying-guide,golf headcover for putter,Accessories,Accessories,GONE,,below cut (long-tail / thin),0,0,0,0
shop,/shop/best-golf-outing-gift-ideas,golf outing gift ideas,Golf Equipment,Accessories,GONE,,local/service/event intent,0,0,0,0
shop,/shop/best-golf-proximity-markers,golf proximity markers,Accessories,Accessories,GONE,,below cut (long-tail / thin),0,0,0,1
shop,/shop/best-golf-retirement-gifts,golf retirement gifts,Golf Equipment,Accessories,GONE,,below cut (long-tail / thin),0,0,0,0
shop,/shop/best-golf-scorecard-creator,golf scorecard creator,Golf Equipment,Accessories,GONE,,local/service/event intent,0,0,0,0
shop,/shop/best-golf-sleeve-cooler,golf sleeve cooler,Golf Equipment,Accessories,GONE,,below cut (long-tail / thin),0,0,0,0
shop,/shop/best-golf-stroke-counter-guide,best golf stroke counter,Golf Equipment,Accessories,GONE,,below cut (long-tail / thin),0,0,0,0
shop,/shop/best-golf-tee-box,golf tee box,Accessories,Accessories,GONE,,below cut (long-tail / thin),0,6,0,0
shop,/shop/best-golf-tee-definition,golf tee definition,Accessories,Accessories,GONE,,below cut (long-tail / thin),0,0,0,0
shop,/shop/best-golf-tee-holder-for-bag,golf tee holder for bag,Accessories,Accessories,GONE,,below cut (long-tail / thin),0,0,0,0
shop,/shop/best-golf-tee-times-chicago,golf tee times chicago,Accessories,Accessories,GONE,,local/service/event intent,0,0,0,0
shop,/shop/best-golf-tees-bulk,golf tees bulk,Accessories,Accessories,GONE,,below cut (long-tail / thin),0,0,0,0
shop,/shop/best-golf-tournament-gifts,best golf tournament gifts,Golf Equipment,Accessories,GONE,,local/service/event intent,0,32,0,0
shop,/shop/best-golf-towels-for-men-buying-guide,golf towels for men,Accessories,Accessories,GONE,,below cut (long-tail / thin),0,0,0,0
shop,/shop/best-good-good-golf-towel,good good golf towel,Accessories,Accessories,GONE,,below cut (long-tail / thin),0,0,0,0
shop,/shop/best-graphic-golf-tee,graphic golf tee,Accessories,Accessories,GONE,,below cut (long-tail / thin),0,0,0,0
shop,/shop/best-inappropriate-golf-head-covers,inappropriate golf head covers,Accessories,Accessories,GONE,,novelty/off-topic,0,18,1,1
shop,/shop/best-inexpensive-golf-gifts,inexpensive golf gifts,Golf Equipment,Accessories,GONE,,below cut (long-tail / thin),0,0,0,0
shop,/shop/best-kc-golf-tee-times,kc golf tee times,Accessories,Accessories,GONE,,local/service/event intent,0,0,0,0
shop,/shop/best-lab-golf-headcover,lab golf headcover,Accessories,Accessories,GONE,,below cut (long-tail / thin),0,0,0,0
shop,/shop/best-labubu-golf-head-cover,labubu golf head cover,Accessories,Accessories,GONE,,novelty/off-topic,0,12,0,0
shop,/shop/best-lakers-golf-towel,lakers golf towel,Accessories,Accessories,GONE,,team/celebrity/licensed,0,0,0,0
shop,/shop/best-legacy-golf-links-scorecard,legacy golf links scorecard,Golf Equipment,Accessories,GONE,,local/service/event intent,0,0,0,0
shop,/shop/best-long-golf-tees,long golf tees,Accessories,Accessories,GONE,,below cut (long-tail / thin),0,8,0,0
shop,/shop/best-longleaf-golf-tees,longleaf golf,Golf Equipment,Accessories,GONE,,below cut (long-tail / thin),0,0,0,0
shop,/shop/best-magnetic-golf-markers,magnetic golf markers,Accessories,Accessories,GONE,,below cut (long-tail / thin),0,7,0,0
shop,/shop/best-magnetic-golf-tee,magnetic golf tee,Accessories,Accessories,GONE,,below cut (long-tail / thin),0,0,0,0
shop,/shop/best-malbon-golf-towel,malbon golf towel,Accessories,Accessories,GONE,,below cut (long-tail / thin),0,0,0,0
shop,/shop/best-maple-moor-golf-tee-times,maple moor golf tee times,Accessories,Accessories,GONE,,local/service/event intent,0,0,0,0
shop,/shop/best-martini-tees-for-golf,martini tees for golf,Accessories,Accessories,GONE,,below cut (long-tail / thin),0,0,0,0
shop,/shop/best-michigan-state-golf-towel,michigan state golf towel,Accessories,Accessories,GONE,,team/celebrity/licensed,0,0,0,0
shop,/shop/best-microfiber-golf-towel,microfiber golf towel,Accessories,Accessories,GONE,,below cut (long-tail / thin),0,0,0,0
shop,/shop/best-mom-golf-gear-gifts-tips,mom golf,Golf Equipment,Accessories,GONE,,below cut (long-tail / thin),0,0,0,0
shop,/shop/best-monmouth-golf-tee-times,monmouth golf tee times,Accessories,Accessories,GONE,,local/service/event intent,0,0,0,0
shop,/shop/best-notre-dame-golf-ball-marker,notre dame golf ball marker,Golf Balls,Accessories,GONE,,team/celebrity/licensed,0,0,0,0
shop,/shop/best-oak-quarry-golf-scorecard,oak quarry golf scorecard,Golf Equipment,Accessories,GONE,,local/service/event intent,0,0,0,0
shop,/shop/best-pebble-beach-golf-scorecard,pebble beach golf scorecard,Golf Equipment,Accessories,GONE,,local/service/event intent,0,9,0,0
shop,/shop/best-pink-golf-headcovers,pink golf headcovers,Accessories,Accessories,GONE,,below cut (long-tail / thin),0,14,0,0
shop,/shop/best-plastic-golf-tees,plastic golf tees,Accessories,Accessories,GONE,,below cut (long-tail / thin),0,0,0,0
shop,/shop/best-poppy-hills-golf-scorecard,poppy hills golf scorecard,Golf Equipment,Accessories,GONE,,local/service/event intent,0,20,0,0
shop,/shop/best-pride-golf-tees,pride golf tees,Accessories,Accessories,GONE,,below cut (long-tail / thin),0,0,0,0
shop,/shop/best-retro-golf-headcovers,retro golf headcovers,Accessories,Accessories,GONE,,below cut (long-tail / thin),0,0,0,0
shop,/shop/best-rubber-golf-tee-holder,rubber golf tee holder,Accessories,Accessories,GONE,,below cut (long-tail / thin),0,0,0,0
shop,/shop/best-scorecards-for-golf,scorecards for golf,Golf Equipment,Accessories,GONE,,local/service/event intent,0,226,0,0
shop,/shop/best-senior-tees-in-golf-age,senior tees in golf age,Accessories,Accessories,GONE,,below cut (long-tail / thin),0,0,0,0
shop,/shop/best-standard-golf-tee-size,standard golf tee size,Accessories,Accessories,GONE,,below cut (long-tail / thin),0,0,0,0
shop,/shop/best-stonewall-golf-tee-times,stonewall golf tee times,Accessories,Accessories,GONE,,local/service/event intent,0,0,0,0
shop,/shop/best-sunday-red-golf-towel,sunday red golf towel,Accessories,Accessories,GONE,,below cut (long-tail / thin),0,0,0,0
shop,/shop/best-talamore-golf-scorecard,talamore golf scorecard,Golf Equipment,Accessories,GONE,,local/service/event intent,0,20,0,0
shop,/shop/best-tee-it-up-golf-guide,tee it up golf,Accessories,Accessories,GONE,,below cut (long-tail / thin),0,0,0,0
shop,/shop/best-tee-markers-in-golf,tee markers in golf,Accessories,Accessories,GONE,,below cut (long-tail / thin),0,6,0,0
shop,/shop/best-tee-time-golf-range,tee time golf range,Accessories,Accessories,GONE,,local/service/event intent,0,0,0,0
shop,/shop/best-towelie-golf-towel,towelie golf towel,Accessories,Accessories,GONE,,below cut (long-tail / thin),0,0,0,0
shop,/shop/best-twisted-dune-golf-scorecard,twisted dune golf scorecard,Golf Equipment,Accessories,GONE,,local/service/event intent,0,0,0,0
shop,/shop/best-valentines-day-golf-gifts,valentine's day golf gifts,Golf Equipment,Accessories,GONE,,below cut (long-tail / thin),0,0,0,0
shop,/shop/best-waffle-golf-towel,waffle golf towel,Accessories,Accessories,GONE,,below cut (long-tail / thin),0,0,0,0
shop,/shop/best-western-birch-golf-tees,western birch golf tees,Accessories,Accessories,GONE,,below cut (long-tail / thin),0,9,0,0
shop,/shop/branded-golf-ball-gift-sets,branded golf ball gift sets,Golf Balls,Accessories,GONE,,below cut (long-tail / thin),0,0,0,0
shop,/shop/callaway-golf-tri-fold-towel-review,callaway golf tri fold towel,Golf Balls,Accessories,GONE,,below cut (long-tail / thin),0,0,0,0
shop,/shop/cool-golf-tees,cool golf tees,Accessories,Accessories,GONE,,below cut (long-tail / thin),0,0,0,0
shop,/shop/encinitas-ranch-golf-scorecard,encinitas ranch golf scorecard,Golf Equipment,Accessories,GONE,,local/service/event intent,0,13,0,0
shop,/shop/funny-golf-tee-shirts,funny golf tee shirts,Apparel,Accessories,GONE,,novelty/off-topic,0,0,0,0
shop,/shop/golf-bachelor-party-gifts,golf bachelor party gifts,Golf Equipment,Accessories,GONE,,local/service/event intent,0,0,0,0
shop,/shop/golf-ball-cleaning-machine,golf ball cleaning machine,Golf Balls,Accessories,GONE,,below cut (long-tail / thin),0,19,0,0
shop,/shop/golf-driver-tee-height-guide,golf driver tee height,Clubs & Shafts,Accessories,GONE,,below cut (long-tail / thin),0,0,0,0
shop,/shop/golf-gifts-for-her,golf gifts for her,Golf Equipment,Accessories,GONE,,below cut (long-tail / thin),0,0,0,0
shop,/shop/golf-gifts-under-50,golf gifts under 50,Golf Equipment,Accessories,GONE,,below cut (long-tail / thin),0,0,0,0
shop,/shop/golf-ideas-for-christmas-gifts,golf ideas for christmas gifts,Golf Equipment,Accessories,GONE,,novelty/off-topic,0,0,0,0
shop,/shop/golf-tech-gifts,golf tech gifts,Golf Equipment,Accessories,GONE,,below cut (long-tail / thin),0,0,0,0
shop,/shop/golf-tee-box-colors-meaning,golf tee box colors meaning,Accessories,Accessories,GONE,,below cut (long-tail / thin),0,0,0,3
shop,/shop/golf-tees-and-ball,golf tees and ball,Accessories,Accessories,GONE,,duplicate keyword (plural/variant) (target not kept),0,0,0,0
shop,/shop/how-high-do-you-tee-up-a-golf-ball-guide,how high do you tee up a golf ball,Golf Balls,Accessories,GONE,,below cut (long-tail / thin),0,0,0,0
shop,/shop/los-lagos-golf-scorecard,los lagos golf scorecard,Golf Equipment,Accessories,GONE,,local/service/event intent,0,0,0,0
shop,/shop/rivers-edge-golf-scorecard,river's edge golf scorecard,Golf Equipment,Accessories,GONE,,local/service/event intent,0,0,0,0
shop,/shop/tanglewood-golf-scorecard-guide,tanglewood golf scorecard,Clubs & Shafts,Accessories,GONE,,local/service/event intent,0,16,0,0
shop,/shop/titleist-golf-scorecard-holder-review,titleist golf scorecard holder,Golf Balls,Accessories,GONE,,local/service/event intent,0,13,0,0
shop,/shop/top-golf-gift-card-balance,top golf gift card balance,Golf Equipment,Accessories,GONE,,novelty/off-topic,0,0,0,0
shop,/shop/unique-golf-gifts-for-him,unique golf gifts for him,Golf Equipment,Accessories,GONE,,below cut (long-tail / thin),0,17,0,0
shop,/shop/what-is-a-divot-in-golf,what is a divot in golf,Apparel,Accessories,GONE,,below cut (long-tail / thin),0,0,0,0
shop,/shop/adidas-adicross-retro-golf-shoes-review,adidas adicross retro golf shoes,Apparel,Apparel & Shoes,GONE,,below cut (long-tail / thin),0,10,0,0
shop,/shop/adidas-adipower-4orged-s-golf-shoes-review,adidas adipower 4orged s golf shoes,Apparel,Apparel & Shoes,GONE,,below cut (long-tail / thin),0,0,0,2
shop,/shop/are-golf-pants-business-casual-guide,are golf pants business casual,Golf Equipment,Apparel & Shoes,GONE,,below cut (long-tail / thin),0,0,0,0
shop,/shop/are-polarized-sunglasses-good-for-golf,are polarized sunglasses good for golf,Golf Equipment,Apparel & Shoes,GONE,,below cut (long-tail / thin),0,0,0,19
shop,/shop/argyle-sweater-golf-classic-style-course-performance,argyle sweater golf,Golf Equipment,Apparel & Shoes,GONE,,local/service/event intent,0,0,0,0
shop,/shop/best-1950s-golf-attire,1950s golf attire,Golf Equipment,Apparel & Shoes,GONE,,novelty/off-topic,0,20,1,9
shop,/shop/best-2-in-the-pink-golf-glove,2 in the pink golf glove,Apparel,Apparel & Shoes,GONE,,below cut (long-tail / thin),0,0,0,0
shop,/shop/best-2xlt-golf-shirts,2xlt golf shirts,Apparel,Apparel & Shoes,GONE,,below cut (long-tail / thin),0,8,0,0
shop,/shop/best-3-4-sleeve-golf-shirts-women,3 4 sleeve golf shirts for women,Apparel,Apparel & Shoes,GONE,,below cut (long-tail / thin),0,38,0,0
shop,/shop/best-3xlt-golf-polos,3xlt golf polos,Golf Equipment,Apparel & Shoes,GONE,,below cut (long-tail / thin),0,0,0,0
shop,/shop/best-4xl-golf-shirts,4xl golf shirts,Apparel,Apparel & Shoes,GONE,,below cut (long-tail / thin),0,0,0,0
shop,/shop/best-550-golf-shoes,550 golf shoes,Apparel,Apparel & Shoes,GONE,,below cut (long-tail / thin),0,0,0,0
shop,/shop/best-7-inch-golf-shorts,7 inch golf shorts,Apparel,Apparel & Shoes,GONE,,below cut (long-tail / thin),0,0,0,0
shop,/shop/best-7-inseam-golf-shorts,7 inseam golf shorts,Apparel,Apparel & Shoes,GONE,,below cut (long-tail / thin),0,0,0,0
shop,/shop/best-adjustable-golf-hats,adjustable golf hats,Apparel,Apparel & Shoes,GONE,,below cut (long-tail / thin),0,10,0,0
shop,/shop/best-ahead-golf-hats,ahead golf hats,Apparel,Apparel & Shoes,GONE,,below cut (long-tail / thin),0,0,0,0
shop,/shop/best-air-max-golf-shoe,air max golf shoe,Apparel,Apparel & Shoes,GONE,,below cut (long-tail / thin),0,0,0,0
shop,/shop/best-air-zoom-infinity-tour-golf-shoe,air zoom infinity tour golf shoe,Apparel,Apparel & Shoes,GONE,,below cut (long-tail / thin),0,0,0,0
shop,/shop/best-alabama-golf-shirt,alabama golf shirt,Apparel,Apparel & Shoes,GONE,,team/celebrity/licensed,0,0,0,0
shop,/shop/best-american-flag-golf-polo,american flag golf polo,Golf Equipment,Apparel & Shoes,GONE,,team/celebrity/licensed,0,0,0,0
shop,/shop/best-american-flag-golf-shirt,american flag golf shirt,Apparel,Apparel & Shoes,GONE,,team/celebrity/licensed,0,23,0,0
shop,/shop/best-american-flag-golf-shoes,american flag golf shoes,Apparel,Apparel & Shoes,GONE,,team/celebrity/licensed,0,0,0,0
shop,/shop/best-arch-support-golf-shoes,best arch support golf shoes,Apparel,Apparel & Shoes,GONE,,below cut (long-tail / thin),0,0,0,0
shop,/shop/best-arnold-palmer-golf-shirts,arnold palmer golf shirts,Apparel,Apparel & Shoes,GONE,,below cut (long-tail / thin),0,0,0,0
shop,/shop/best-asics-gel-kayano-golf-shoes,asics gel kayano golf shoes,Apparel,Apparel & Shoes,GONE,,below cut (long-tail / thin),0,0,0,0
shop,/shop/best-baby-girl-golf-outfit,baby girl golf outfit,Golf Equipment,Apparel & Shoes,GONE,,below cut (long-tail / thin),0,17,0,0
shop,/shop/best-bad-birdie-golf-hat,bad birdie golf hat,Apparel,Apparel & Shoes,GONE,,below cut (long-tail / thin),0,0,0,0
shop,/shop/best-bargain-golf-shirts,bargain golf shirts,Apparel,Apparel & Shoes,GONE,,below cut (long-tail / thin),0,17,0,0
shop,/shop/best-ben-hogan-golf-shirt,ben hogan golf shirt,Apparel,Apparel & Shoes,GONE,,below cut (long-tail / thin),0,0,0,0
shop,/shop/best-big-and-tall-golf-apparel,big and tall golf apparel,Apparel,Apparel & Shoes,GONE,,below cut (long-tail / thin),0,0,0,0
shop,/shop/best-big-and-tall-golf-polos,big and tall golf polos,Golf Equipment,Apparel & Shoes,GONE,,below cut (long-tail / thin),0,0,0,0
shop,/shop/best-big-and-tall-golf-shirts,big and tall golf shirts,Apparel,Apparel & Shoes,GONE,,below cut (long-tail / thin),0,0,0,0
shop,/shop/best-biom-c4-golf-shoes,biom c4 golf shoes,Apparel,Apparel & Shoes,GONE,,below cut (long-tail / thin),0,0,0,0
shop,/shop/best-black-golf-gloves,black golf gloves,Apparel,Apparel & Shoes,GONE,,below cut (long-tail / thin),0,6,0,0
shop,/shop/best-black-golf-vest,black golf vest,Golf Equipment,Apparel & Shoes,GONE,,below cut (long-tail / thin),0,0,0,0
shop,/shop/best-blade-collar-golf-shirts,blade collar golf shirts,Apparel,Apparel & Shoes,GONE,,below cut (long-tail / thin),0,0,0,0
shop,/shop/best-blank-golf-polos,blank golf polos,Golf Equipment,Apparel & Shoes,GONE,,below cut (long-tail / thin),0,0,0,0
shop,/shop/best-blank-golf-shirts,blank golf shirts,Apparel,Apparel & Shoes,GONE,,below cut (long-tail / thin),0,0,0,1
shop,/shop/best-blue-golf-shirt,blue golf shirt,Apparel,Apparel & Shoes,GONE,,below cut (long-tail / thin),0,17,0,0
shop,/shop/best-blue-golf-shoes,blue golf shoes,Apparel,Apparel & Shoes,GONE,,below cut (long-tail / thin),0,0,0,0
shop,/shop/best-blue-golf-skirt,blue golf skirt,Golf Equipment,Apparel & Shoes,GONE,,below cut (long-tail / thin),0,0,0,0
shop,/shop/best-bobby-jones-golf-apparel,bobby jones golf apparel,Apparel,Apparel & Shoes,GONE,,below cut (long-tail / thin),0,9,0,0
shop,/shop/best-boston-celtics-golf-shirt,boston celtics golf shirt,Apparel,Apparel & Shoes,GONE,,team/celebrity/licensed,0,0,0,0
shop,/shop/best-breezy-golf-have-a-day-hat,breezy golf have a day hat,Apparel,Apparel & Shoes,GONE,,below cut (long-tail / thin),0,0,0,0
shop,/shop/best-brown-golf-shoes,brown golf shoes,Apparel,Apparel & Shoes,GONE,,below cut (long-tail / thin),0,0,0,0
shop,/shop/best-bucket-golf-hat-guide,bucket golf hat,Apparel,Apparel & Shoes,GONE,,below cut (long-tail / thin),0,0,0,0
shop,/shop/best-bulk-golf-gloves,bulk golf gloves,Apparel,Apparel & Shoes,GONE,,below cut (long-tail / thin),0,0,0,0
shop,/shop/best-button-up-golf-shirt,button up golf shirt,Apparel,Apparel & Shoes,GONE,,below cut (long-tail / thin),0,6,0,0
shop,/shop/best-cabretta-leather-golf-gloves,cabretta leather golf gloves,Apparel,Apparel & Shoes,GONE,,below cut (long-tail / thin),0,0,0,0
shop,/shop/best-camo-golf-hat,camo golf hat,Apparel,Apparel & Shoes,GONE,,team/celebrity/licensed,0,29,0,0
shop,/shop/best-camo-golf-shirts-men,camo golf shirts men,Apparel,Apparel & Shoes,GONE,,team/celebrity/licensed,0,0,0,0
shop,/shop/best-cap-clip-golf,cap clip golf,Apparel,Apparel & Shoes,GONE,,below cut (long-tail / thin),0,0,0,0
shop,/shop/best-cashmere-golf-sweater,cashmere golf sweater,Golf Equipment,Apparel & Shoes,GONE,,below cut (long-tail / thin),0,0,0,0
shop,/shop/best-christmas-golf-shirts,christmas golf shirts,Apparel,Apparel & Shoes,GONE,,novelty/off-topic,0,0,0,0
shop,/shop/best-classic-golf-shoes,classic golf shoes,Apparel,Apparel & Shoes,GONE,,below cut (long-tail / thin),0,0,0,0
shop,/shop/best-codechaos-golf-shoes,codechaos golf shoes,Apparel,Apparel & Shoes,GONE,,below cut (long-tail / thin),0,0,0,0
shop,/shop/best-cold-weather-golf-apparel,best cold weather golf apparel,Apparel,Apparel & Shoes,GONE,,below cut (long-tail / thin),0,0,0,0
shop,/shop/best-cold-weather-golf-pants,cold weather golf pants,Golf Equipment,Apparel & Shoes,GONE,,below cut (long-tail / thin),0,0,0,0
shop,/shop/best-colder-weather-golf-attire,colder weather golf attire,Golf Equipment,Apparel & Shoes,GONE,,below cut (long-tail / thin),0,0,0,0
shop,/shop/best-cole-hahn-golf-shoes,cole hahn golf shoes,Apparel,Apparel & Shoes,GONE,,below cut (long-tail / thin),0,14,0,0
shop,/shop/best-colored-golf-gloves,colored golf gloves,Apparel,Apparel & Shoes,GONE,,below cut (long-tail / thin),0,10,0,0
shop,/shop/best-cool-golf-gloves,cool golf gloves,Apparel,Apparel & Shoes,GONE,,below cut (long-tail / thin),0,0,0,0
shop,/shop/best-cool-golf-hat,cool golf hat,Apparel,Apparel & Shoes,GONE,,below cut (long-tail / thin),0,14,0,0
shop,/shop/best-copper-tech-golf-glove,copper tech golf glove,Apparel,Apparel & Shoes,GONE,,below cut (long-tail / thin),0,0,0,0
shop,/shop/best-coronado-v4-mens-golf-shoes,coronado v4 mens golf shoes,Apparel,Apparel & Shoes,GONE,,below cut (long-tail / thin),0,7,0,0
shop,/shop/best-cotton-golf-shirt,cotton golf shirt,Apparel,Apparel & Shoes,GONE,,below cut (long-tail / thin),0,0,0,0
shop,/shop/best-croc-golf-shoe,croc golf shoe,Apparel,Apparel & Shoes,GONE,,below cut (long-tail / thin),0,8,0,0
shop,/shop/best-cuater-golf-shoes,cuater golf shoes,Apparel,Apparel & Shoes,GONE,,below cut (long-tail / thin),0,0,0,0
shop,/shop/best-cubavera-golf-shirts,cubavera golf shirts,Apparel,Apparel & Shoes,GONE,,below cut (long-tail / thin),0,0,0,0
shop,/shop/best-custom-callaway-golf-shirts,custom callaway golf shirts,Golf Balls,Apparel & Shoes,GONE,,below cut (long-tail / thin),0,0,0,0
shop,/shop/best-custom-golf-hats,custom golf hats,Apparel,Apparel & Shoes,GONE,,below cut (long-tail / thin),0,0,0,0
shop,/shop/best-custom-golf-polo,custom golf polo,Golf Equipment,Apparel & Shoes,GONE,,below cut (long-tail / thin),0,0,0,0
shop,/shop/best-custom-golf-shirts-under-armour,custom golf shirts under armour,Apparel,Apparel & Shoes,GONE,,below cut (long-tail / thin),0,0,0,0
shop,/shop/best-custom-golf-visor,custom golf visor,Golf Equipment,Apparel & Shoes,GONE,,below cut (long-tail / thin),0,0,0,0
shop,/shop/best-customized-golf-shoes,customized golf shoes,Apparel,Apparel & Shoes,GONE,,below cut (long-tail / thin),0,0,0,0
shop,/shop/best-cutest-golf-outfits,cutest golf outfits,Golf Equipment,Apparel & Shoes,GONE,,below cut (long-tail / thin),0,0,0,0
shop,/shop/best-dad-golf-hat-guide,dad golf hat,Apparel,Apparel & Shoes,GONE,,novelty/off-topic,0,0,0,0
shop,/shop/best-daddy-and-me-golf-shirts,daddy and me golf shirts,Apparel,Apparel & Shoes,GONE,,below cut (long-tail / thin),0,0,0,0
shop,/shop/best-daily-golf-apparel,daily golf apparel,Apparel,Apparel & Shoes,GONE,,below cut (long-tail / thin),0,0,0,0
shop,/shop/best-dark-golf-sunglasses,dark golf,Golf Equipment,Apparel & Shoes,GONE,,below cut (long-tail / thin),0,0,0,0
shop,/shop/best-del-campo-golf-socks,del campo golf socks,Golf Equipment,Apparel & Shoes,GONE,,below cut (long-tail / thin),0,0,0,0
shop,/shop/best-discount-golf-pants,discount golf pants,Golf Equipment,Apparel & Shoes,GONE,,below cut (long-tail / thin),0,0,0,0
shop,/shop/best-dodgers-golf-hat,dodgers golf hat,Apparel,Apparel & Shoes,GONE,,team/celebrity/licensed,0,35,0,0
shop,/shop/best-dodgers-golf-shirt,dodgers golf shirt,Apparel,Apparel & Shoes,GONE,,team/celebrity/licensed,0,0,0,0
shop,/shop/best-dog-golf-outfit,dog golf outfit,Golf Equipment,Apparel & Shoes,GONE,,below cut (long-tail / thin),0,0,0,0
shop,/shop/best-donald-ross-golf-shirts,donald ross golf shirts,Apparel,Apparel & Shoes,GONE,,below cut (long-tail / thin),0,0,0,0
shop,/shop/best-dri-fit-golf-shorts,dri fit golf shorts,Apparel,Apparel & Shoes,GONE,,below cut (long-tail / thin),0,9,0,0
shop,/shop/best-duck-golf-shirt,duck golf shirt,Apparel,Apparel & Shoes,GONE,,below cut (long-tail / thin),0,0,0,0
shop,/shop/best-duke-golf-shirt,duke golf shirt,Apparel,Apparel & Shoes,GONE,,team/celebrity/licensed,0,9,0,0
shop,/shop/best-eagles-golf-shirt,eagles golf shirt,Apparel,Apparel & Shoes,GONE,,team/celebrity/licensed,0,0,0,0
shop,/shop/best-ecco-s-three-golf-shoes,ecco s three golf shoes,Apparel,Apparel & Shoes,GONE,,below cut (long-tail / thin),0,0,0,1
shop,/shop/best-father-son-golf-shirts,father son golf shirts,Apparel,Apparel & Shoes,GONE,,below cut (long-tail / thin),0,0,0,0
shop,/shop/best-female-golf-polo,female golf polo,Golf Equipment,Apparel & Shoes,GONE,,below cut (long-tail / thin),0,0,0,0
shop,/shop/best-finger-ten-golf-gloves,finger ten golf gloves,Apparel,Apparel & Shoes,GONE,,below cut (long-tail / thin),0,0,0,0
shop,/shop/best-fitted-golf-hat,fitted golf hat,Apparel,Apparel & Shoes,GONE,,below cut (long-tail / thin),0,0,0,0
shop,/shop/best-five-pocket-golf-pants,five pocket golf pants,Golf Equipment,Apparel & Shoes,GONE,,below cut (long-tail / thin),0,0,0,0
shop,/shop/best-fj-fuel-golf-shoes,fj fuel golf shoes,Apparel,Apparel & Shoes,GONE,,below cut (long-tail / thin),0,0,0,0
shop,/shop/best-flamingo-golf-shirt,flamingo golf shirt,Apparel,Apparel & Shoes,GONE,,below cut (long-tail / thin),0,0,0,0
shop,/shop/best-fleece-lined-golf-trousers,fleece lined golf trousers,Golf Equipment,Apparel & Shoes,GONE,,below cut (long-tail / thin),0,12,0,0
shop,/shop/best-flexfit-110-golf-hat,flexfit 110 golf hat,Apparel,Apparel & Shoes,GONE,,below cut (long-tail / thin),0,24,0,0
shop,/shop/best-florida-gators-golf-hat,florida gators golf hat,Apparel,Apparel & Shoes,GONE,,team/celebrity/licensed,0,0,0,0
shop,/shop/best-flowered-golf-shirts,flowered golf shirts,Apparel,Apparel & Shoes,GONE,,below cut (long-tail / thin),0,0,0,0
shop,/shop/best-fun-golf-shirts-for-men-buying-guide,fun golf shirts for men,Apparel,Apparel & Shoes,GONE,,below cut (long-tail / thin),0,0,0,0
shop,/shop/best-funny-golf-gloves,funny golf gloves,Apparel,Apparel & Shoes,GONE,,novelty/off-topic,0,12,0,0
shop,/shop/best-funny-golf-pants,funny golf pants,Golf Equipment,Apparel & Shoes,GONE,,novelty/off-topic,0,0,0,9
shop,/shop/best-funny-golf-polo-shirts,funny golf polo shirts,Apparel,Apparel & Shoes,GONE,,novelty/off-topic,0,10,0,0
shop,/shop/best-funny-golf-polos,funny golf polos,Golf Equipment,Apparel & Shoes,GONE,,novelty/off-topic,0,9,0,0
shop,/shop/best-funny-golf-polos-women,funny golf polos for women,Golf Equipment,Apparel & Shoes,GONE,,novelty/off-topic,0,0,0,0
shop,/shop/best-funny-golf-t-shirt,funny golf t shirt,Apparel,Apparel & Shoes,GONE,,novelty/off-topic,0,0,0,0
shop,/shop/best-funny-womens-golf-shirts,funny womens golf shirts,Apparel,Apparel & Shoes,GONE,,novelty/off-topic,0,32,0,1
shop,/shop/best-g-fore-golf-hats,g fore golf hats,Apparel,Apparel & Shoes,GONE,,below cut (long-tail / thin),0,0,0,0
shop,/shop/best-g-fore-golf-shirts,g fore golf shirts,Apparel,Apparel & Shoes,GONE,,below cut (long-tail / thin),0,0,0,0
shop,/shop/best-g112-golf-shoes,g112 golf shoes,Apparel,Apparel & Shoes,GONE,,below cut (long-tail / thin),0,9,0,0
shop,/shop/best-gallivanter-golf-shoes,gallivanter golf shoes,Apparel,Apparel & Shoes,GONE,,below cut (long-tail / thin),0,0,0,1
shop,/shop/best-gfore-golf-gloves,gfore golf gloves,Apparel,Apparel & Shoes,GONE,,below cut (long-tail / thin),0,13,0,0
shop,/shop/best-ghost-golf-glove,ghost golf glove,Apparel,Apparel & Shoes,GONE,,below cut (long-tail / thin),0,0,0,0
shop,/shop/best-go-golf-shoes,go golf shoes,Apparel,Apparel & Shoes,GONE,,below cut (long-tail / thin),0,0,0,0
shop,/shop/best-golden-bear-golf-shirts,golden bear golf shirts,Apparel,Apparel & Shoes,GONE,,below cut (long-tail / thin),0,0,0,0
shop,/shop/best-golf-apparel-logos,golf apparel logos,Apparel,Apparel & Shoes,GONE,,novelty/off-topic,0,43,0,1
shop,/shop/best-golf-arm-sleeves-for-men,golf arm sleeves for men,Golf Equipment,Apparel & Shoes,GONE,,below cut (long-tail / thin),0,0,0,0
shop,/shop/best-golf-attire-dress-code,golf attire dress code,Golf Equipment,Apparel & Shoes,GONE,,below cut (long-tail / thin),0,0,0,0
shop,/shop/best-golf-attire-womens-rules,golf attire womens rules,Golf Equipment,Apparel & Shoes,GONE,,below cut (long-tail / thin),0,0,0,0
shop,/shop/best-golf-beanie,golf beanie,Golf Equipment,Apparel & Shoes,GONE,,below cut (long-tail / thin),0,0,0,0
shop,/shop/best-golf-black-shirt,golf black shirt,Apparel,Apparel & Shoes,GONE,,below cut (long-tail / thin),0,0,0,0
shop,/shop/best-golf-body-warmer,golf body warmer,Golf Equipment,Apparel & Shoes,GONE,,below cut (long-tail / thin),0,0,0,0
shop,/shop/best-golf-cargo-pants,golf cargo pants,Golf Equipment,Apparel & Shoes,GONE,,below cut (long-tail / thin),0,10,0,0
shop,/shop/best-golf-casual-attire,golf casual attire,Golf Equipment,Apparel & Shoes,GONE,,below cut (long-tail / thin),0,0,0,0
shop,/shop/best-golf-clothing-brand-names,golf clothing brand names,Apparel,Apparel & Shoes,GONE,,novelty/off-topic,0,0,0,0
shop,/shop/best-golf-cowboy-hat,golf cowboy hat,Apparel,Apparel & Shoes,GONE,,below cut (long-tail / thin),0,15,0,0
shop,/shop/best-golf-crewneck-sweater,golf crewneck sweater,Golf Equipment,Apparel & Shoes,GONE,,below cut (long-tail / thin),0,0,0,0
shop,/shop/best-golf-dresses,golf dresses,Golf Equipment,Apparel & Shoes,GONE,,below cut (long-tail / thin),0,28,0,0
shop,/shop/best-golf-flat-cap,golf flat cap,Apparel,Apparel & Shoes,GONE,,below cut (long-tail / thin),0,6,0,0
shop,/shop/best-golf-glove-case,golf glove case,Apparel,Apparel & Shoes,GONE,,below cut (long-tail / thin),0,7,0,0
shop,/shop/best-golf-glove-holder,golf glove holder,Apparel,Apparel & Shoes,GONE,,below cut (long-tail / thin),0,9,0,0
shop,/shop/best-golf-glove-with-grip-lines,golf glove with grip lines,Apparel,Apparel & Shoes,GONE,,below cut (long-tail / thin),0,0,0,0
shop,/shop/best-golf-gloves-for-right-handers,golf gloves for right handers,Apparel,Apparel & Shoes,GONE,,below cut (long-tail / thin),0,0,0,1
shop,/shop/best-golf-gloves-women-right-hand,golf gloves women right hand,Apparel,Apparel & Shoes,GONE,,below cut (long-tail / thin),0,8,0,0
shop,/shop/best-golf-graphic-t-shirts,golf graphic t shirts,Apparel,Apparel & Shoes,GONE,,below cut (long-tail / thin),0,45,0,0
shop,/shop/best-golf-hat-black,golf hat black,Apparel,Apparel & Shoes,GONE,,below cut (long-tail / thin),0,7,0,0
shop,/shop/best-golf-hat-name,golf hat name,Apparel,Apparel & Shoes,GONE,,novelty/off-topic,0,0,0,0
shop,/shop/best-golf-hats-for-women,golf hats for women,Apparel,Apparel & Shoes,GONE,,below cut (long-tail / thin),0,0,0,0
shop,/shop/best-golf-hats-ireland,golf hats ireland,Apparel,Apparel & Shoes,GONE,,local/geo intent,0,0,0,0
shop,/shop/best-golf-hoodie,golf hoodie,Golf Equipment,Apparel & Shoes,GONE,,below cut (long-tail / thin),0,5,0,0
shop,/shop/best-golf-in-the-rain-gear-tips,golf in the rain,Golf Equipment,Apparel & Shoes,GONE,,below cut (long-tail / thin),0,0,0,0
shop,/shop/best-golf-instagram-captions,golf instagram captions,Apparel,Apparel & Shoes,GONE,,novelty/off-topic,0,0,0,0
shop,/shop/best-golf-knickers-outfit,golf knickers outfit,Golf Equipment,Apparel & Shoes,GONE,,below cut (long-tail / thin),0,0,0,0
shop,/shop/best-golf-le-fleur-hats,golf le fleur hats,Apparel,Apparel & Shoes,GONE,,below cut (long-tail / thin),0,0,0,0
shop,/shop/best-golf-le-fleur-loafers,golf le fleur loafers,Golf Equipment,Apparel & Shoes,GONE,,below cut (long-tail / thin),0,0,0,0
shop,/shop/best-golf-magnetic-hat-clips,golf magnetic hat clips,Apparel,Apparel & Shoes,GONE,,below cut (long-tail / thin),0,0,0,0
shop,/shop/best-golf-mule-shoes,golf mule shoes,Apparel,Apparel & Shoes,GONE,,below cut (long-tail / thin),0,0,0,0
shop,/shop/best-golf-ostrich-belt-guide,golf ostrich,Golf Equipment,Apparel & Shoes,GONE,,below cut (long-tail / thin),0,0,0,0
shop,/shop/best-golf-outerwear,golf outerwear,Golf Equipment,Apparel & Shoes,GONE,,below cut (long-tail / thin),0,11,0,0
shop,/shop/best-golf-pants-crazy,golf pants crazy,Golf Equipment,Apparel & Shoes,GONE,,below cut (long-tail / thin),0,0,0,0
shop,/shop/best-golf-pants-titleist,golf pants titleist,Golf Balls,Apparel & Shoes,GONE,,below cut (long-tail / thin),0,0,0,0
shop,/shop/best-golf-polos-womens,golf polos women's,Golf Equipment,Apparel & Shoes,GONE,,below cut (long-tail / thin),0,0,0,0
shop,/shop/best-golf-pullover,golf pullover,Golf Equipment,Apparel & Shoes,GONE,,below cut (long-tail / thin),0,0,0,0
shop,/shop/best-golf-rain-gear,best golf rain gear,Apparel,Apparel & Shoes,GONE,,below cut (long-tail / thin),0,7,0,0
shop,/shop/best-golf-rain-gloves,best golf rain gloves,Apparel,Apparel & Shoes,GONE,,below cut (long-tail / thin),0,0,0,0
shop,/shop/best-golf-rain-jacket-short-sleeve,golf rain jacket short sleeve,Apparel,Apparel & Shoes,GONE,,below cut (long-tail / thin),0,0,0,0
shop,/shop/best-golf-rain-suits-for-mens,golf rain suits for mens,Golf Equipment,Apparel & Shoes,GONE,,below cut (long-tail / thin),0,0,0,0
shop,/shop/best-golf-shirt-fit,golf shirt fit,Apparel,Apparel & Shoes,GONE,,below cut (long-tail / thin),0,0,0,0
shop,/shop/best-golf-shirt-short-sleeve,golf shirt short sleeve,Apparel,Apparel & Shoes,GONE,,below cut (long-tail / thin),0,12,0,0
shop,/shop/best-golf-shirts-with-pockets,golf shirts with pockets,Apparel,Apparel & Shoes,GONE,,below cut (long-tail / thin),0,0,0,0
shop,/shop/best-golf-shirts-with-spf-protection,golf shirts with spf protection,Apparel,Apparel & Shoes,GONE,,below cut (long-tail / thin),0,0,0,0
shop,/shop/best-golf-shoe-bag,golf shoe bag,Apparel,Apparel & Shoes,GONE,,below cut (long-tail / thin),0,0,0,0
shop,/shop/best-golf-shoes-for-narrow-feet,best golf shoes for narrow feet,Apparel,Apparel & Shoes,GONE,,below cut (long-tail / thin),0,0,0,0
shop,/shop/best-golf-shoes-for-stability,golf shoes for stability,Apparel,Apparel & Shoes,GONE,,below cut (long-tail / thin),0,0,0,0
shop,/shop/best-golf-shoes-for-walking,best golf shoes for walking,Apparel,Apparel & Shoes,GONE,,below cut (long-tail / thin),0,0,0,0
shop,/shop/best-golf-shoes-under-100,best golf shoes under $100,Apparel,Apparel & Shoes,GONE,,below cut (long-tail / thin),0,0,0,0
shop,/shop/best-golf-shoes-wide-toe-box,golf shoes wide toe box,Apparel,Apparel & Shoes,GONE,,below cut (long-tail / thin),0,0,0,0
shop,/shop/best-golf-shoes-with-spikes,golf shoes with spikes,Apparel,Apparel & Shoes,GONE,,below cut (long-tail / thin),0,19,0,0
shop,/shop/best-golf-shorts-female,golf shorts female,Apparel,Apparel & Shoes,GONE,,below cut (long-tail / thin),0,0,0,1
shop,/shop/best-golf-shorts-for-women,golf shorts for women,Apparel,Apparel & Shoes,GONE,,below cut (long-tail / thin),0,0,0,0
shop,/shop/best-golf-skirts-for-ladies,golf skirts for ladies,Golf Equipment,Apparel & Shoes,GONE,,below cut (long-tail / thin),0,0,0,0
shop,/shop/best-golf-skort-with-pockets,golf skort with pockets,Golf Equipment,Apparel & Shoes,GONE,,below cut (long-tail / thin),0,0,0,0
shop,/shop/best-golf-sleeves,golf sleeves,Golf Equipment,Apparel & Shoes,GONE,,below cut (long-tail / thin),0,0,0,0
shop,/shop/best-golf-sleeves-for-women,golf sleeves for women,Golf Equipment,Apparel & Shoes,GONE,,below cut (long-tail / thin),0,5,0,0
shop,/shop/best-golf-spikes-replacement,golf spikes replacement,Golf Equipment,Apparel & Shoes,GONE,,below cut (long-tail / thin),0,0,0,0
shop,/shop/best-golf-sun-shirt,golf sun shirt,Apparel,Apparel & Shoes,GONE,,below cut (long-tail / thin),0,0,0,0
shop,/shop/best-golf-sunglasses-womens,golf sunglasses womens,Golf Equipment,Apparel & Shoes,GONE,,below cut (long-tail / thin),0,0,0,0
shop,/shop/best-golf-t-shirt-designs,golf t shirt designs,Apparel,Apparel & Shoes,GONE,,below cut (long-tail / thin),0,0,0,0
shop,/shop/best-golf-t-shirt-guide,golf t-shirt,Apparel,Apparel & Shoes,GONE,,below cut (long-tail / thin),0,0,0,0
shop,/shop/best-golf-tournament-outfit,golf tournament outfit,Golf Equipment,Apparel & Shoes,GONE,,local/service/event intent,0,0,0,0
shop,/shop/best-golf-vests-for-women,golf vests for women,Golf Equipment,Apparel & Shoes,GONE,,below cut (long-tail / thin),0,0,0,0
shop,/shop/best-golf-wang-golf-hat,golf wang golf hat,Apparel,Apparel & Shoes,GONE,,below cut (long-tail / thin),0,0,0,0
shop,/shop/best-golf-wang-polo,golf wang polo,Golf Equipment,Apparel & Shoes,GONE,,below cut (long-tail / thin),0,0,0,0
shop,/shop/best-golf-wang-varsity-jacket,golf wang varsity jacket,Apparel,Apparel & Shoes,GONE,,below cut (long-tail / thin),0,0,0,0
shop,/shop/best-golf-wind-shirt,golf wind shirt,Apparel,Apparel & Shoes,GONE,,below cut (long-tail / thin),0,0,0,0
shop,/shop/best-golf-windshirt-vest,golf windshirt vest,Apparel,Apparel & Shoes,GONE,,below cut (long-tail / thin),0,9,0,0
shop,/shop/best-golf-winter-jacket,golf winter jacket,Apparel,Apparel & Shoes,GONE,,below cut (long-tail / thin),0,0,0,0
shop,/shop/best-golf-with-two-gloves,golf with two gloves,Apparel,Apparel & Shoes,GONE,,below cut (long-tail / thin),0,0,0,0
shop,/shop/best-golf-womens-hat,golf womens hat,Apparel,Apparel & Shoes,GONE,,duplicate keyword (plural/variant) (target not kept),0,0,0,0
shop,/shop/best-good-good-golf-shirt,good good golf shirt,Apparel,Apparel & Shoes,GONE,,below cut (long-tail / thin),0,0,0,0
shop,/shop/best-gray-golf-hat,gray golf hat,Apparel,Apparel & Shoes,GONE,,below cut (long-tail / thin),0,9,0,0
shop,/shop/best-gray-golf-pants,gray golf pants,Golf Equipment,Apparel & Shoes,GONE,,below cut (long-tail / thin),0,0,0,0
shop,/shop/best-gray-golf-shoes,gray golf shoes,Apparel,Apparel & Shoes,GONE,,below cut (long-tail / thin),0,0,0,0
shop,/shop/best-gray-golf-skirt,gray golf skirt,Golf Equipment,Apparel & Shoes,GONE,,below cut (long-tail / thin),0,0,0,0
shop,/shop/best-green-bay-packers-golf-hat,green bay packers golf hat,Apparel,Apparel & Shoes,GONE,,team/celebrity/licensed,0,0,0,0
shop,/shop/best-green-golf-dress-women,green golf dress women,Golf Equipment,Apparel & Shoes,GONE,,below cut (long-tail / thin),0,10,0,0
shop,/shop/best-green-golf-glove,green golf glove,Apparel,Apparel & Shoes,GONE,,below cut (long-tail / thin),0,13,0,0
shop,/shop/best-green-golf-polo,green golf polo,Golf Equipment,Apparel & Shoes,GONE,,below cut (long-tail / thin),0,0,0,0
shop,/shop/best-green-golf-shorts,green golf shorts,Apparel,Apparel & Shoes,GONE,,below cut (long-tail / thin),0,11,0,0
shop,/shop/best-greg-norman-golf-apparel-for-ladies,greg norman golf apparel for ladies,Apparel,Apparel & Shoes,GONE,,below cut (long-tail / thin),0,0,0,0
shop,/shop/best-greg-norman-golf-hat,greg norman golf hat,Apparel,Apparel & Shoes,GONE,,below cut (long-tail / thin),0,0,0,0
shop,/shop/best-greg-norman-golf-pants,golf pants greg norman,Golf Equipment,Apparel & Shoes,GONE,,below cut (long-tail / thin),0,0,0,0
shop,/shop/best-greg-norman-golf-shorts-men,greg norman golf shorts men,Apparel,Apparel & Shoes,GONE,,below cut (long-tail / thin),0,0,0,0
shop,/shop/best-greg-norman-long-sleeve-golf-shirts,greg norman long sleeve golf shirts,Apparel,Apparel & Shoes,GONE,,below cut (long-tail / thin),0,0,0,0
shop,/shop/best-greg-norman-shark-golf-shirts,greg norman shark golf shirts,Apparel,Apparel & Shoes,GONE,,below cut (long-tail / thin),0,41,0,0
shop,/shop/best-greyson-womens-golf-apparel,greyson women's golf,Golf Equipment,Apparel & Shoes,GONE,,below cut (long-tail / thin),0,0,0,0
shop,/shop/best-hawaiian-golf-shirts,hawaiian golf shirts,Apparel,Apparel & Shoes,GONE,,below cut (long-tail / thin),0,0,0,0
shop,/shop/best-heated-golf-gloves,heated golf gloves,Apparel,Apparel & Shoes,GONE,,below cut (long-tail / thin),0,0,0,0
shop,/shop/best-heated-golf-vest,heated golf vest,Golf Equipment,Apparel & Shoes,GONE,,below cut (long-tail / thin),0,16,0,0
shop,/shop/best-henley-golf-shirts,henley golf shirts,Apparel,Apparel & Shoes,GONE,,below cut (long-tail / thin),0,8,0,0
shop,/shop/best-high-crown-golf-visor,high crown golf visor,Golf Equipment,Apparel & Shoes,GONE,,below cut (long-tail / thin),0,0,0,0
shop,/shop/best-highest-rated-golf-sunglasses,highest rated golf sunglasses,Golf Equipment,Apparel & Shoes,GONE,,below cut (long-tail / thin),0,0,0,0
shop,/shop/best-houston-texans-golf-shirt,houston texans golf shirt,Apparel,Apparel & Shoes,GONE,,local/geo intent,0,0,0,0
shop,/shop/best-hybrid-womens-golf-attire-nyt,hybrid womens golf attire nyt,Golf Equipment,Apparel & Shoes,GONE,,below cut (long-tail / thin),0,0,0,0
shop,/shop/best-imperial-golf-hat,imperial golf hat,Apparel,Apparel & Shoes,GONE,,below cut (long-tail / thin),0,0,0,0
shop,/shop/best-infant-golf-apparel,infant golf apparel,Apparel,Apparel & Shoes,GONE,,below cut (long-tail / thin),0,0,0,0
shop,/shop/best-insulated-golf-jacket,insulated golf jacket,Apparel,Apparel & Shoes,GONE,,below cut (long-tail / thin),0,0,0,0
shop,/shop/best-insulated-golf-pants,insulated golf pants,Golf Equipment,Apparel & Shoes,GONE,,below cut (long-tail / thin),0,0,0,0
shop,/shop/best-insulated-golf-vest,insulated golf vest,Golf Equipment,Apparel & Shoes,GONE,,below cut (long-tail / thin),0,0,0,1
shop,/shop/best-ireland-golf-shirt,ireland golf shirt,Apparel,Apparel & Shoes,GONE,,local/geo intent,0,5,0,0
shop,/shop/best-jack-nicklaus-golf-pants,jack nicklaus golf pants,Golf Equipment,Apparel & Shoes,GONE,,below cut (long-tail / thin),0,0,0,0
shop,/shop/best-junior-golf-shoes,junior golf shoes,Apparel,Apparel & Shoes,GONE,,below cut (long-tail / thin),0,0,0,0
shop,/shop/best-justin-thomas-golf-shoes,justin thomas golf shoes,Apparel,Apparel & Shoes,GONE,,below cut (long-tail / thin),0,0,0,0
shop,/shop/best-kenneth-cole-golf-shirt,kenneth cole golf shirt,Apparel,Apparel & Shoes,GONE,,below cut (long-tail / thin),0,0,0,0
shop,/shop/best-khaki-golf-pants,khaki golf pants,Golf Equipment,Apparel & Shoes,GONE,,below cut (long-tail / thin),0,0,0,2
shop,/shop/best-khaki-golf-skirt,khaki golf skirt,Golf Equipment,Apparel & Shoes,GONE,,below cut (long-tail / thin),0,0,0,0
shop,/shop/best-knit-golf-hat,knit golf hat,Apparel,Apparel & Shoes,GONE,,below cut (long-tail / thin),0,15,0,0
shop,/shop/best-ladies-bermuda-golf-shorts,ladies bermuda golf shorts,Apparel,Apparel & Shoes,GONE,,below cut (long-tail / thin),0,0,0,0
shop,/shop/best-ladies-golf-hats-straw,ladies golf hats straw,Apparel,Apparel & Shoes,GONE,,below cut (long-tail / thin),0,0,0,0
shop,/shop/best-ladies-golf-pullover,ladies golf pullover,Golf Equipment,Apparel & Shoes,GONE,,below cut (long-tail / thin),0,0,0,0
shop,/shop/best-ladies-pink-golf-gloves,ladies pink golf gloves,Apparel,Apparel & Shoes,GONE,,below cut (long-tail / thin),0,0,0,0
shop,/shop/best-ladies-skort-golf,ladies skort golf,Golf Equipment,Apparel & Shoes,GONE,,duplicate keyword (plural/variant) (target not kept),0,0,0,0
shop,/shop/best-lady-hagen-golf-skorts,lady hagen golf skorts,Golf Equipment,Apparel & Shoes,GONE,,below cut (long-tail / thin),0,0,0,0
shop,/shop/best-light-blue-golf-shorts,light blue golf shorts,Apparel,Apparel & Shoes,GONE,,below cut (long-tail / thin),0,12,0,0
shop,/shop/best-lily-pulitzer-golf-apparel,lily pulitzer golf,Golf Equipment,Apparel & Shoes,GONE,,below cut (long-tail / thin),0,5,0,0
shop,/shop/best-lime-green-golf-shirt,lime green golf shirt,Apparel,Apparel & Shoes,GONE,,below cut (long-tail / thin),0,0,0,0
shop,/shop/best-lindeberg-golf-shirts,lindeberg golf shirts,Apparel,Apparel & Shoes,GONE,,below cut (long-tail / thin),0,0,0,0
shop,/shop/best-long-sleeve-golf-dress,long sleeve golf dress,Golf Equipment,Apparel & Shoes,GONE,,below cut (long-tail / thin),0,13,0,0
shop,/shop/best-long-sleeve-golf-polo,long sleeve golf polo,Golf Equipment,Apparel & Shoes,GONE,,below cut (long-tail / thin),0,0,0,0
shop,/shop/best-long-sleeve-golf-shirt,long sleeve golf shirt,Apparel,Apparel & Shoes,GONE,,below cut (long-tail / thin),0,24,0,0
shop,/shop/best-long-sleeve-golf-shirt-men,long sleeve golf shirt men,Apparel,Apparel & Shoes,GONE,,duplicate keyword (plural/variant) (target not kept),0,0,0,0
shop,/shop/best-long-sleeve-golf-shirts-for-men,long sleeve golf shirts for men,Apparel,Apparel & Shoes,GONE,,below cut (long-tail / thin),0,0,0,0
shop,/shop/best-long-sleeve-mens-golf-polo-shirts,long sleeve mens golf polo shirts,Apparel,Apparel & Shoes,GONE,,below cut (long-tail / thin),0,0,0,0
shop,/shop/best-long-sleve-golf-shirts,long sleve golf shirts,Apparel,Apparel & Shoes,GONE,,below cut (long-tail / thin),0,0,0,0
shop,/shop/best-longest-lasting-golf-glove,longest lasting golf glove,Apparel,Apparel & Shoes,GONE,,below cut (long-tail / thin),0,0,0,0
shop,/shop/best-lucky-in-love-golf-apparel,lucky in love golf apparel,Apparel,Apparel & Shoes,GONE,,below cut (long-tail / thin),0,0,0,0
shop,/shop/best-malbon-golf-polo,malbon golf polo,Golf Equipment,Apparel & Shoes,GONE,,below cut (long-tail / thin),0,0,0,0
shop,/shop/best-marine-corps-golf-shirts,marine corps golf shirts,Apparel,Apparel & Shoes,GONE,,below cut (long-tail / thin),0,0,0,0
shop,/shop/best-masters-golf-attire,masters golf attire,Golf Equipment,Apparel & Shoes,GONE,,local/service/event intent,0,0,0,0
shop,/shop/best-masters-golf-polo,masters golf polo,Golf Equipment,Apparel & Shoes,GONE,,local/service/event intent,0,0,0,0
shop,/shop/best-masters-golf-polo-shirt,masters golf polo shirt,Apparel,Apparel & Shoes,GONE,,local/service/event intent,0,0,0,0
shop,/shop/best-masters-golf-tournament-shirts,masters golf tournament shirts,Apparel,Apparel & Shoes,GONE,,local/service/event intent,0,0,0,0
shop,/shop/best-mens-big-and-tall-golf-polos,mens big and tall golf polos,Golf Equipment,Apparel & Shoes,GONE,,below cut (long-tail / thin),0,7,0,0
shop,/shop/best-mens-gallivan2r-glock-saddle-golf-shoe,men's gallivan2r g/lock saddle golf shoe,Apparel,Apparel & Shoes,GONE,,below cut (long-tail / thin),0,0,0,0
shop,/shop/best-mens-golf-3-4-zip-pullover,men's golf 3 4 zip pullover,Golf Equipment,Apparel & Shoes,GONE,,below cut (long-tail / thin),0,0,0,0
shop,/shop/best-mens-golf-pullovers,mens golf pullovers,Golf Equipment,Apparel & Shoes,GONE,,below cut (long-tail / thin),0,0,0,0
shop,/shop/best-mens-golf-shirts-tall,mens golf shirts tall,Apparel,Apparel & Shoes,GONE,,below cut (long-tail / thin),0,0,0,0
shop,/shop/best-mens-golf-shorts-7-inch-inseam,mens golf shorts 7 inch inseam,Apparel,Apparel & Shoes,GONE,,below cut (long-tail / thin),0,0,0,0
shop,/shop/best-mens-golf-sweaters,mens golf sweaters,Golf Equipment,Apparel & Shoes,GONE,,below cut (long-tail / thin),0,6,0,0
shop,/shop/best-mens-golf-windbreaker,mens golf windbreaker,Golf Equipment,Apparel & Shoes,GONE,,below cut (long-tail / thin),0,0,0,0
shop,/shop/best-mens-green-golf-shirts,mens green golf shirts,Apparel,Apparel & Shoes,GONE,,below cut (long-tail / thin),0,17,0,0
shop,/shop/best-mens-pink-golf-shirt,mens pink golf shirt,Apparel,Apparel & Shoes,GONE,,below cut (long-tail / thin),0,0,0,0
shop,/shop/best-mens-wide-brim-golf-hats,mens wide brim golf hats,Apparel,Apparel & Shoes,GONE,,below cut (long-tail / thin),0,0,0,0
shop,/shop/best-mesh-golf-hats,mesh golf hats,Apparel,Apparel & Shoes,GONE,,below cut (long-tail / thin),0,0,0,0
shop,/shop/best-metal-spikes-golf-shoes,metal spikes golf shoes,Apparel,Apparel & Shoes,GONE,,below cut (long-tail / thin),0,0,0,0
shop,/shop/best-mg-golf-glove,mg golf glove,Apparel,Apparel & Shoes,GONE,,below cut (long-tail / thin),0,0,0,0
shop,/shop/best-mg4-golf-shoes,mg4 golf shoes,Apparel,Apparel & Shoes,GONE,,below cut (long-tail / thin),0,0,0,0
shop,/shop/best-mock-neck-golf-shirts,mock neck golf shirts,Apparel,Apparel & Shoes,GONE,,below cut (long-tail / thin),0,0,0,0
shop,/shop/best-most-comfy-golf-shoes,most comfy golf shoes,Apparel,Apparel & Shoes,GONE,,below cut (long-tail / thin),0,0,0,0
shop,/shop/best-navy-blue-golf-hat,navy blue golf hat,Apparel,Apparel & Shoes,GONE,,team/celebrity/licensed,0,0,0,0
shop,/shop/best-navy-blue-golf-polo,navy blue golf polo,Golf Equipment,Apparel & Shoes,GONE,,team/celebrity/licensed,0,0,0,0
shop,/shop/best-navy-golf-shirt,navy golf shirt,Apparel,Apparel & Shoes,GONE,,team/celebrity/licensed,0,60,0,0
shop,/shop/best-netjets-golf-shirts,netjets golf shirts,Apparel,Apparel & Shoes,GONE,,team/celebrity/licensed,0,0,0,1
shop,/shop/best-new-balance-spiked-golf-shoes,new balance spiked golf shoes,Apparel,Apparel & Shoes,GONE,,below cut (long-tail / thin),0,0,0,0
shop,/shop/best-newborn-golf-hat-guide,newborn golf hat,Apparel,Apparel & Shoes,GONE,,below cut (long-tail / thin),0,0,0,0
shop,/shop/best-nexbelt-golf-belts,nexbelt golf,Golf Equipment,Apparel & Shoes,GONE,,below cut (long-tail / thin),0,0,0,0
shop,/shop/best-nivo-golf-apparel,nivo golf apparel,Apparel,Apparel & Shoes,GONE,,below cut (long-tail / thin),0,0,0,0
shop,/shop/best-notre-dame-golf-hat,notre dame golf hat,Apparel,Apparel & Shoes,GONE,,team/celebrity/licensed,0,0,0,0
shop,/shop/best-notre-dame-golf-shirts,notre dame golf shirts,Apparel,Apparel & Shoes,GONE,,team/celebrity/licensed,0,0,0,0
shop,/shop/best-oakley-golf-polo,oakley golf polo,Golf Equipment,Apparel & Shoes,GONE,,below cut (long-tail / thin),0,0,0,0
shop,/shop/best-oakley-golf-polo-shirts,oakley mens golf polo shirts,Apparel,Apparel & Shoes,GONE,,below cut (long-tail / thin),0,0,0,0
shop,/shop/best-ohio-state-golf-hat,ohio state golf hat,Apparel,Apparel & Shoes,GONE,,team/celebrity/licensed,0,0,0,0
shop,/shop/best-ohio-state-university-golf-apparel,ohio state university golf apparel,Apparel,Apparel & Shoes,GONE,,team/celebrity/licensed,0,0,0,0
shop,/shop/best-old-golf-outfit-men,old golf outfit men,Golf Equipment,Apparel & Shoes,GONE,,below cut (long-tail / thin),0,0,0,0
shop,/shop/best-old-timey-golf-hat,old timey golf hat,Apparel,Apparel & Shoes,GONE,,below cut (long-tail / thin),0,0,0,0
shop,/shop/best-ole-miss-golf-apparel,ole miss golf apparel,Apparel,Apparel & Shoes,GONE,,below cut (long-tail / thin),0,0,0,0
shop,/shop/best-orange-golf-glove,orange golf glove,Apparel,Apparel & Shoes,GONE,,below cut (long-tail / thin),0,9,0,0
shop,/shop/best-orange-golf-shirt,orange golf shirt,Apparel,Apparel & Shoes,GONE,,below cut (long-tail / thin),0,7,0,0
shop,/shop/best-patriotic-golf-shirts,patriotic golf shirts,Apparel,Apparel & Shoes,GONE,,below cut (long-tail / thin),0,7,0,0
shop,/shop/best-penguin-golf-shirts,penguin golf shirts,Apparel,Apparel & Shoes,GONE,,below cut (long-tail / thin),0,0,0,0
shop,/shop/best-penn-state-golf-polo,penn state golf polo,Golf Equipment,Apparel & Shoes,GONE,,below cut (long-tail / thin),0,0,0,0
shop,/shop/best-personalized-golf-gloves,personalized golf gloves,Apparel,Apparel & Shoes,GONE,,below cut (long-tail / thin),0,0,0,0
shop,/shop/best-peter-millar-golf-belts,peter millar golf belts,Golf Equipment,Apparel & Shoes,GONE,,below cut (long-tail / thin),0,0,0,2
shop,/shop/best-peter-millar-golf-dress,peter millar golf dress,Golf Equipment,Apparel & Shoes,GONE,,below cut (long-tail / thin),0,6,0,0
shop,/shop/best-peter-millar-golf-shoes,peter millar golf shoes,Apparel,Apparel & Shoes,GONE,,below cut (long-tail / thin),0,0,0,0
shop,/shop/best-peter-millar-golf-vest,peter millar golf vest,Golf Equipment,Apparel & Shoes,GONE,,below cut (long-tail / thin),0,0,0,0
shop,/shop/best-peter-millar-womens-golf-apparel,peter millar women's golf,Golf Equipment,Apparel & Shoes,GONE,,below cut (long-tail / thin),0,0,0,0
shop,/shop/best-pga-tour-golf-hats,pga tour golf hats,Apparel,Apparel & Shoes,GONE,,local/service/event intent,0,8,0,0
shop,/shop/best-pga-tour-golf-pants,pga tour golf pants,Golf Equipment,Apparel & Shoes,GONE,,local/service/event intent,0,32,0,0
shop,/shop/best-pga-tour-golf-shirts,pga tour golf shirts,Apparel,Apparel & Shoes,GONE,,local/service/event intent,0,132,0,0
shop,/shop/best-phillies-golf-shirt,phillies golf shirt,Apparel,Apparel & Shoes,GONE,,below cut (long-tail / thin),0,0,0,0
shop,/shop/best-pinehurst-golf-hats,pinehurst golf hats,Apparel,Apparel & Shoes,GONE,,local/geo intent,0,15,0,0
shop,/shop/best-pink-golf-hat,pink golf hat,Apparel,Apparel & Shoes,GONE,,below cut (long-tail / thin),0,0,0,0
shop,/shop/best-pink-golf-polo-shirts,pink golf polo shirts,Apparel,Apparel & Shoes,GONE,,below cut (long-tail / thin),0,13,0,0
shop,/shop/best-pink-golf-skirt,pink golf skirt,Golf Equipment,Apparel & Shoes,GONE,,below cut (long-tail / thin),0,0,0,0
shop,/shop/best-pins-and-aces-golf-gloves,pins and aces golf gloves,Apparel,Apparel & Shoes,GONE,,below cut (long-tail / thin),0,0,0,0
shop,/shop/best-pleated-golf-skirt,pleated golf skirt,Golf Equipment,Apparel & Shoes,GONE,,below cut (long-tail / thin),0,0,0,0
shop,/shop/best-plus-fours-golf-clothing,plus fours golf clothing,Apparel,Apparel & Shoes,GONE,,below cut (long-tail / thin),0,9,0,0
shop,/shop/best-polo-golf-ralph-lauren,polo golf ralph lauren,Golf Equipment,Apparel & Shoes,GONE,,below cut (long-tail / thin),0,0,0,0
shop,/shop/best-polo-nike-golf-dri-fit,polo nike golf dri fit,Golf Equipment,Apparel & Shoes,GONE,,below cut (long-tail / thin),0,0,0,0
shop,/shop/best-polo-ralph-lauren-golf-trousers,polo ralph lauren golf trousers,Golf Equipment,Apparel & Shoes,GONE,,below cut (long-tail / thin),0,8,0,0
shop,/shop/best-polo-ralph-lauren-ladies-golf-clothes,polo ralph lauren ladies golf clothes,Golf Equipment,Apparel & Shoes,GONE,,below cut (long-tail / thin),0,0,0,0
shop,/shop/best-polo-rlx-golf,polo rlx golf,Golf Equipment,Apparel & Shoes,GONE,,below cut (long-tail / thin),0,0,0,0
shop,/shop/best-psu-golf-shirt-dog-logo,psu golf shirt,Apparel,Apparel & Shoes,GONE,,below cut (long-tail / thin),0,0,0,0
shop,/shop/best-pxg-golf-glove,pxg golf glove,Apparel,Apparel & Shoes,GONE,,below cut (long-tail / thin),0,0,0,0
shop,/shop/best-rain-golf-pants,rain golf pants,Golf Equipment,Apparel & Shoes,GONE,,below cut (long-tail / thin),0,0,0,0
shop,/shop/best-ralph-lauren-womens-golf-attire,ralph lauren womens golf attire,Golf Equipment,Apparel & Shoes,GONE,,below cut (long-tail / thin),0,0,0,0
shop,/shop/best-rated-golf-shorts,top rated golf shorts,Apparel,Apparel & Shoes,GONE,,below cut (long-tail / thin),0,0,0,0
shop,/shop/best-red-sox-golf-shirt,red sox golf shirt,Apparel,Apparel & Shoes,GONE,,team/celebrity/licensed,0,0,0,0
shop,/shop/best-richardson-golf-hats,richardson golf hats,Apparel,Apparel & Shoes,GONE,,below cut (long-tail / thin),0,0,0,0
shop,/shop/best-rlx-golf-pants,rlx golf pants,Golf Equipment,Apparel & Shoes,GONE,,below cut (long-tail / thin),0,0,0,0
shop,/shop/best-rlx-golf-shirts,rlx golf shirts,Apparel,Apparel & Shoes,GONE,,below cut (long-tail / thin),0,0,0,0
shop,/shop/best-rope-hat-golf,rope hat golf,Apparel,Apparel & Shoes,GONE,,below cut (long-tail / thin),0,10,0,0
shop,/shop/best-royal-and-awesome-golf-pants,royal and awesome golf pants,Golf Equipment,Apparel & Shoes,GONE,,below cut (long-tail / thin),0,0,0,0
shop,/shop/best-samba-golf-shoes,samba golf shoes,Apparel,Apparel & Shoes,GONE,,below cut (long-tail / thin),0,0,0,1
shop,/shop/best-short-golf-skirts,short golf skirts,Golf Equipment,Apparel & Shoes,GONE,,below cut (long-tail / thin),0,0,0,0
shop,/shop/best-short-sleeve-golf-windbreaker,short sleeve golf windbreaker,Golf Equipment,Apparel & Shoes,GONE,,below cut (long-tail / thin),0,18,0,0
shop,/shop/best-size-15-golf-shoes,size 15 golf shoes,Apparel,Apparel & Shoes,GONE,,below cut (long-tail / thin),0,0,0,0
shop,/shop/best-slim-fit-golf-trousers,slim fit golf trousers,Golf Equipment,Apparel & Shoes,GONE,,below cut (long-tail / thin),0,17,0,0
shop,/shop/best-south-carolina-golf-shirt,south carolina golf shirt,Apparel,Apparel & Shoes,GONE,,local/geo intent,0,0,0,0
shop,/shop/best-spikless-golf-shoes,spikless golf shoes,Apparel,Apparel & Shoes,GONE,,below cut (long-tail / thin),0,0,0,0
shop,/shop/best-steph-curry-golf-apparel,steph curry golf apparel,Apparel,Apparel & Shoes,GONE,,team/celebrity/licensed,0,0,2,3
shop,/shop/best-straw-hats-golf,straw hats golf,Apparel,Apparel & Shoes,GONE,,below cut (long-tail / thin),0,0,0,0
shop,/shop/best-striped-golf-polo-shirts,striped golf polo shirts,Apparel,Apparel & Shoes,GONE,,below cut (long-tail / thin),0,12,0,0
shop,/shop/best-sun-day-red-golf-shoes,sun day red golf shoes,Apparel,Apparel & Shoes,GONE,,below cut (long-tail / thin),0,19,0,0
shop,/shop/best-sun-sleeves-for-golf,best sun sleeves for golf,Golf Equipment,Apparel & Shoes,GONE,,below cut (long-tail / thin),0,0,0,0
shop,/shop/best-sunscreen-sleeves-for-golf,sunscreen sleeves for golf,Golf Equipment,Apparel & Shoes,GONE,,below cut (long-tail / thin),0,0,0,0
shop,/shop/best-tall-golf-pants,tall golf pants,Golf Equipment,Apparel & Shoes,GONE,,below cut (long-tail / thin),0,5,0,0
shop,/shop/best-texas-am-golf-hat,texas a&m golf hat,Apparel,Apparel & Shoes,GONE,,local/geo intent,0,0,0,0
shop,/shop/best-the-players-golf-hat,the players golf hat,Apparel,Apparel & Shoes,GONE,,below cut (long-tail / thin),0,0,0,0
shop,/shop/best-thermal-golf-pants,thermal golf pants,Golf Equipment,Apparel & Shoes,GONE,,below cut (long-tail / thin),0,0,0,0
shop,/shop/best-tifosi-golf-sunglasses,tifosi golf sunglasses,Golf Equipment,Apparel & Shoes,GONE,,below cut (long-tail / thin),0,13,0,0
shop,/shop/best-tittes-golf-hat,tittes golf hat,Apparel,Apparel & Shoes,GONE,,below cut (long-tail / thin),0,0,0,0
shop,/shop/best-tour360-24-golf-shoes,tour360 24 golf shoes,Apparel,Apparel & Shoes,GONE,,below cut (long-tail / thin),0,0,0,0
shop,/shop/best-unc-golf-shirt,unc golf shirt,Apparel,Apparel & Shoes,GONE,,below cut (long-tail / thin),0,0,0,0
shop,/shop/best-us-open-golf-dress-code,us open golf dress code,Golf Equipment,Apparel & Shoes,GONE,,local/service/event intent,0,0,0,0
shop,/shop/best-usa-golf-hat,usa golf hat,Apparel,Apparel & Shoes,GONE,,below cut (long-tail / thin),0,10,0,0
shop,/shop/best-victory-pro-4-golf-shoes,victory pro 4 golf shoes,Apparel,Apparel & Shoes,GONE,,below cut (long-tail / thin),0,0,0,0
shop,/shop/best-vintage-golf-hats,vintage golf hats,Apparel,Apparel & Shoes,GONE,,below cut (long-tail / thin),0,15,0,0
shop,/shop/best-vintage-golf-outfit,vintage golf outfit,Golf Equipment,Apparel & Shoes,GONE,,below cut (long-tail / thin),0,0,0,0
shop,/shop/best-vintage-golf-pants,vintage golf pants,Golf Equipment,Apparel & Shoes,GONE,,below cut (long-tail / thin),0,0,0,0
shop,/shop/best-walter-hagen-golf-polo,walter hagen golf polo,Golf Equipment,Apparel & Shoes,GONE,,below cut (long-tail / thin),0,0,0,0
shop,/shop/best-waterproof-golf-shoes,waterproof golf shoes,Apparel,Apparel & Shoes,GONE,,below cut (long-tail / thin),0,0,0,0
shop,/shop/best-white-golf-pants,white golf pants,Golf Equipment,Apparel & Shoes,GONE,,below cut (long-tail / thin),0,0,0,0
shop,/shop/best-white-golf-shirt,white golf shirt,Apparel,Apparel & Shoes,GONE,,below cut (long-tail / thin),0,12,0,0
shop,/shop/best-white-golf-shoes,white golf shoes,Apparel,Apparel & Shoes,GONE,,below cut (long-tail / thin),0,0,0,0
shop,/shop/best-white-golf-skirt,white golf skirt,Golf Equipment,Apparel & Shoes,GONE,,below cut (long-tail / thin),0,0,0,0
shop,/shop/best-wide-brim-golf-hat,wide brim golf hat,Apparel,Apparel & Shoes,GONE,,below cut (long-tail / thin),0,0,0,0
shop,/shop/best-winter-golf-attire,winter golf attire,Golf Equipment,Apparel & Shoes,GONE,,below cut (long-tail / thin),0,5,0,0
shop,/shop/best-winter-golf-gloves,best winter golf gloves,Apparel,Apparel & Shoes,GONE,,below cut (long-tail / thin),0,0,0,0
shop,/shop/best-winter-golf-hats,winter golf hats,Apparel,Apparel & Shoes,GONE,,below cut (long-tail / thin),0,11,0,0
shop,/shop/best-winter-golf-outfit-men,winter golf outfit men,Golf Equipment,Apparel & Shoes,GONE,,below cut (long-tail / thin),0,0,0,0
shop,/shop/best-winter-golf-pants,winter golf pants,Golf Equipment,Apparel & Shoes,GONE,,below cut (long-tail / thin),0,0,0,1
shop,/shop/best-woman-golf-pants,woman golf pants,Golf Equipment,Apparel & Shoes,GONE,,below cut (long-tail / thin),0,0,0,0
shop,/shop/best-women-in-golf-skirts,women in golf skirts,Golf Equipment,Apparel & Shoes,GONE,,duplicate keyword (plural/variant) (target not kept),0,0,0,0
shop,/shop/best-womens-fingerless-golf-gloves,women's fingerless golf gloves,Apparel,Apparel & Shoes,GONE,,below cut (long-tail / thin),0,0,0,2
shop,/shop/best-womens-g-fore-golf-shoes,womens g fore golf shoes,Apparel,Apparel & Shoes,GONE,,below cut (long-tail / thin),0,16,0,0
shop,/shop/best-womens-golf-bucket-hats,womens golf bucket hat,Apparel,Apparel & Shoes,GONE,,below cut (long-tail / thin),0,0,0,0
shop,/shop/best-womens-golf-capris-guide,womens golf capris,Apparel,Apparel & Shoes,GONE,,below cut (long-tail / thin),0,0,0,0
shop,/shop/best-womens-golf-glove-with-ring-hole,women's golf glove with ring hole,Apparel,Apparel & Shoes,GONE,,below cut (long-tail / thin),0,6,0,0
shop,/shop/best-womens-golf-gloves,best women's golf gloves,Apparel,Apparel & Shoes,GONE,,below cut (long-tail / thin),0,0,0,0
shop,/shop/best-womens-golf-skorts,womens golf skorts,Golf Equipment,Apparel & Shoes,GONE,,below cut (long-tail / thin),0,0,0,0
shop,/shop/best-womens-long-sleeve-golf-shirt,womens long sleeve golf shirt,Apparel,Apparel & Shoes,GONE,,below cut (long-tail / thin),0,17,0,0
shop,/shop/best-womens-long-sleeve-golf-shirts,womens long sleeve golf shirts,Apparel,Apparel & Shoes,GONE,,duplicate keyword (plural/variant) (target not kept),0,0,0,0
shop,/shop/best-womens-winter-golf-gloves,womens winter golf gloves,Apparel,Apparel & Shoes,GONE,,below cut (long-tail / thin),0,0,0,0
shop,/shop/best-yankees-golf-shirt,yankees golf shirt,Apparel,Apparel & Shoes,GONE,,team/celebrity/licensed,0,0,0,0
shop,/shop/best-yellow-golf-shirt,yellow golf shirt,Apparel,Apparel & Shoes,GONE,,below cut (long-tail / thin),0,0,0,0
shop,/shop/best-youth-golf-gloves,youth golf gloves,Apparel,Apparel & Shoes,GONE,,below cut (long-tail / thin),0,0,0,0
shop,/shop/best-zero-restriction-golf-jacket,zero restriction golf jacket,Apparel,Apparel & Shoes,GONE,,below cut (long-tail / thin),0,0,0,0
shop,/shop/bobby-massa-golf-tall-polos,bobby massa golf,Golf Equipment,Apparel & Shoes,GONE,,below cut (long-tail / thin),0,0,0,0
shop,/shop/cadet-golf-glove-size-chart,cadet golf glove size chart,Apparel,Apparel & Shoes,GONE,,below cut (long-tail / thin),0,0,0,2
shop,/shop/callaway-golf-bucket-hats-review,callaway golf bucket hats,Golf Balls,Apparel & Shoes,GONE,,below cut (long-tail / thin),0,0,0,0
shop,/shop/callaway-golf-caps-review,callaway golf caps,Golf Balls,Apparel & Shoes,GONE,,below cut (long-tail / thin),0,0,0,0
shop,/shop/callaway-golf-dress-review,callaway golf dress,Golf Balls,Apparel & Shoes,GONE,,below cut (long-tail / thin),0,0,0,0
shop,/shop/callaway-golf-pants-review,callaway golf pants,Golf Balls,Apparel & Shoes,GONE,,below cut (long-tail / thin),0,0,0,0
shop,/shop/camo-golf-shirt-nike,camo golf shirt nike,Apparel,Apparel & Shoes,GONE,,team/celebrity/licensed,0,0,0,0
shop,/shop/can-you-wash-a-leather-golf-glove,can you wash a leather golf glove,Apparel,Apparel & Shoes,GONE,,below cut (long-tail / thin),0,0,0,0
shop,/shop/clemson-nike-golf-shirt-guide,clemson nike golf shirt,Apparel,Apparel & Shoes,GONE,,team/celebrity/licensed,0,0,0,0
shop,/shop/cleveland-golf-caps-review,cleveland golf cap,Apparel,Apparel & Shoes,GONE,,local/geo intent,0,0,0,0
shop,/shop/custom-golf-shirts-peter-millar,custom golf shirts peter millar,Apparel,Apparel & Shoes,GONE,,below cut (long-tail / thin),0,0,0,0
shop,/shop/discount-golf-gloves,discount golf gloves,Apparel,Apparel & Shoes,GONE,,below cut (long-tail / thin),0,0,0,0
shop,/shop/do-you-need-golf-shoes,do you need golf shoes,Apparel,Apparel & Shoes,GONE,,below cut (long-tail / thin),0,0,0,1
shop,/shop/footjoy-contour-golf-shoes-review,footjoy contour golf shoes,Apparel,Apparel & Shoes,GONE,,below cut (long-tail / thin),0,0,0,0
shop,/shop/footjoy-ladies-golf-socks-review,footjoy ladies golf socks,Golf Equipment,Apparel & Shoes,GONE,,below cut (long-tail / thin),0,0,0,0
shop,/shop/footjoy-pink-golf-shoes-review,footjoy pink golf shoes,Apparel,Apparel & Shoes,GONE,,below cut (long-tail / thin),0,0,0,0
shop,/shop/footjoy-premiere-series-golf-shoes-review,footjoy premiere series golf shoes,Apparel,Apparel & Shoes,GONE,,below cut (long-tail / thin),0,0,0,0
shop,/shop/footjoy-womens-traditions-golf-shoes-review,footjoy women's traditions golf shoes,Apparel,Apparel & Shoes,GONE,,below cut (long-tail / thin),0,0,0,0
shop,/shop/funny-golf-gloves-men-left-handed-golfer,funny golf gloves men left handed golfer,Apparel,Apparel & Shoes,GONE,,novelty/off-topic,0,0,0,0
shop,/shop/golf-capital-of-the-world,golf capital of the world,Apparel,Apparel & Shoes,GONE,,below cut (long-tail / thin),0,12,0,0
shop,/shop/golf-clothing-rules,golf clothing rules,Apparel,Apparel & Shoes,GONE,,below cut (long-tail / thin),0,0,0,0
shop,/shop/golf-glove-sizing-guide,golf glove sizing,Apparel,Apparel & Shoes,GONE,,below cut (long-tail / thin),0,0,0,0
shop,/shop/golf-hat-with-magnetic-brim-buyers-guide,golf hat with magnetic brim,Apparel,Apparel & Shoes,GONE,,below cut (long-tail / thin),0,0,0,0
shop,/shop/golf-hats-for-big-heads,golf hats for big heads,Apparel,Apparel & Shoes,GONE,,below cut (long-tail / thin),0,0,0,0
shop,/shop/golf-pants-womens-tall,golf pants womens tall,Golf Equipment,Apparel & Shoes,GONE,,below cut (long-tail / thin),0,0,0,0
shop,/shop/golf-polo-shirts-wholesale,golf polo shirts wholesale,Apparel,Apparel & Shoes,GONE,,below cut (long-tail / thin),0,0,0,0
shop,/shop/golf-shirt-vs-polo,golf shirt vs polo,Apparel,Apparel & Shoes,GONE,,below cut (long-tail / thin),0,0,0,0
shop,/shop/golf-shoes-orange,golf shoes orange,Apparel,Apparel & Shoes,GONE,,below cut (long-tail / thin),0,0,0,1
shop,/shop/golf-shoes-spikes-replacement,golf shoes spikes replacement,Apparel,Apparel & Shoes,GONE,,below cut (long-tail / thin),0,0,0,0
shop,/shop/golf-vs-tennis-skirt,golf vs tennis skirt,Golf Equipment,Apparel & Shoes,GONE,,below cut (long-tail / thin),0,0,0,4
shop,/shop/gore-tex-rain-jacket-golf,gore tex rain jacket for golf,Apparel,Apparel & Shoes,GONE,,below cut (long-tail / thin),0,0,0,0
shop,/shop/how-should-golf-gloves-fit,how should golf gloves fit,Apparel,Apparel & Shoes,GONE,,below cut (long-tail / thin),0,0,0,0
shop,/shop/how-tight-should-a-golf-glove-be,how tight should a golf glove be,Apparel,Apparel & Shoes,GONE,,below cut (long-tail / thin),0,0,0,3
shop,/shop/kenneth-cole-golf-pants,kenneth cole golf pants,Golf Equipment,Apparel & Shoes,GONE,,below cut (long-tail / thin),0,0,0,0
shop,/shop/kids-golf-shoes-size-11,kids golf shoes size 11,Apparel,Apparel & Shoes,GONE,,below cut (long-tail / thin),0,0,0,0
shop,/shop/male-golf-dress-code,male golf dress code,Golf Equipment,Apparel & Shoes,GONE,,below cut (long-tail / thin),0,0,0,0
shop,/shop/matching-family-golf-shirts,matching family golf shirts,Apparel,Apparel & Shoes,GONE,,below cut (long-tail / thin),0,0,0,0
shop,/shop/mens-g112-golf-shoe,men's g.112 golf shoe,Apparel,Apparel & Shoes,GONE,,below cut (long-tail / thin),0,0,0,0
shop,/shop/mizuno-golf-glove-review,mizuno golf glove,Apparel,Apparel & Shoes,GONE,,below cut (long-tail / thin),0,0,0,2
shop,/shop/most-durable-golf-glove,most durable golf glove,Apparel,Apparel & Shoes,GONE,,below cut (long-tail / thin),0,0,0,0
shop,/shop/most-popular-womens-golf-shoes-brand,most popular women's golf shoes brand,Apparel,Apparel & Shoes,GONE,,below cut (long-tail / thin),0,0,0,0
shop,/shop/nike-air-pegasus-golf-shoes-review,nike air pegasus golf shoes,Apparel,Apparel & Shoes,GONE,,below cut (long-tail / thin),0,6,0,0
shop,/shop/nike-air-zoom-victory-tour-3-golf-shoes-review,nike air zoom victory tour 3 golf shoes,Apparel,Apparel & Shoes,GONE,,below cut (long-tail / thin),0,0,0,0
shop,/shop/nike-blade-collar-golf-polo-review,nike blade collar golf polo,Golf Equipment,Apparel & Shoes,GONE,,below cut (long-tail / thin),0,0,0,0
shop,/shop/nike-golf-hat-classic-99-review,nike golf hat classic 99,Apparel,Apparel & Shoes,GONE,,below cut (long-tail / thin),0,0,0,0
shop,/shop/nike-legacy-91-golf-cap-review,nike legacy 91 golf cap,Apparel,Apparel & Shoes,GONE,,below cut (long-tail / thin),0,0,0,1
shop,/shop/ohio-state-golf-shirt,ohio state golf shirt,Apparel,Apparel & Shoes,GONE,,team/celebrity/licensed,0,0,0,0
shop,/shop/proper-golf-attire-for-ladies,proper golf attire for ladies,Golf Equipment,Apparel & Shoes,GONE,,below cut (long-tail / thin),0,0,0,0
shop,/shop/puma-101-golf-pants-review,puma 101 golf pants,Golf Equipment,Apparel & Shoes,GONE,,below cut (long-tail / thin),0,0,0,0
shop,/shop/puma-golf-skorts-review,puma golf skorts,Golf Equipment,Apparel & Shoes,GONE,,below cut (long-tail / thin),0,0,0,0
shop,/shop/puma-ignite-elevate-golf-shoes-review,puma ignite elevate golf shoes,Apparel,Apparel & Shoes,GONE,,below cut (long-tail / thin),0,6,0,0
shop,/shop/puma-mens-golf-polo-review,puma mens golf polo,Golf Equipment,Apparel & Shoes,GONE,,below cut (long-tail / thin),0,0,0,0
shop,/shop/puma-phantomcat-nitro-golf-shoes-review,puma phantomcat nitro golf shoes,Apparel,Apparel & Shoes,GONE,,below cut (long-tail / thin),0,0,0,0
shop,/shop/rain-gear-for-women-golf,rain gear for women golf,Apparel,Apparel & Shoes,GONE,,below cut (long-tail / thin),0,0,0,0
shop,/shop/regular-golf-hat-happy-gilmore,regular golf hat happy gilmore,Apparel,Apparel & Shoes,GONE,,team/celebrity/licensed,0,0,0,0
shop,/shop/titleist-junior-golf-cap-review,titleist junior golf cap,Golf Balls,Apparel & Shoes,GONE,,below cut (long-tail / thin),0,6,0,0
shop,/shop/under-armour-golf-socks-review,under armour golf socks,Golf Equipment,Apparel & Shoes,GONE,,below cut (long-tail / thin),0,22,0,0
shop,/shop/under-armour-womens-golf-pants-review,under armour womens golf pants,Golf Equipment,Apparel & Shoes,GONE,,below cut (long-tail / thin),0,14,0,0
shop,/shop/what-golf-shoes-do-pros-wear,what golf shoes do pros wear,Apparel,Apparel & Shoes,GONE,,below cut (long-tail / thin),0,0,0,0
shop,/shop/what-is-golf-attire,what is golf attire,Apparel,Apparel & Shoes,GONE,,below cut (long-tail / thin),0,0,0,0
shop,/shop/what-to-look-for-in-golf-glove,what to look for in golf glove,Apparel,Apparel & Shoes,GONE,,below cut (long-tail / thin),0,0,0,0
shop,/shop/3-wheel-vs-4-wheel-golf-push-cart,3 wheel vs 4 wheel golf push cart,Accessories,Bags & Push Carts,GONE,,below cut (long-tail / thin),0,0,0,1
shop,/shop/average-golf-bag-weight,average golf bag weight,Golf Bags,Bags & Push Carts,GONE,,below cut (long-tail / thin),0,0,0,0
shop,/shop/best-14-slot-golf-bag,14 slot golf bag,Golf Bags,Bags & Push Carts,GONE,,below cut (long-tail / thin),0,0,0,0
shop,/shop/best-2nd-swing-golf-bags,2nd swing golf bags,Golf Bags,Bags & Push Carts,GONE,,below cut (long-tail / thin),0,0,0,0
shop,/shop/best-3-wheel-push-cart-golf,3 wheel push cart golf,Accessories,Bags & Push Carts,GONE,,below cut (long-tail / thin),0,0,0,0
shop,/shop/best-adams-golf-bag,adams golf bag,Golf Bags,Bags & Push Carts,GONE,,below cut (long-tail / thin),0,0,0,0
shop,/shop/best-bagboy-revolver-golf-bag,bagboy revolver golf bag,Golf Bags,Bags & Push Carts,GONE,,below cut (long-tail / thin),0,0,0,0
shop,/shop/best-bagboy-rotating-golf-bag,bagboy rotating golf bag,Golf Bags,Bags & Push Carts,GONE,,below cut (long-tail / thin),0,0,0,0
shop,/shop/best-beer-cooler-for-golf-bag,beer cooler for golf bag,Golf Equipment,Bags & Push Carts,GONE,,novelty/off-topic,0,0,0,0
shop,/shop/best-beer-golf-bags,beer golf bags,Golf Bags,Bags & Push Carts,GONE,,novelty/off-topic,0,0,0,0
shop,/shop/best-ben-hogan-golf-bag,ben hogan golf bag,Golf Bags,Bags & Push Carts,GONE,,below cut (long-tail / thin),0,0,0,0
shop,/shop/best-big-bertha-callaway-golf-bag,big bertha callaway golf bag,Golf Balls,Bags & Push Carts,GONE,,below cut (long-tail / thin),0,0,0,0
shop,/shop/best-brown-leather-golf-bag,brown leather golf bag,Golf Bags,Bags & Push Carts,GONE,,below cut (long-tail / thin),0,0,0,0
shop,/shop/best-browns-golf-bag,browns golf bag,Golf Bags,Bags & Push Carts,GONE,,below cut (long-tail / thin),0,0,0,0
shop,/shop/best-burton-golf-bags,burton golf bags,Golf Bags,Bags & Push Carts,GONE,,below cut (long-tail / thin),0,0,0,0
shop,/shop/best-c-130-golf-bag,c 130 golf bag,Golf Bags,Bags & Push Carts,GONE,,below cut (long-tail / thin),0,0,0,0
shop,/shop/best-caddydaddy-golf-bag-cooler,caddydaddy golf bag cooler,Golf Bags,Bags & Push Carts,GONE,,below cut (long-tail / thin),0,0,0,0
shop,/shop/best-caddyshack-golf-outfit,caddyshack golf outfit,Golf Equipment,Bags & Push Carts,GONE,,team/celebrity/licensed,0,0,0,1
shop,/shop/best-camo-golf-bag,camo golf bag,Golf Bags,Bags & Push Carts,GONE,,team/celebrity/licensed,0,0,0,0
shop,/shop/best-childrens-golf-bag,childrens golf bag,Golf Bags,Bags & Push Carts,GONE,,below cut (long-tail / thin),0,0,0,0
shop,/shop/best-coors-light-golf-bag,coors light golf bag,Golf Bags,Bags & Push Carts,GONE,,below cut (long-tail / thin),0,0,0,0
shop,/shop/best-cowboys-golf-bag,cowboys golf bag,Golf Bags,Bags & Push Carts,GONE,,team/celebrity/licensed,0,0,0,0
shop,/shop/best-custom-titleist-golf-bags,custom titleist golf bags,Golf Balls,Bags & Push Carts,GONE,,below cut (long-tail / thin),0,0,0,0
shop,/shop/best-denver-broncos-golf-bag,denver broncos golf bag,Golf Bags,Bags & Push Carts,GONE,,team/celebrity/licensed,0,0,0,0
shop,/shop/best-dodgers-golf-bag,dodgers golf bag,Golf Bags,Bags & Push Carts,GONE,,team/celebrity/licensed,0,0,0,0
shop,/shop/best-double-strap-golf-bag,double strap golf bag,Golf Bags,Bags & Push Carts,GONE,,below cut (long-tail / thin),0,0,0,0
shop,/shop/best-driving-range-golf-bag,driving range golf bag,Golf Bags,Bags & Push Carts,GONE,,below cut (long-tail / thin),0,0,0,0
shop,/shop/best-eagles-golf-bag,eagles golf bag,Golf Bags,Bags & Push Carts,GONE,,team/celebrity/licensed,0,0,0,0
shop,/shop/best-electric-golf-push-cart-that-follows-you,electric golf push cart that follows you,Apparel,Bags & Push Carts,GONE,,below cut (long-tail / thin),0,0,0,0
shop,/shop/best-florida-gator-golf-bag,florida gator golf bag,Golf Bags,Bags & Push Carts,GONE,,local/geo intent,0,0,0,0
shop,/shop/best-foldable-golf-bag,foldable golf bag,Golf Bags,Bags & Push Carts,GONE,,below cut (long-tail / thin),0,0,0,0
shop,/shop/best-fore-all-golf-bag,fore all golf bag,Golf Bags,Bags & Push Carts,GONE,,below cut (long-tail / thin),0,0,0,0
shop,/shop/best-fsu-golf-bag,fsu golf bag,Golf Bags,Bags & Push Carts,GONE,,below cut (long-tail / thin),0,0,0,0
shop,/shop/best-g4-golf-bag,g4 golf bag,Golf Bags,Bags & Push Carts,GONE,,below cut (long-tail / thin),0,0,0,0
shop,/shop/best-girls-golf-bag,girls golf bag,Golf Bags,Bags & Push Carts,GONE,,below cut (long-tail / thin),0,0,0,0
shop,/shop/best-glove-it-golf-bag,glove it golf bag,Golf Bags,Bags & Push Carts,GONE,,below cut (long-tail / thin),0,0,0,0
shop,/shop/best-golf-bag-14-full-length-dividers,golf bag 14 full length dividers,Golf Bags,Bags & Push Carts,GONE,,below cut (long-tail / thin),0,0,0,0
shop,/shop/best-golf-bag-attachments,golf bag attachments,Golf Bags,Bags & Push Carts,GONE,,below cut (long-tail / thin),0,0,0,0
shop,/shop/best-golf-bag-bike,golf bag bike,Golf Bags,Bags & Push Carts,GONE,,below cut (long-tail / thin),0,0,0,0
shop,/shop/best-golf-bag-black-friday-deals,golf bag black friday,Golf Bags,Bags & Push Carts,GONE,,below cut (long-tail / thin),0,0,0,0
shop,/shop/best-golf-bag-brush,golf bag brush,Golf Bags,Bags & Push Carts,GONE,,below cut (long-tail / thin),0,0,0,0
shop,/shop/best-golf-bag-cart-that-follows-you,golf bag cart that follows you,Golf Bags,Bags & Push Carts,GONE,,below cut (long-tail / thin),0,0,0,0
shop,/shop/best-golf-bag-cooler-bag,golf bag cooler bag,Golf Bags,Bags & Push Carts,GONE,,duplicate keyword (plural/variant) (target not kept),0,0,0,0
shop,/shop/best-golf-bag-cooler-insulated,golf bag cooler insulated,Golf Bags,Bags & Push Carts,GONE,,below cut (long-tail / thin),0,0,0,0
shop,/shop/best-golf-bag-coolers,golf bag coolers,Golf Bags,Bags & Push Carts,GONE,,below cut (long-tail / thin),0,0,0,0
shop,/shop/best-golf-bag-drink-holder,golf bag drink holder,Golf Bags,Bags & Push Carts,GONE,,below cut (long-tail / thin),0,0,0,0
shop,/shop/best-golf-bag-essentials,golf bag essentials,Golf Bags,Bags & Push Carts,GONE,,below cut (long-tail / thin),0,0,0,0
shop,/shop/best-golf-bag-holder,golf bag holder,Golf Bags,Bags & Push Carts,GONE,,below cut (long-tail / thin),0,0,0,0
shop,/shop/best-golf-bag-holder-garage,golf bag holder garage,Golf Bags,Bags & Push Carts,GONE,,below cut (long-tail / thin),0,0,0,0
shop,/shop/best-golf-bag-hood-cover,golf bag hood cover,Golf Bags,Bags & Push Carts,GONE,,below cut (long-tail / thin),0,0,0,0
shop,/shop/best-golf-bag-layout,golf bag layout,Golf Bags,Bags & Push Carts,GONE,,below cut (long-tail / thin),0,0,0,0
shop,/shop/best-golf-bag-name-embroidery,golf bag name embroidery,Golf Bags,Bags & Push Carts,GONE,,novelty/off-topic,0,0,0,0
shop,/shop/best-golf-bag-name-tags,golf bag name,Golf Bags,Bags & Push Carts,GONE,,novelty/off-topic,0,0,0,0
shop,/shop/best-golf-bag-organiser,golf bag organiser,Golf Bags,Bags & Push Carts,GONE,,below cut (long-tail / thin),0,0,0,0
shop,/shop/best-golf-bag-rack,golf bag rack,Golf Bags,Bags & Push Carts,GONE,,below cut (long-tail / thin),0,0,0,0
shop,/shop/best-golf-bag-rain-cover,golf bag rain cover,Golf Bags,Bags & Push Carts,GONE,,below cut (long-tail / thin),0,0,0,0
shop,/shop/best-golf-bag-replacement-legs,golf bag replacement legs,Golf Bags,Bags & Push Carts,GONE,,below cut (long-tail / thin),0,0,0,1
shop,/shop/best-golf-bag-shoulder-strap,golf bag shoulder strap,Golf Bags,Bags & Push Carts,GONE,,below cut (long-tail / thin),0,0,0,0
shop,/shop/best-golf-bag-stand-titleist,golf bag stand titleist,Golf Balls,Bags & Push Carts,GONE,,below cut (long-tail / thin),0,0,0,0
shop,/shop/best-golf-bag-stands,golf bag stands,Golf Bags,Bags & Push Carts,GONE,,below cut (long-tail / thin),0,0,0,0
shop,/shop/best-golf-bag-storage,golf bag storage,Golf Bags,Bags & Push Carts,GONE,,below cut (long-tail / thin),0,0,0,0
shop,/shop/best-golf-bag-telephone,golf bag telephone,Golf Bags,Bags & Push Carts,GONE,,below cut (long-tail / thin),0,0,0,0
shop,/shop/best-golf-bag-wall-mount,golf bag wall mount,Golf Bags,Bags & Push Carts,GONE,,below cut (long-tail / thin),0,0,0,0
shop,/shop/best-golf-bag-white,golf bag white,Golf Bags,Bags & Push Carts,GONE,,below cut (long-tail / thin),0,0,0,0
shop,/shop/best-golf-bag-with-wheels,golf bag with wheels,Golf Bags,Bags & Push Carts,GONE,,below cut (long-tail / thin),0,0,0,0
shop,/shop/best-golf-baggo,golf baggo,Golf Bags,Bags & Push Carts,GONE,,below cut (long-tail / thin),0,0,0,0
shop,/shop/best-golf-bags-ghost,golf bags ghost,Golf Bags,Bags & Push Carts,GONE,,below cut (long-tail / thin),0,0,0,0
shop,/shop/best-golf-caddy-jobs,golf caddy jobs,Golf Equipment,Bags & Push Carts,GONE,,local/service/event intent,0,0,0,0
shop,/shop/best-golf-e-caddy,golf e caddy,Golf Equipment,Bags & Push Carts,GONE,,below cut (long-tail / thin),0,0,0,0
shop,/shop/best-golf-guard-hard-travel-case,golf guard hard travel case,Golf Equipment,Bags & Push Carts,GONE,,below cut (long-tail / thin),0,0,0,0
shop,/shop/best-golf-hard-travel-case,best golf hard travel case,Golf Equipment,Bags & Push Carts,GONE,,below cut (long-tail / thin),0,0,0,0
shop,/shop/best-golf-push-cart-with-hand-brake,golf push cart with hand brake,Accessories,Bags & Push Carts,GONE,,below cut (long-tail / thin),0,0,0,0
shop,/shop/best-golf-travel-bags-hard-shell,golf travel bags hard shell,Golf Equipment,Bags & Push Carts,GONE,,below cut (long-tail / thin),0,0,0,0
shop,/shop/best-hard-sided-golf-travel-case,hard sided golf travel case,Golf Equipment,Bags & Push Carts,GONE,,below cut (long-tail / thin),0,0,0,0
shop,/shop/best-harley-davidson-golf-bag-carrier,harley davidson golf bag carrier,Golf Bags,Bags & Push Carts,GONE,,below cut (long-tail / thin),0,0,0,0
shop,/shop/best-helix-travel-golf-bag-similar,helix travel golf bag similar,Golf Bags,Bags & Push Carts,GONE,,below cut (long-tail / thin),0,0,0,0
shop,/shop/best-hot-z-golf-bag,hot z golf bag,Golf Bags,Bags & Push Carts,GONE,,below cut (long-tail / thin),0,0,0,0
shop,/shop/best-hybrid-golf-bag,best hybrid golf bag,Golf Bags,Bags & Push Carts,GONE,,below cut (long-tail / thin),0,0,0,0
shop,/shop/best-izzo-golf-bag-guide,izzo golf bag,Golf Bags,Bags & Push Carts,GONE,,below cut (long-tail / thin),0,0,0,2
shop,/shop/best-j-lindeberg-golf-bag,j lindeberg golf bag,Golf Bags,Bags & Push Carts,GONE,,below cut (long-tail / thin),0,0,0,0
shop,/shop/best-korean-golf-bag,korean golf bag,Golf Bags,Bags & Push Carts,GONE,,below cut (long-tail / thin),0,0,0,0
shop,/shop/best-light-blue-golf-bag,light blue golf bag,Golf Bags,Bags & Push Carts,GONE,,below cut (long-tail / thin),0,0,0,0
shop,/shop/best-links-legend-golf-bag,links legend golf bag,Golf Bags,Bags & Push Carts,GONE,,below cut (long-tail / thin),0,0,0,0
shop,/shop/best-linkslegend-golf-bag,linkslegend golf bag,Golf Bags,Bags & Push Carts,GONE,,below cut (long-tail / thin),0,0,0,0
shop,/shop/best-linksmaster-golf-bag,linksmaster golf bag,Golf Bags,Bags & Push Carts,GONE,,below cut (long-tail / thin),0,0,0,2
shop,/shop/best-masters-golf-bag,masters golf bag,Golf Bags,Bags & Push Carts,GONE,,local/service/event intent,0,6,0,0
shop,/shop/best-maxfli-golf-bag,maxfli golf bag,Golf Bags,Bags & Push Carts,GONE,,below cut (long-tail / thin),0,0,0,0
shop,/shop/best-michigan-golf-bag,michigan golf bag,Golf Bags,Bags & Push Carts,GONE,,team/celebrity/licensed,0,0,0,0
shop,/shop/best-military-golf-bags,military golf bags,Golf Bags,Bags & Push Carts,GONE,,below cut (long-tail / thin),0,0,0,0
shop,/shop/best-miller-lite-golf-bag,miller lite golf bag,Golf Bags,Bags & Push Carts,GONE,,below cut (long-tail / thin),0,0,0,0
shop,/shop/best-minimalist-golf-bag,minimalist golf bag,Golf Bags,Bags & Push Carts,GONE,,below cut (long-tail / thin),0,0,0,0
shop,/shop/best-miura-golf-bag,miura golf bag,Golf Bags,Bags & Push Carts,GONE,,below cut (long-tail / thin),0,0,0,0
shop,/shop/best-moto-golf-bag-carrier,moto golf bag carrier,Golf Bags,Bags & Push Carts,GONE,,below cut (long-tail / thin),0,0,0,0
shop,/shop/best-motorcycle-golf-bag-holder,motorcycle golf bag holder,Golf Bags,Bags & Push Carts,GONE,,below cut (long-tail / thin),0,0,0,2
shop,/shop/best-nebraska-golf-bag,nebraska golf bag,Golf Bags,Bags & Push Carts,GONE,,team/celebrity/licensed,0,0,1,1
shop,/shop/best-new-york-yankees-golf-bag,new york yankees golf bag,Golf Bags,Bags & Push Carts,GONE,,team/celebrity/licensed,0,0,0,0
shop,/shop/best-nfl-golf-bags,nfl golf bags,Golf Bags,Bags & Push Carts,GONE,,team/celebrity/licensed,0,6,0,0
shop,/shop/best-northwestern-university-golf-bag,northwestern university golf bag,Golf Bags,Bags & Push Carts,GONE,,below cut (long-tail / thin),0,0,0,0
shop,/shop/best-notre-dame-golf-bag,notre dame golf bag,Golf Bags,Bags & Push Carts,GONE,,team/celebrity/licensed,0,0,0,0
shop,/shop/best-nylon-golf-bag,nylon golf bag,Golf Bags,Bags & Push Carts,GONE,,below cut (long-tail / thin),0,0,0,0
shop,/shop/best-ohio-state-golf-bag,ohio state golf bag,Golf Bags,Bags & Push Carts,GONE,,team/celebrity/licensed,0,0,0,0
shop,/shop/best-oregon-ducks-golf-bag,oregon ducks golf bag,Golf Bags,Bags & Push Carts,GONE,,local/geo intent,0,0,0,0
shop,/shop/best-organize-golf-bag,organize golf bag,Golf Bags,Bags & Push Carts,GONE,,below cut (long-tail / thin),0,0,0,0
shop,/shop/best-orlimar-golf-bag,orlimar golf bag,Golf Bags,Bags & Push Carts,GONE,,below cut (long-tail / thin),0,0,0,0
shop,/shop/best-par-3-golf-bag,par 3 golf bag,Golf Bags,Bags & Push Carts,GONE,,below cut (long-tail / thin),0,0,0,0
shop,/shop/best-patriots-golf-bag,patriots golf bag,Golf Bags,Bags & Push Carts,GONE,,team/celebrity/licensed,0,0,0,0
shop,/shop/best-pencil-golf-bag,pencil golf bag,Golf Bags,Bags & Push Carts,GONE,,below cut (long-tail / thin),0,0,0,0
shop,/shop/best-pitch-putt-golf-bag,pitch putt golf bag,Golf Bags,Bags & Push Carts,GONE,,below cut (long-tail / thin),0,0,0,0
shop,/shop/best-ram-golf-bag,ram golf bag,Golf Bags,Bags & Push Carts,GONE,,below cut (long-tail / thin),0,0,0,0
shop,/shop/best-rated-electric-golf-caddy-buying-guide,best rated electric golf caddy,Power & Batteries,Bags & Push Carts,GONE,,below cut (long-tail / thin),0,0,0,0
shop,/shop/best-remote-control-golf-caddy,remote control golf caddy,Golf Equipment,Bags & Push Carts,GONE,,below cut (long-tail / thin),0,0,0,0
shop,/shop/best-retro-leather-golf-bags,retro leather golf bags,Golf Bags,Bags & Push Carts,GONE,,below cut (long-tail / thin),0,0,0,0
shop,/shop/best-ryder-cup-golf-bag,ryder cup golf bag,Golf Bags,Bags & Push Carts,GONE,,local/service/event intent,0,7,0,0
shop,/shop/best-silencer-golf-bags,silencer golf bags,Golf Bags,Bags & Push Carts,GONE,,below cut (long-tail / thin),0,0,0,0
shop,/shop/best-small-golf-bags,small golf bags,Golf Bags,Bags & Push Carts,GONE,,below cut (long-tail / thin),0,0,0,0
shop,/shop/best-stitch-sl2-golf-bag-review,stitch sl2 golf bag,Golf Bags,Bags & Push Carts,GONE,,below cut (long-tail / thin),0,0,0,0
shop,/shop/best-sunday-red-golf-bag-buyers-guide,sunday red golf bag,Golf Bags,Bags & Push Carts,GONE,,below cut (long-tail / thin),0,0,0,1
shop,/shop/best-texas-tech-golf-bag,texas tech golf bag,Golf Bags,Bags & Push Carts,GONE,,team/celebrity/licensed,0,0,0,0
shop,/shop/best-twisted-tea-golf-bag,twisted tea golf bag,Golf Bags,Bags & Push Carts,GONE,,below cut (long-tail / thin),0,0,0,0
shop,/shop/best-usmc-golf-bag,usmc golf bag,Golf Bags,Bags & Push Carts,GONE,,team/celebrity/licensed,0,0,1,3
shop,/shop/best-vessel-golf-stand-bag,vessel golf stand bag,Golf Equipment,Bags & Push Carts,GONE,,below cut (long-tail / thin),0,0,0,0
shop,/shop/best-vice-golf-bag,vice golf bag,Golf Bags,Bags & Push Carts,GONE,,below cut (long-tail / thin),0,0,0,0
shop,/shop/best-vintage-canvas-golf-bag,vintage canvas golf bag,Golf Bags,Bags & Push Carts,GONE,,below cut (long-tail / thin),0,0,0,0
shop,/shop/best-vintage-floral-golf-bag,vintage floral golf bag,Golf Bags,Bags & Push Carts,GONE,,below cut (long-tail / thin),0,0,0,0
shop,/shop/bridgestone-golf-lightweight-stand-bag-review,bridgestone golf lightweight stand bag,Golf Balls,Bags & Push Carts,GONE,,below cut (long-tail / thin),0,0,0,0
shop,/shop/callaway-golf-bags-clearance-review,callaway golf bags clearance,Golf Balls,Bags & Push Carts,GONE,,below cut (long-tail / thin),0,0,0,0
shop,/shop/callaway-golf-chev-stand-bag-review,callaway golf chev stand bag,Golf Balls,Bags & Push Carts,GONE,,below cut (long-tail / thin),0,0,0,0
shop,/shop/cleveland-golf-bag-stand-review,cleveland golf bag stand,Golf Bags,Bags & Push Carts,GONE,,local/geo intent,0,0,0,0
shop,/shop/kaddey-switch-compact-golf-trolley,kaddey switch compact golf trolley,Golf Equipment,Bags & Push Carts,GONE,,below cut (long-tail / thin),0,0,0,0
shop,/shop/ogio-camouflage-golf-bag-review,ogio camouflage golf bag,Golf Bags,Bags & Push Carts,GONE,,team/celebrity/licensed,0,0,1,3
shop,/shop/ogio-golf-silencer-cart-bag-review,ogio golf silencer cart bag,Golf Equipment,Bags & Push Carts,GONE,,below cut (long-tail / thin),0,0,0,0
shop,/shop/sun-mountain-c-130-golf-bag-review,sun mountain c 130 golf bag,Golf Bags,Bags & Push Carts,GONE,,below cut (long-tail / thin),0,0,0,0
shop,/shop/taylormade-golf-2023-classic-stand-bag-review,taylormade golf 2023 classic stand golf bag,Golf Bags,Bags & Push Carts,GONE,,below cut (long-tail / thin),0,0,0,0
shop,/shop/titleist-cart-14-golf-bag-review,titleist cart 14 golf bag,Golf Balls,Bags & Push Carts,GONE,,below cut (long-tail / thin),0,0,0,0
shop,/shop/top-flight-golf-bag-buying-guide,top flight golf bag,Golf Bags,Bags & Push Carts,GONE,,below cut (long-tail / thin),0,0,0,1
shop,/shop/adams-golf-speedline-super-s-driver-guide,adams golf speedline super s driver,Clubs & Shafts,Clubs & Shafts,GONE,,below cut (long-tail / thin),0,8,0,5
shop,/shop/ben-hogan-golf-set-guide,ben hogan golf set,Golf Equipment,Clubs & Shafts,GONE,,below cut (long-tail / thin),0,0,0,0
shop,/shop/best-16-degree-hybrid-golf,16 degree hybrid golf,Golf Equipment,Clubs & Shafts,GONE,,below cut (long-tail / thin),0,0,0,0
shop,/shop/best-2-golf-iron-guide,2 golf iron,Clubs & Shafts,Clubs & Shafts,GONE,,below cut (long-tail / thin),0,0,0,0
shop,/shop/best-70-degree-golf-wedge,70 degree golf wedge,Clubs & Shafts,Clubs & Shafts,GONE,,below cut (long-tail / thin),0,0,0,0
shop,/shop/best-8-iron-golf,8 iron golf,Clubs & Shafts,Clubs & Shafts,GONE,,below cut (long-tail / thin),0,0,0,0
shop,/shop/best-ap2-golf-irons-buyers-guide,ap2 golf irons,Clubs & Shafts,Clubs & Shafts,GONE,,below cut (long-tail / thin),0,0,0,0
shop,/shop/best-arthritic-golf-grips,arthritic golf grips,Golf Equipment,Clubs & Shafts,GONE,,below cut (long-tail / thin),0,0,0,0
shop,/shop/best-beach-golf-set,beach golf set,Golf Equipment,Clubs & Shafts,GONE,,below cut (long-tail / thin),0,0,0,0
shop,/shop/best-beginner-golf-irons,beginner golf irons,Clubs & Shafts,Clubs & Shafts,GONE,,below cut (long-tail / thin),0,0,0,0
shop,/shop/best-black-friday-golf-irons,black friday golf irons,Clubs & Shafts,Clubs & Shafts,GONE,,below cut (long-tail / thin),0,10,0,0
shop,/shop/best-black-golf-grips,black golf grips,Golf Equipment,Clubs & Shafts,GONE,,below cut (long-tail / thin),0,6,0,0
shop,/shop/best-budget-golf-grips,cheap golf grips,Golf Equipment,Clubs & Shafts,GONE,,below cut (long-tail / thin),0,0,0,0
shop,/shop/best-budget-golf-irons,best budget golf irons,Clubs & Shafts,Clubs & Shafts,GONE,,below cut (long-tail / thin),0,0,0,0
shop,/shop/best-budget-golf-set,best budget golf set,Golf Equipment,Clubs & Shafts,GONE,,below cut (long-tail / thin),0,0,0,0
shop,/shop/best-c3i-golf-wedge,c3i golf wedge,Clubs & Shafts,Clubs & Shafts,GONE,,below cut (long-tail / thin),0,0,0,0
shop,/shop/best-diamana-golf-shafts,diamana golf shafts,Clubs & Shafts,Clubs & Shafts,GONE,,below cut (long-tail / thin),0,0,0,0
shop,/shop/best-discount-golf-drivers,discount golf drivers,Clubs & Shafts,Clubs & Shafts,GONE,,below cut (long-tail / thin),0,0,0,0
shop,/shop/best-discount-golf-wedge-sets,discount golf wedge sets,Clubs & Shafts,Clubs & Shafts,GONE,,below cut (long-tail / thin),0,0,0,0
shop,/shop/best-draw-bias-golf-driver,best draw bias golf driver,Clubs & Shafts,Clubs & Shafts,GONE,,below cut (long-tail / thin),0,0,0,0
shop,/shop/best-dri-tac-golf-grips,dri tac golf grips,Golf Equipment,Clubs & Shafts,GONE,,below cut (long-tail / thin),0,0,0,0
shop,/shop/best-dustin-johnson-golf-grip,dustin johnson golf grip,Golf Equipment,Clubs & Shafts,GONE,,novelty/off-topic,0,39,0,1
shop,/shop/best-epic-golf-set-guide,epic golf set,Golf Equipment,Clubs & Shafts,GONE,,below cut (long-tail / thin),0,0,0,0
shop,/shop/best-expensive-golf-set,expensive golf set,Golf Equipment,Clubs & Shafts,GONE,,below cut (long-tail / thin),0,0,0,0
shop,/shop/best-flex-a-golf,flex a golf,Golf Equipment,Clubs & Shafts,GONE,,below cut (long-tail / thin),0,0,0,0
shop,/shop/best-flite-mens-golf-set-buying-guide,top flite men's golf set,Golf Equipment,Clubs & Shafts,GONE,,below cut (long-tail / thin),0,0,0,0
shop,/shop/best-foot-wedge-golf,foot wedge golf,Clubs & Shafts,Clubs & Shafts,GONE,,below cut (long-tail / thin),0,0,0,5
shop,/shop/best-fujikura-golf-shaft-fitting,fujikura golf shaft fitting,Clubs & Shafts,Clubs & Shafts,GONE,,below cut (long-tail / thin),0,0,0,0
shop,/shop/best-girls-golf-set,girls golf set,Golf Equipment,Clubs & Shafts,GONE,,below cut (long-tail / thin),0,0,0,0
shop,/shop/best-golf-adjustable-drivers,golf adjustable drivers,Clubs & Shafts,Clubs & Shafts,GONE,,below cut (long-tail / thin),0,0,0,0
shop,/shop/best-golf-blades-irons-guide,golf blades irons,Clubs & Shafts,Clubs & Shafts,GONE,,below cut (long-tail / thin),0,0,0,0
shop,/shop/best-golf-driver-12-degree,golf driver 12 degree,Clubs & Shafts,Clubs & Shafts,GONE,,below cut (long-tail / thin),0,0,0,0
shop,/shop/best-golf-driver-for-beginners,golf driver for beginners,Clubs & Shafts,Clubs & Shafts,GONE,,duplicate keyword (plural/variant) (target not kept),0,0,0,0
shop,/shop/best-golf-driver-for-seniors,best golf driver for seniors,Clubs & Shafts,Clubs & Shafts,GONE,,below cut (long-tail / thin),0,0,0,0
shop,/shop/best-golf-driver-of-all-time,best golf driver of all time,Clubs & Shafts,Clubs & Shafts,GONE,,below cut (long-tail / thin),0,0,0,0
shop,/shop/best-golf-drivers-clearance,golf drivers clearance,Clubs & Shafts,Clubs & Shafts,GONE,,below cut (long-tail / thin),0,0,0,0
shop,/shop/best-golf-drivers-for-beginners,best golf drivers for beginners,Clubs & Shafts,Clubs & Shafts,GONE,,below cut (long-tail / thin),0,0,0,0
shop,/shop/best-golf-drivers-for-high-handicappers,best golf drivers for high handicappers,Clubs & Shafts,Clubs & Shafts,GONE,,below cut (long-tail / thin),0,0,0,0
shop,/shop/best-golf-grip-air-compressor-tool,golf grip air compressor tool,Golf Equipment,Clubs & Shafts,GONE,,below cut (long-tail / thin),0,0,0,1
shop,/shop/best-golf-grip-pressure,golf grip pressure,Golf Equipment,Clubs & Shafts,GONE,,below cut (long-tail / thin),0,0,0,0
shop,/shop/best-golf-grip-removal-tool,golf grip removal tool,Golf Equipment,Clubs & Shafts,GONE,,below cut (long-tail / thin),0,0,0,0
shop,/shop/best-golf-grip-spray,golf grip spray,Golf Equipment,Clubs & Shafts,GONE,,below cut (long-tail / thin),0,0,0,0
shop,/shop/best-golf-grips-and-tape,golf grips and tape,Golf Equipment,Clubs & Shafts,GONE,,below cut (long-tail / thin),0,0,0,0
shop,/shop/best-golf-grips-for-smaller-hands,golf grips for smaller hands,Golf Equipment,Clubs & Shafts,GONE,,below cut (long-tail / thin),0,0,0,0
shop,/shop/best-golf-grips-for-sweaty-hands,best golf grips for sweaty hands,Golf Equipment,Clubs & Shafts,GONE,,below cut (long-tail / thin),0,0,0,0
shop,/shop/best-golf-grips-oversize,golf grips oversize,Golf Equipment,Clubs & Shafts,GONE,,below cut (long-tail / thin),0,0,0,0
shop,/shop/best-golf-grips-set,golf grips set,Golf Equipment,Clubs & Shafts,GONE,,below cut (long-tail / thin),0,0,0,0
shop,/shop/best-golf-hybrid-irons-buying-guide,golf hybrid iron,Clubs & Shafts,Clubs & Shafts,GONE,,below cut (long-tail / thin),0,0,0,0
shop,/shop/best-golf-hybrids-for-seniors,best golf hybrids for seniors,Golf Equipment,Clubs & Shafts,GONE,,below cut (long-tail / thin),0,0,0,0
shop,/shop/best-golf-iron-categories,golf iron categories,Clubs & Shafts,Clubs & Shafts,GONE,,below cut (long-tail / thin),0,0,0,0
shop,/shop/best-golf-iron-fitting,golf iron fitting,Clubs & Shafts,Clubs & Shafts,GONE,,below cut (long-tail / thin),0,0,0,0
shop,/shop/best-golf-iron-lie-angle,golf iron lie angle,Clubs & Shafts,Clubs & Shafts,GONE,,below cut (long-tail / thin),0,0,0,1
shop,/shop/best-golf-iron-man,golf iron man,Clubs & Shafts,Clubs & Shafts,GONE,,below cut (long-tail / thin),0,0,0,0
shop,/shop/best-golf-iron-set-for-beginners,best golf iron set for beginners,Clubs & Shafts,Clubs & Shafts,GONE,,below cut (long-tail / thin),0,0,0,0
shop,/shop/best-golf-irons-for-mid-handicapper,best golf irons for mid handicapper,Clubs & Shafts,Clubs & Shafts,GONE,,below cut (long-tail / thin),0,0,0,0
shop,/shop/best-golf-irons-for-seniors,best golf irons for seniors,Clubs & Shafts,Clubs & Shafts,GONE,,below cut (long-tail / thin),0,0,0,0
shop,/shop/best-golf-par-putter-guide,golf par,Golf Equipment,Clubs & Shafts,GONE,,below cut (long-tail / thin),0,0,0,0
shop,/shop/best-golf-pride-cp2-jumbo-grips,golf pride cp2 jumbo grips,Golf Equipment,Clubs & Shafts,GONE,,below cut (long-tail / thin),0,0,0,0
shop,/shop/best-golf-pride-cp2-pro-grip,golf pride cp2 pro grip,Golf Equipment,Clubs & Shafts,GONE,,below cut (long-tail / thin),0,0,0,0
shop,/shop/best-golf-pride-cp2-pro-grips,golf pride cp2 pro,Golf Equipment,Clubs & Shafts,GONE,,below cut (long-tail / thin),0,0,0,0
shop,/shop/best-golf-pride-new-decade-grips,golf pride new decade,Golf Equipment,Clubs & Shafts,GONE,,below cut (long-tail / thin),0,0,0,0
shop,/shop/best-golf-pride-tour-wrap-2g-grip,golf pride tour wrap 2g grip,Golf Equipment,Clubs & Shafts,GONE,,below cut (long-tail / thin),0,0,0,0
shop,/shop/best-golf-pride-v55-grips,golf pride v55,Golf Equipment,Clubs & Shafts,GONE,,below cut (long-tail / thin),0,6,0,0
shop,/shop/best-golf-putter-blade-guide,golf putter blade,Clubs & Shafts,Clubs & Shafts,GONE,,below cut (long-tail / thin),0,0,0,0
shop,/shop/best-golf-putter-length,golf putter length,Clubs & Shafts,Clubs & Shafts,GONE,,below cut (long-tail / thin),0,0,0,0
shop,/shop/best-golf-putter-shaft,golf putter shaft,Clubs & Shafts,Clubs & Shafts,GONE,,below cut (long-tail / thin),0,0,0,0
shop,/shop/best-golf-shaft-extractor,golf shaft extractor,Clubs & Shafts,Clubs & Shafts,GONE,,below cut (long-tail / thin),0,0,0,0
shop,/shop/best-golf-shaft-pureing,golf shaft pureing,Clubs & Shafts,Clubs & Shafts,GONE,,below cut (long-tail / thin),0,0,0,0
shop,/shop/best-golf-shaft-senior,golf shaft senior,Clubs & Shafts,Clubs & Shafts,GONE,,below cut (long-tail / thin),0,0,0,0
shop,/shop/best-golf-shaft-weight-chart,golf shaft weight chart,Clubs & Shafts,Clubs & Shafts,GONE,,below cut (long-tail / thin),0,0,0,7
shop,/shop/best-golf-shafts-for-fast-swing-speeds,golf shafts for fast swing speeds,Clubs & Shafts,Clubs & Shafts,GONE,,below cut (long-tail / thin),0,0,0,0
shop,/shop/best-golf-swing-speed-7-iron,golf swing speed 7 iron,Clubs & Shafts,Clubs & Shafts,GONE,,below cut (long-tail / thin),0,0,0,0
shop,/shop/best-golf-wedge-angles,golf wedge angles,Clubs & Shafts,Clubs & Shafts,GONE,,below cut (long-tail / thin),0,0,0,0
shop,/shop/best-golf-wedge-bounce,golf wedge bounce,Clubs & Shafts,Clubs & Shafts,GONE,,below cut (long-tail / thin),0,0,0,0
shop,/shop/best-good-golf-shafts,good golf shafts,Clubs & Shafts,Clubs & Shafts,GONE,,below cut (long-tail / thin),0,0,0,0
shop,/shop/best-grip-master-golf-grips,grip master golf,Golf Equipment,Clubs & Shafts,GONE,,below cut (long-tail / thin),0,0,0,1
shop,/shop/best-hand-position-for-golf-grip,hand position for golf grip,Golf Equipment,Clubs & Shafts,GONE,,below cut (long-tail / thin),0,0,0,0
shop,/shop/best-hazardous-golf-shafts,hazardous golf shafts,Clubs & Shafts,Clubs & Shafts,GONE,,below cut (long-tail / thin),0,0,0,2
shop,/shop/best-iron-distances-golf,iron distances golf,Clubs & Shafts,Clubs & Shafts,GONE,,below cut (long-tail / thin),0,0,0,0
shop,/shop/best-junior-golf-driver,junior golf driver,Clubs & Shafts,Clubs & Shafts,GONE,,below cut (long-tail / thin),0,0,0,0
shop,/shop/best-junior-golf-set-5-8,junior golf set 5 8,Golf Equipment,Clubs & Shafts,GONE,,below cut (long-tail / thin),0,0,0,0
shop,/shop/best-kids-golf-driver,kids golf driver,Clubs & Shafts,Clubs & Shafts,GONE,,below cut (long-tail / thin),0,0,0,0
shop,/shop/best-la-golf-driver,la golf driver,Clubs & Shafts,Clubs & Shafts,GONE,,below cut (long-tail / thin),0,0,0,0
shop,/shop/best-la-golf-putters,la golf putters,Clubs & Shafts,Clubs & Shafts,GONE,,below cut (long-tail / thin),0,0,0,0
shop,/shop/best-ladies-golf-putter,ladies golf putter,Clubs & Shafts,Clubs & Shafts,GONE,,below cut (long-tail / thin),0,0,0,0
shop,/shop/best-left-hand-golf-sets,left hand golf sets,Golf Equipment,Clubs & Shafts,GONE,,below cut (long-tail / thin),0,0,0,0
shop,/shop/best-left-handed-golf-wedge-set,left handed golf wedge set,Clubs & Shafts,Clubs & Shafts,GONE,,below cut (long-tail / thin),0,0,0,0
shop,/shop/best-left-handed-youth-golf-set,left handed youth golf set,Golf Equipment,Clubs & Shafts,GONE,,below cut (long-tail / thin),0,0,0,0
shop,/shop/best-lie-angle-golf,lie angle golf,Golf Equipment,Clubs & Shafts,GONE,,below cut (long-tail / thin),0,0,0,0
shop,/shop/best-light-golf-grips,light golf grips,Golf Equipment,Clubs & Shafts,GONE,,below cut (long-tail / thin),0,0,0,0
shop,/shop/best-longest-golf-irons,longest golf irons,Clubs & Shafts,Clubs & Shafts,GONE,,below cut (long-tail / thin),0,0,0,0
shop,/shop/best-m2-drivers-golf,m2 drivers golf,Clubs & Shafts,Clubs & Shafts,GONE,,below cut (long-tail / thin),0,0,0,1
shop,/shop/best-macgregor-golf-set,macgregor golf set,Golf Equipment,Clubs & Shafts,GONE,,below cut (long-tail / thin),0,0,0,0
shop,/shop/best-mens-golf-driver,men's golf driver,Clubs & Shafts,Clubs & Shafts,GONE,,below cut (long-tail / thin),0,0,0,0
shop,/shop/best-mens-right-handed-golf-sets,mens right handed golf sets,Golf Equipment,Clubs & Shafts,GONE,,below cut (long-tail / thin),0,0,0,0
shop,/shop/best-newton-motion-golf-shafts,newton motion golf shafts,Clubs & Shafts,Clubs & Shafts,GONE,,below cut (long-tail / thin),0,0,0,0
shop,/shop/best-no-1-golf-grips,no 1 golf grips,Golf Equipment,Clubs & Shafts,GONE,,below cut (long-tail / thin),0,0,0,0
shop,/shop/best-offset-golf-drivers,offset golf drivers,Clubs & Shafts,Clubs & Shafts,GONE,,below cut (long-tail / thin),0,0,0,0
shop,/shop/best-oversize-golf-irons,oversize golf irons,Clubs & Shafts,Clubs & Shafts,GONE,,below cut (long-tail / thin),0,0,0,0
shop,/shop/best-oversize-jumbo-golf-grips,oversize jumbo golf grips,Golf Equipment,Clubs & Shafts,GONE,,below cut (long-tail / thin),0,0,0,0
shop,/shop/best-personalized-golf-grips,personalized golf grips,Golf Equipment,Clubs & Shafts,GONE,,below cut (long-tail / thin),0,0,0,0
shop,/shop/best-pistol-golf-grip,pistol golf grip,Golf Equipment,Clubs & Shafts,GONE,,below cut (long-tail / thin),0,0,0,0
shop,/shop/best-project-x-golf-shafts,project x golf shafts,Clubs & Shafts,Clubs & Shafts,GONE,,below cut (long-tail / thin),0,10,0,0
shop,/shop/best-putter-golf-cobra,putter golf cobra,Clubs & Shafts,Clubs & Shafts,GONE,,below cut (long-tail / thin),0,0,0,0
shop,/shop/best-putter-golf-covers,putter golf covers,Clubs & Shafts,Clubs & Shafts,GONE,,below cut (long-tail / thin),0,0,0,0
shop,/shop/best-ram-golf-sets,ram golf sets,Golf Equipment,Clubs & Shafts,GONE,,below cut (long-tail / thin),0,0,0,0
shop,/shop/best-recoil-golf-shafts,recoil golf shafts,Clubs & Shafts,Clubs & Shafts,GONE,,below cut (long-tail / thin),0,0,0,0
shop,/shop/best-reshafting-golf-irons,reshafting golf irons,Clubs & Shafts,Clubs & Shafts,GONE,,below cut (long-tail / thin),0,0,0,0
shop,/shop/best-softest-golf-grips,softest golf grips,Golf Equipment,Clubs & Shafts,GONE,,below cut (long-tail / thin),0,0,0,0
shop,/shop/best-strong-left-hand-golf-grip,strong left hand golf grip,Golf Equipment,Clubs & Shafts,GONE,,below cut (long-tail / thin),0,20,0,0
shop,/shop/best-tacki-mac-golf-grips,tacki mac golf grips,Golf Equipment,Clubs & Shafts,GONE,,below cut (long-tail / thin),0,0,0,0
shop,/shop/best-tacky-golf-grips,tacky golf grips,Golf Equipment,Clubs & Shafts,GONE,,below cut (long-tail / thin),0,0,0,0
shop,/shop/best-ten-finger-golf-grip,ten finger golf grip,Golf Equipment,Clubs & Shafts,GONE,,below cut (long-tail / thin),0,0,0,0
shop,/shop/best-tensei-golf-shaft,tensei golf shaft,Clubs & Shafts,Clubs & Shafts,GONE,,below cut (long-tail / thin),0,0,0,0
shop,/shop/best-used-lab-golf-putter,used lab golf putter,Clubs & Shafts,Clubs & Shafts,GONE,,below cut (long-tail / thin),0,0,0,0
shop,/shop/best-used-left-handed-golf-irons,used left handed golf irons,Clubs & Shafts,Clubs & Shafts,GONE,,below cut (long-tail / thin),0,0,0,0
shop,/shop/best-utility-iron-golf,utility iron golf,Clubs & Shafts,Clubs & Shafts,GONE,,below cut (long-tail / thin),0,0,0,0
shop,/shop/best-womens-golf-grips,womens golf grips,Golf Equipment,Clubs & Shafts,GONE,,below cut (long-tail / thin),0,0,0,0
shop,/shop/best-womens-golf-irons,womens golf irons,Clubs & Shafts,Clubs & Shafts,GONE,,below cut (long-tail / thin),0,0,0,0
shop,/shop/best-womens-golf-shafts,women's golf shafts,Clubs & Shafts,Clubs & Shafts,GONE,,below cut (long-tail / thin),0,0,0,0
shop,/shop/changing-a-golf-shaft-guide,changing a golf shaft,Clubs & Shafts,Clubs & Shafts,GONE,,below cut (long-tail / thin),0,0,0,0
shop,/shop/cleveland-bloom-womens-golf-set-review,cleveland bloom women's golf set,Golf Equipment,Clubs & Shafts,GONE,,local/geo intent,0,0,0,1
shop,/shop/cleveland-cbx-golf-wedges-review,cleveland cbx golf wedges,Clubs & Shafts,Clubs & Shafts,GONE,,local/geo intent,0,13,0,0
shop,/shop/cleveland-golf-cg-gold-irons-review,cleveland golf cg gold irons,Clubs & Shafts,Clubs & Shafts,GONE,,local/geo intent,0,0,1,13
shop,/shop/cleveland-golf-cg15-wedge-review,cleveland golf cg15 wedge,Clubs & Shafts,Clubs & Shafts,GONE,,local/geo intent,0,34,0,0
shop,/shop/cleveland-golf-hibore-xl-driver-review,cleveland golf hibore xl driver,Clubs & Shafts,Clubs & Shafts,GONE,,local/geo intent,0,10,0,0
shop,/shop/cleveland-golf-hybrid-irons-review,cleveland golf hybrid irons,Clubs & Shafts,Clubs & Shafts,GONE,,local/geo intent,0,0,0,0
shop,/shop/cobra-baffler-golf-irons-review,cobra baffler golf irons,Clubs & Shafts,Clubs & Shafts,GONE,,below cut (long-tail / thin),0,0,0,0
shop,/shop/cobra-golf-f-max-driver-review,cobra golf f max driver,Clubs & Shafts,Clubs & Shafts,GONE,,below cut (long-tail / thin),0,0,0,5
shop,/shop/cobra-golf-fly-xl-complete-set-review,cobra golf fly xl complete set,Golf Equipment,Clubs & Shafts,GONE,,below cut (long-tail / thin),0,0,0,1
shop,/shop/disadvantages-uniflex-golf-shaft,disadvantages uniflex golf shaft,Clubs & Shafts,Clubs & Shafts,GONE,,below cut (long-tail / thin),0,0,0,0
shop,/shop/golf-driver-with-most-forgiveness,golf driver with most forgiveness,Clubs & Shafts,Clubs & Shafts,GONE,,below cut (long-tail / thin),0,0,0,0
shop,/shop/golf-grip-size-chart,golf grip size chart,Golf Equipment,Clubs & Shafts,GONE,,below cut (long-tail / thin),0,0,0,0
shop,/shop/golf-grip-weak,golf grip weak,Golf Equipment,Clubs & Shafts,GONE,,below cut (long-tail / thin),0,0,0,0
shop,/shop/golf-midsize-vs-standard-grip,golf midsize vs standard grip,Golf Equipment,Clubs & Shafts,GONE,,below cut (long-tail / thin),0,0,0,0
shop,/shop/golf-pride-mcc-align-grips-guide,golf pride mcc align grips,Golf Equipment,Clubs & Shafts,GONE,,below cut (long-tail / thin),0,0,0,0
shop,/shop/golf-pride-new-decade-multicompound-grip-review,golf pride new decade multicompound grip,Golf Equipment,Clubs & Shafts,GONE,,below cut (long-tail / thin),0,0,0,0
shop,/shop/golf-pride-pro-only-putter-grip,golf pride pro only putter grip,Clubs & Shafts,Clubs & Shafts,GONE,,below cut (long-tail / thin),0,9,0,0
shop,/shop/golf-pride-reverse-taper-putter-grip,golf pride reverse taper putter grip,Clubs & Shafts,Clubs & Shafts,GONE,,below cut (long-tail / thin),0,7,0,0
shop,/shop/golf-swing-speed-chart-shaft-flex,golf swing speed chart for shaft flex,Golf Equipment,Clubs & Shafts,GONE,,below cut (long-tail / thin),0,0,0,0
shop,/shop/golf-training-grip,golf training grip,Golf Equipment,Clubs & Shafts,GONE,,below cut (long-tail / thin),0,0,0,0
shop,/shop/golf-wedges-distance-chart,golf wedges distance chart,Clubs & Shafts,Clubs & Shafts,GONE,,below cut (long-tail / thin),0,0,0,0
shop,/shop/how-long-does-golf-grip-take-to-dry,how long does golf grip take to dry,Golf Equipment,Clubs & Shafts,GONE,,below cut (long-tail / thin),0,0,0,4
shop,/shop/mizuno-jpx-900-forged-golf-irons-review,mizuno jpx 900 forged golf irons,Clubs & Shafts,Clubs & Shafts,GONE,,below cut (long-tail / thin),0,0,0,1
shop,/shop/mizuno-mp-20-golf-iron-set-review,mizuno mp 20 golf iron set,Clubs & Shafts,Clubs & Shafts,GONE,,below cut (long-tail / thin),0,0,0,0
shop,/shop/most-forgiving-drivers-in-golf,most forgiving drivers in golf,Clubs & Shafts,Clubs & Shafts,GONE,,below cut (long-tail / thin),0,0,0,0
shop,/shop/most-popular-golf-irons-on-tour,most popular golf irons on tour,Clubs & Shafts,Clubs & Shafts,GONE,,below cut (long-tail / thin),0,7,0,2
shop,/shop/nike-vapor-golf-irons-review,nike vapor golf irons,Clubs & Shafts,Clubs & Shafts,GONE,,below cut (long-tail / thin),0,0,0,1
shop,/shop/strong-golf-grip-benefits,strong golf grip benefits,Golf Equipment,Clubs & Shafts,GONE,,below cut (long-tail / thin),0,0,0,0
shop,/shop/strong-grip-in-golf,strong grip in golf,Golf Equipment,Clubs & Shafts,GONE,,below cut (long-tail / thin),0,0,0,0
shop,/shop/strong-vs-weak-golf-grip,strong vs weak golf grip,Golf Equipment,Clubs & Shafts,GONE,,below cut (long-tail / thin),0,0,0,0
shop,/shop/taylormade-golf-shaft-adapter-review,taylormade golf shaft adapter,Clubs & Shafts,Clubs & Shafts,GONE,,below cut (long-tail / thin),0,10,0,0
shop,/shop/taylormade-rbz-golf-irons-review,taylormade rbz golf irons,Clubs & Shafts,Clubs & Shafts,GONE,,below cut (long-tail / thin),0,0,0,4
shop,/shop/top-flite-youth-golf-set-buying-guide,top flite youth golf set,Golf Equipment,Clubs & Shafts,GONE,,below cut (long-tail / thin),0,0,0,2
shop,/shop/what-is-a-uniflex-golf-shaft,what is a uniflex golf shaft,Clubs & Shafts,Clubs & Shafts,GONE,,below cut (long-tail / thin),0,0,0,8
shop,/shop/what-is-torque-in-a-golf-shaft,what is torque in a golf shaft,Clubs & Shafts,Clubs & Shafts,GONE,,below cut (long-tail / thin),0,0,0,0
shop,/shop/what-size-golf-grips-do-i-need,what size golf grips do i need,Apparel,Clubs & Shafts,GONE,,below cut (long-tail / thin),0,0,0,0
shop,/shop/wilson-ultra-golf-irons-review,wilson ultra golf irons,Clubs & Shafts,Clubs & Shafts,GONE,,below cut (long-tail / thin),0,0,0,13
shop,/shop/wilson-wedges-golf-review,wilson wedges golf,Clubs & Shafts,Clubs & Shafts,GONE,,below cut (long-tail / thin),0,0,0,0
shop,/shop/womens-left-hand-golf-set,womens left hand golf set,Golf Equipment,Clubs & Shafts,GONE,,below cut (long-tail / thin),0,0,0,0
shop,/shop/are-callaway-supersoft-golf-balls-good,are callaway supersoft golf balls good,Golf Balls,Golf Balls,GONE,,below cut (long-tail / thin),0,0,0,0
shop,/shop/are-maxfli-golf-balls-good,are maxfli golf balls good,Golf Balls,Golf Balls,GONE,,below cut (long-tail / thin),0,0,0,0
shop,/shop/are-recycled-golf-balls-good,are recycled golf balls good,Golf Balls,Golf Balls,GONE,,below cut (long-tail / thin),0,0,0,0
shop,/shop/are-srixon-golf-balls-good,are srixon golf balls good,Golf Balls,Golf Balls,GONE,,below cut (long-tail / thin),0,0,0,0
shop,/shop/best-200-golf-balls,200 golf balls,Golf Balls,Golf Balls,GONE,,below cut (long-tail / thin),0,0,0,0
shop,/shop/best-3-golf-balls,3 golf balls,Golf Balls,Golf Balls,GONE,,below cut (long-tail / thin),0,0,0,0
shop,/shop/best-80-compression-golf-balls,80 compression golf balls,Golf Balls,Golf Balls,GONE,,below cut (long-tail / thin),0,0,0,0
shop,/shop/best-almost-golf-balls,almost golf balls,Golf Balls,Golf Balls,GONE,,below cut (long-tail / thin),0,0,0,0
shop,/shop/best-american-flag-golf-balls,american flag golf balls,Golf Balls,Golf Balls,GONE,,team/celebrity/licensed,0,0,0,0
shop,/shop/best-attomax-golf-balls,attomax golf balls,Golf Balls,Golf Balls,GONE,,below cut (long-tail / thin),0,0,0,1
shop,/shop/best-autographed-golf-balls,autographed golf balls,Golf Balls,Golf Balls,GONE,,below cut (long-tail / thin),0,0,0,0
shop,/shop/best-avx-golf-balls,avx golf balls,Golf Balls,Golf Balls,GONE,,below cut (long-tail / thin),0,0,0,0
shop,/shop/best-ball-sack-golf-ball-holder,ball sack golf ball holder,Golf Balls,Golf Balls,GONE,,below cut (long-tail / thin),0,0,0,0
shop,/shop/best-bandit-golf-ball,bandit golf ball,Golf Balls,Golf Balls,GONE,,below cut (long-tail / thin),0,0,0,0
shop,/shop/best-basket-of-golf-balls,basket of golf balls,Golf Balls,Golf Balls,GONE,,below cut (long-tail / thin),0,0,0,0
shop,/shop/best-bills-golf-balls,bills golf balls,Golf Balls,Golf Balls,GONE,,team/celebrity/licensed,0,0,0,0
shop,/shop/best-biodegradable-golf-ball,biodegradable golf ball,Golf Balls,Golf Balls,GONE,,below cut (long-tail / thin),0,0,0,0
shop,/shop/best-blood-clot-size-of-a-golf-ball,blood clot size of a golf ball,Golf Balls,Golf Balls,GONE,,below cut (long-tail / thin),0,5,0,0
shop,/shop/best-blue-golf-balls,blue golf balls,Golf Balls,Golf Balls,GONE,,below cut (long-tail / thin),0,39,0,0
shop,/shop/best-bouquet-of-golf-balls-buyers-guide,bouquet of golf balls,Golf Balls,Golf Balls,GONE,,below cut (long-tail / thin),0,0,0,0
shop,/shop/best-bucket-of-used-golf-balls,bucket of used golf balls,Golf Balls,Golf Balls,GONE,,below cut (long-tail / thin),0,0,0,0
shop,/shop/best-cake-golf-balls,cake golf balls,Golf Balls,Golf Balls,GONE,,novelty/off-topic,0,7,0,0
shop,/shop/best-chaos-golf-balls,chaos golf balls,Golf Balls,Golf Balls,GONE,,below cut (long-tail / thin),0,0,0,0
shop,/shop/best-chiefs-golf-balls,chiefs golf balls,Golf Balls,Golf Balls,GONE,,team/celebrity/licensed,0,0,0,0
shop,/shop/best-chiping-golf-ball,chiping golf ball,Golf Balls,Golf Balls,GONE,,below cut (long-tail / thin),0,0,0,0
shop,/shop/best-chrome-tour-x-golf-balls,chrome tour x golf balls,Golf Balls,Golf Balls,GONE,,below cut (long-tail / thin),0,0,0,0
shop,/shop/best-clear-golf-ball,clear golf ball,Golf Balls,Golf Balls,GONE,,below cut (long-tail / thin),0,0,0,0
shop,/shop/best-compressed-golf-ball,compressed golf ball,Golf Balls,Golf Balls,GONE,,below cut (long-tail / thin),0,0,0,0
shop,/shop/best-covering-the-golf-ball,covering the golf ball,Golf Balls,Golf Balls,GONE,,below cut (long-tail / thin),0,0,0,0
shop,/shop/best-dad-golf-balls,dad golf balls,Golf Balls,Golf Balls,GONE,,novelty/off-topic,0,8,0,0
shop,/shop/best-deadspin-golf-balls,deadspin golf balls,Golf Balls,Golf Balls,GONE,,below cut (long-tail / thin),0,0,0,0
shop,/shop/best-decomposable-golf-balls,decomposable golf balls,Golf Balls,Golf Balls,GONE,,below cut (long-tail / thin),0,0,0,0
shop,/shop/best-deer-skinning-with-golf-ball,deer skinning with golf ball,Golf Balls,Golf Balls,GONE,,below cut (long-tail / thin),0,0,0,0
shop,/shop/best-diablo-golf-balls,diablo golf balls,Golf Balls,Golf Balls,GONE,,below cut (long-tail / thin),0,0,0,0
shop,/shop/best-diamond-golf-ball,diamond golf ball,Golf Balls,Golf Balls,GONE,,below cut (long-tail / thin),0,0,0,0
shop,/shop/best-e12-golf-ball,e12 golf ball,Golf Balls,Golf Balls,GONE,,below cut (long-tail / thin),0,0,0,0
shop,/shop/best-eco-friendly-golf-balls,eco friendly golf balls,Golf Balls,Golf Balls,GONE,,below cut (long-tail / thin),0,0,0,0
shop,/shop/best-float-golf-balls,float golf balls,Golf Balls,Golf Balls,GONE,,below cut (long-tail / thin),0,0,0,1
shop,/shop/best-florida-gator-golf-balls,florida gator golf balls,Golf Balls,Golf Balls,GONE,,local/geo intent,0,34,0,0
shop,/shop/best-flying-lady-golf-balls,flying lady golf balls,Golf Balls,Golf Balls,GONE,,below cut (long-tail / thin),0,0,0,0
shop,/shop/best-foam-golf-balls,foam golf balls,Golf Balls,Golf Balls,GONE,,below cut (long-tail / thin),0,0,0,0
shop,/shop/best-free-golf-balls,free golf balls,Golf Balls,Golf Balls,GONE,,below cut (long-tail / thin),0,0,0,0
shop,/shop/best-funny-golf-ball-customization,funny golf ball customization,Golf Balls,Golf Balls,GONE,,novelty/off-topic,0,0,0,0
shop,/shop/best-getting-hit-by-a-golf-ball,getting hit by a golf ball,Golf Balls,Golf Balls,GONE,,below cut (long-tail / thin),0,0,0,0
shop,/shop/best-glasses-for-golf-balls,glasses for golf balls,Golf Equipment,Golf Balls,GONE,,below cut (long-tail / thin),0,0,0,0
shop,/shop/best-golden-bear-golf-balls,golden bear golf balls,Golf Balls,Golf Balls,GONE,,below cut (long-tail / thin),0,6,0,0
shop,/shop/best-golf-ball-alignment,golf ball alignment,Golf Balls,Golf Balls,GONE,,below cut (long-tail / thin),0,0,0,0
shop,/shop/best-golf-ball-balance,golf ball balance,Golf Balls,Golf Balls,GONE,,below cut (long-tail / thin),0,0,0,0
shop,/shop/best-golf-ball-beach-game,golf ball beach game,Golf Balls,Golf Balls,GONE,,novelty/off-topic,0,11,0,0
shop,/shop/best-golf-ball-cannon,golf ball cannon,Golf Balls,Golf Balls,GONE,,novelty/off-topic,0,1145,0,0
shop,/shop/best-golf-ball-cannon-black-powder,golf ball cannon black powder,Golf Balls,Golf Balls,GONE,,novelty/off-topic,0,0,3,3
shop,/shop/best-golf-ball-compression-rating,golf ball compression rating,Golf Balls,Golf Balls,GONE,,below cut (long-tail / thin),0,0,0,0
shop,/shop/best-golf-ball-cookies,golf ball cookies,Golf Balls,Golf Balls,GONE,,novelty/off-topic,0,0,0,0
shop,/shop/best-golf-ball-cup-guide,golf ball cup,Golf Balls,Golf Balls,GONE,,below cut (long-tail / thin),0,0,0,0
shop,/shop/best-golf-ball-driving-range,golf ball driving range,Golf Balls,Golf Balls,GONE,,below cut (long-tail / thin),0,7,0,0
shop,/shop/best-golf-ball-feeder,golf ball feeder,Golf Balls,Golf Balls,GONE,,below cut (long-tail / thin),0,0,0,0
shop,/shop/best-golf-ball-flask,golf ball flask,Golf Balls,Golf Balls,GONE,,novelty/off-topic,0,0,0,0
shop,/shop/best-golf-ball-flight-paths,golf ball flight paths,Golf Balls,Golf Balls,GONE,,below cut (long-tail / thin),0,0,0,1
shop,/shop/best-golf-ball-for-15-handicap,best golf ball for 15 handicap,Golf Balls,Golf Balls,GONE,,below cut (long-tail / thin),0,0,0,0
shop,/shop/best-golf-ball-for-70-mph-swing-speed,best golf ball for 70 mph swing speed,Golf Balls,Golf Balls,GONE,,below cut (long-tail / thin),0,0,0,0
shop,/shop/best-golf-ball-for-a-senior,best golf ball for a senior,Golf Balls,Golf Balls,GONE,,duplicate keyword (plural/variant) (target not kept),0,0,0,0
shop,/shop/best-golf-ball-for-beginner-buying-guide,best golf ball for beginner,Golf Balls,Golf Balls,GONE,,duplicate keyword (plural/variant) (target not kept),0,0,0,0
shop,/shop/best-golf-ball-for-mid-handicap,best golf ball for mid handicap,Golf Balls,Golf Balls,GONE,,below cut (long-tail / thin),0,0,0,0
shop,/shop/best-golf-ball-for-slicers,best golf ball for slicers,Golf Balls,Golf Balls,GONE,,below cut (long-tail / thin),0,0,0,0
shop,/shop/best-golf-ball-for-slower-swing-speeds,best golf ball for slower swing speeds,Golf Balls,Golf Balls,GONE,,below cut (long-tail / thin),0,0,0,0
shop,/shop/best-golf-ball-glassware,golf ball glassware,Golf Balls,Golf Balls,GONE,,novelty/off-topic,0,10,0,0
shop,/shop/best-golf-ball-ice-mold,golf ball ice mold,Golf Balls,Golf Balls,GONE,,below cut (long-tail / thin),0,0,0,0
shop,/shop/best-golf-ball-launcher-ar-15,golf ball launcher ar 15,Golf Balls,Golf Balls,GONE,,novelty/off-topic,0,20,0,0
shop,/shop/best-golf-ball-market-guide,golf ball market,Golf Balls,Golf Balls,GONE,,below cut (long-tail / thin),0,0,0,0
shop,/shop/best-golf-ball-molds-chocolate,golf ball molds chocolate,Golf Balls,Golf Balls,GONE,,below cut (long-tail / thin),0,0,0,0
shop,/shop/best-golf-ball-plant,golf ball plant,Golf Balls,Golf Balls,GONE,,below cut (long-tail / thin),0,0,0,0
shop,/shop/best-golf-ball-presents,golf ball presents,Golf Balls,Golf Balls,GONE,,novelty/off-topic,0,26,0,0
shop,/shop/best-golf-ball-retriver,golf ball retriver,Golf Balls,Golf Balls,GONE,,below cut (long-tail / thin),0,0,0,0
shop,/shop/best-golf-ball-shot-training-aids,golf ball shot,Golf Balls,Golf Balls,GONE,,below cut (long-tail / thin),0,0,0,0
shop,/shop/best-golf-ball-sized-clots,golf ball sized clots,Golf Balls,Golf Balls,GONE,,below cut (long-tail / thin),0,0,0,0
shop,/shop/best-golf-ball-stickers,golf ball stickers,Golf Balls,Golf Balls,GONE,,below cut (long-tail / thin),0,6,0,0
shop,/shop/best-golf-ball-storage,golf ball storage,Golf Balls,Golf Balls,GONE,,below cut (long-tail / thin),0,0,0,0
shop,/shop/best-golf-ball-testing-2024,golf ball testing,Golf Balls,Golf Balls,GONE,,below cut (long-tail / thin),0,0,0,0
shop,/shop/best-golf-ball-with-tracking-device,golf ball with tracking device,Golf Balls,Golf Balls,GONE,,below cut (long-tail / thin),0,0,0,0
shop,/shop/best-golf-balls-for-95-100-mph-swing-speed,best golf balls for 95-100 mph swing speed,Golf Balls,Golf Balls,GONE,,below cut (long-tail / thin),0,0,0,0
shop,/shop/best-golf-balls-for-beginners,best golf balls for beginners,Golf Balls,Golf Balls,GONE,,below cut (long-tail / thin),0,0,0,0
shop,/shop/best-golf-balls-for-seniors,best golf balls for seniors,Golf Balls,Golf Balls,GONE,,below cut (long-tail / thin),0,0,0,0
shop,/shop/best-golf-balls-for-slow-swing-speeds,golf balls for slow swing speeds,Golf Balls,Golf Balls,GONE,,below cut (long-tail / thin),0,0,0,0
shop,/shop/best-golf-balls-glow-in-the-dark,golf balls glow in the dark,Golf Balls,Golf Balls,GONE,,below cut (long-tail / thin),0,14,0,0
shop,/shop/best-golf-balls-mid-handicappers-buying-guide,best golf balls for mid handicappers,Golf Balls,Golf Balls,GONE,,below cut (long-tail / thin),0,0,0,0
shop,/shop/best-golf-balls-position-crossword-clue,golf ball's position crossword clue,Golf Balls,Golf Balls,GONE,,below cut (long-tail / thin),0,0,0,0
shop,/shop/best-golf-balls-set,golf balls set,Golf Balls,Golf Balls,GONE,,below cut (long-tail / thin),0,0,0,0
shop,/shop/best-golf-balls-that-go-straight,golf balls that go straight,Golf Balls,Golf Balls,GONE,,below cut (long-tail / thin),0,0,0,0
shop,/shop/best-good-good-golf-balls,good good golf balls,Golf Balls,Golf Balls,GONE,,below cut (long-tail / thin),0,0,0,0
shop,/shop/best-gps-golf-balls,gps golf balls,Golf Balls,Golf Balls,GONE,,below cut (long-tail / thin),0,0,0,0
shop,/shop/best-happy-gilmore-golf-balls,happy gilmore golf balls,Golf Balls,Golf Balls,GONE,,team/celebrity/licensed,0,0,0,0
shop,/shop/best-high-handicap-golf-balls,high handicap golf balls,Golf Balls,Golf Balls,GONE,,below cut (long-tail / thin),0,0,0,0
shop,/shop/best-hitting-golf-ball-fat,hitting golf ball fat,Golf Balls,Golf Balls,GONE,,below cut (long-tail / thin),0,0,0,0
shop,/shop/best-hole-in-one-golf-ball-display,hole in one golf ball display,Golf Balls,Golf Balls,GONE,,below cut (long-tail / thin),0,6,0,0
shop,/shop/best-hooking-golf-ball,hooking golf ball,Golf Balls,Golf Balls,GONE,,below cut (long-tail / thin),0,0,0,0
shop,/shop/best-humorous-golf-balls,humorous golf balls,Golf Balls,Golf Balls,GONE,,novelty/off-topic,0,29,0,0
shop,/shop/best-junior-golf-balls,junior golf balls,Golf Balls,Golf Balls,GONE,,below cut (long-tail / thin),0,0,0,0
shop,/shop/best-kirkland-golf-balls,best kirkland golf balls,Golf Balls,Golf Balls,GONE,,below cut (long-tail / thin),0,0,0,1
shop,/shop/best-line-on-golf-ball,line on golf ball,Golf Balls,Golf Balls,GONE,,below cut (long-tail / thin),0,0,0,0
shop,/shop/best-logo-golf-balls-callaway,logo golf balls callaway,Golf Balls,Golf Balls,GONE,,novelty/off-topic,0,17,0,0
shop,/shop/best-logo-overrun-golf-balls,logo overrun golf balls,Golf Balls,Golf Balls,GONE,,novelty/off-topic,0,43,0,0
shop,/shop/best-longest-distance-golf-balls,longest distance golf balls,Golf Balls,Golf Balls,GONE,,below cut (long-tail / thin),0,0,0,0
shop,/shop/best-longest-golf-ball-for-seniors,longest golf ball for seniors,Golf Balls,Golf Balls,GONE,,below cut (long-tail / thin),0,0,0,0
shop,/shop/best-masters-golf-balls,masters golf balls,Golf Balls,Golf Balls,GONE,,local/service/event intent,0,0,0,0
shop,/shop/best-maxfli-softfli-golf-balls,maxfli softfli golf balls,Golf Balls,Golf Balls,GONE,,below cut (long-tail / thin),0,0,0,0
shop,/shop/best-maxfli-straightfli-matte-orange-golf-balls,maxfli straightfli matte orange golf balls,Golf Balls,Golf Balls,GONE,,below cut (long-tail / thin),0,0,0,0
shop,/shop/best-mg-golf-balls,mg golf balls,Golf Balls,Golf Balls,GONE,,below cut (long-tail / thin),0,0,0,0
shop,/shop/best-michigan-golf-balls,michigan golf balls,Golf Balls,Golf Balls,GONE,,team/celebrity/licensed,0,0,0,0
shop,/shop/best-noodle-neon-golf-balls,noodle neon golf balls,Golf Balls,Golf Balls,GONE,,novelty/off-topic,0,17,0,0
shop,/shop/best-ny-yankees-golf-balls,ny yankees golf balls,Golf Balls,Golf Balls,GONE,,team/celebrity/licensed,0,17,0,0
shop,/shop/best-personalized-golf-balls-taylormade,personalized golf balls taylormade,Golf Balls,Golf Balls,GONE,,below cut (long-tail / thin),0,0,0,0
shop,/shop/best-pinnacle-rush-golf-balls,pinnacle rush golf balls,Golf Balls,Golf Balls,GONE,,below cut (long-tail / thin),0,0,0,0
shop,/shop/best-pittosporum-golf-ball,pittosporum golf ball,Golf Balls,Golf Balls,GONE,,novelty/off-topic,0,24,0,0
shop,/shop/best-plastic-practice-golf-balls,plastic practice golf balls,Golf Balls,Golf Balls,GONE,,below cut (long-tail / thin),0,0,0,0
shop,/shop/best-practice-golf-balls,practice golf balls,Golf Balls,Golf Balls,GONE,,below cut (long-tail / thin),0,0,0,0
shop,/shop/best-pro-v1x-golf-balls,pro v1x golf balls,Golf Balls,Golf Balls,GONE,,below cut (long-tail / thin),0,0,0,0
shop,/shop/best-protecting-windows-from-golf-balls,protecting windows from golf balls,Golf Balls,Golf Balls,GONE,,below cut (long-tail / thin),0,0,0,0
shop,/shop/best-prov1x-golf-balls,prov1x golf balls,Golf Balls,Golf Balls,GONE,,below cut (long-tail / thin),0,0,0,0
shop,/shop/best-red-golf-balls,red golf balls,Golf Balls,Golf Balls,GONE,,below cut (long-tail / thin),0,8,0,0
shop,/shop/best-refurbished-pro-v1x-golf-balls,refurbished pro v1x golf balls,Golf Balls,Golf Balls,GONE,,below cut (long-tail / thin),0,0,0,0
shop,/shop/best-size-of-a-golf-ball,size of a golf ball,Golf Balls,Golf Balls,GONE,,below cut (long-tail / thin),0,0,0,2
shop,/shop/best-skull-golf-ball,skull golf ball,Golf Balls,Golf Balls,GONE,,below cut (long-tail / thin),0,0,0,0
shop,/shop/best-spongebob-golf-balls,spongebob golf balls,Golf Balls,Golf Balls,GONE,,below cut (long-tail / thin),0,0,0,0
shop,/shop/best-stripe-golf-ball,stripe golf ball,Golf Balls,Golf Balls,GONE,,below cut (long-tail / thin),0,0,0,0
shop,/shop/best-teeing-a-golf-ball,teeing a golf ball,Golf Balls,Golf Balls,GONE,,below cut (long-tail / thin),0,0,0,0
shop,/shop/best-top-flite-golf-balls-buyers-guide,top flite golf balls,Golf Balls,Golf Balls,GONE,,below cut (long-tail / thin),0,0,0,0
shop,/shop/best-tp5-golf-ball,tp5 golf ball,Golf Balls,Golf Balls,GONE,,below cut (long-tail / thin),0,0,0,0
shop,/shop/best-triple-diamond-golf-balls,triple diamond golf balls,Golf Balls,Golf Balls,GONE,,below cut (long-tail / thin),0,0,0,0
shop,/shop/best-trufeel-golf-ball,trufeel golf ball,Golf Balls,Golf Balls,GONE,,below cut (long-tail / thin),0,0,0,0
shop,/shop/best-used-golf-balls,best used golf balls,Golf Balls,Golf Balls,GONE,,below cut (long-tail / thin),0,0,0,0
shop,/shop/best-used-titleist-pro-v1-golf-balls,used titleist pro v1 golf balls,Golf Balls,Golf Balls,GONE,,below cut (long-tail / thin),0,0,0,0
shop,/shop/best-vice-pro-soft-golf-balls,vice pro soft golf balls,Golf Balls,Golf Balls,GONE,,below cut (long-tail / thin),0,0,0,0
shop,/shop/best-warbird-golf-balls,warbird golf balls,Golf Balls,Golf Balls,GONE,,below cut (long-tail / thin),0,0,0,0
shop,/shop/best-wiffle-golf-balls,wiffle golf balls,Golf Balls,Golf Balls,GONE,,below cut (long-tail / thin),0,6,0,0
shop,/shop/best-winter-golf-balls,best winter golf balls,Golf Balls,Golf Balls,GONE,,below cut (long-tail / thin),0,0,0,0
shop,/shop/best-xmas-golf-balls,xmas golf balls,Golf Balls,Golf Balls,GONE,,below cut (long-tail / thin),0,0,0,0
shop,/shop/best-zero-friction-golf-balls,zero friction golf balls,Golf Balls,Golf Balls,GONE,,below cut (long-tail / thin),0,0,0,0
shop,/shop/boxes-of-golf-balls,boxes of golf balls,Golf Balls,Golf Balls,GONE,,below cut (long-tail / thin),0,11,0,0
shop,/shop/bridgestone-tour-bx-golf-balls-review,bridgestone tour bx golf balls,Golf Balls,Golf Balls,GONE,,below cut (long-tail / thin),0,0,0,0
shop,/shop/buy-3-get-1-free-titleist-golf-balls,buy 3 get 1 free titleist golf balls,Golf Balls,Golf Balls,GONE,,below cut (long-tail / thin),0,0,0,0
shop,/shop/callaway-chrome-soft-soccer-golf-balls-review,callaway chrome soft soccer golf balls,Golf Balls,Golf Balls,GONE,,below cut (long-tail / thin),0,0,0,0
shop,/shop/callaway-chrome-soft-truvis-golf-balls-review,callaway chrome soft truvis golf balls,Golf Balls,Golf Balls,GONE,,below cut (long-tail / thin),0,0,0,0
shop,/shop/collector-golf-balls,collector golf balls,Golf Balls,Golf Balls,GONE,,below cut (long-tail / thin),0,0,0,2
shop,/shop/custom-golf-balls-for-wedding,custom golf balls for wedding,Golf Balls,Golf Balls,GONE,,local/service/event intent,0,0,0,0
shop,/shop/do-golf-balls-expire,do golf balls expire,Golf Balls,Golf Balls,GONE,,below cut (long-tail / thin),0,0,0,0
shop,/shop/do-golf-balls-get-waterlogged,do golf balls get waterlogged,Golf Balls,Golf Balls,GONE,,below cut (long-tail / thin),0,0,0,0
shop,/shop/do-golf-balls-go-bad,do golf balls go bad,Golf Balls,Golf Balls,GONE,,below cut (long-tail / thin),0,0,0,0
shop,/shop/do-golf-balls-make-a-difference,do golf balls make a difference,Golf Balls,Golf Balls,GONE,,below cut (long-tail / thin),0,0,0,0
shop,/shop/dozen-pro-v1-golf-balls,dozen pro v1 golf balls,Golf Balls,Golf Balls,GONE,,below cut (long-tail / thin),0,0,0,1
shop,/shop/drills-for-hitting-down-on-the-golf-ball,drills for hitting down on the golf ball,Golf Equipment,Golf Balls,GONE,,below cut (long-tail / thin),0,0,0,0
shop,/shop/funny-golf-ball,funny golf ball,Golf Balls,Golf Balls,GONE,,novelty/off-topic,0,0,0,0
shop,/shop/golf-ball-dimples-count,golf ball how many dimples,Golf Balls,Golf Balls,GONE,,below cut (long-tail / thin),0,0,0,0
shop,/shop/golf-ball-distance-calculator,golf ball distance calculator,Golf Balls,Golf Balls,GONE,,below cut (long-tail / thin),0,0,0,0
shop,/shop/golf-ball-position-in-stance,golf ball position in stance,Golf Balls,Golf Balls,GONE,,below cut (long-tail / thin),0,0,0,0
shop,/shop/golf-ball-speed-chart,golf ball speed chart,Golf Balls,Golf Balls,GONE,,below cut (long-tail / thin),0,0,0,0
shop,/shop/golf-balls-for-senior-golfers,golf balls for senior golfers,Golf Balls,Golf Balls,GONE,,below cut (long-tail / thin),0,0,0,0
shop,/shop/golf-balls-in-jar,golf balls in jar,Golf Balls,Golf Balls,GONE,,below cut (long-tail / thin),0,0,0,0
shop,/shop/golf-balls-sleeve,golf balls sleeve,Golf Balls,Golf Balls,GONE,,below cut (long-tail / thin),0,9,0,0
shop,/shop/hard-vs-soft-golf-balls,hard vs soft golf balls,Golf Balls,Golf Balls,GONE,,below cut (long-tail / thin),0,0,0,1
shop,/shop/honma-golf-balls,honma golf balls,Golf Balls,Golf Balls,GONE,,below cut (long-tail / thin),0,0,0,6
shop,/shop/how-far-to-stand-from-golf-ball-with-driver,how far to stand from golf ball with driver,Golf Balls,Golf Balls,GONE,,below cut (long-tail / thin),0,0,0,0
shop,/shop/how-fast-does-a-golf-ball-travel,how fast does a golf ball travel,Golf Balls,Golf Balls,GONE,,below cut (long-tail / thin),0,0,0,0
shop,/shop/how-much-does-a-golf-ball-weigh,how much does a golf ball weigh,Golf Balls,Golf Balls,GONE,,below cut (long-tail / thin),0,0,0,14
shop,/shop/massage-feet-with-golf-ball,massage feet with golf ball,Golf Balls,Golf Balls,GONE,,novelty/off-topic,0,39,0,0
shop,/shop/maxfli-straightfli-matte-green-golf-balls-guide,maxfli straightfli matte green golf balls,Golf Balls,Golf Balls,GONE,,below cut (long-tail / thin),0,0,0,0
shop,/shop/most-expensive-golf-ball-in-the-world,most expensive golf ball in the world,Golf Balls,Golf Balls,GONE,,below cut (long-tail / thin),0,0,0,0
shop,/shop/most-forgiving-golf-ball,most forgiving golf ball,Golf Balls,Golf Balls,GONE,,below cut (long-tail / thin),0,0,0,0
shop,/shop/srixon-ad333-golf-balls-review,srixon ad333 golf balls,Golf Balls,Golf Balls,GONE,,below cut (long-tail / thin),0,0,0,0
shop,/shop/srixon-bag-golf-review,srixon bag golf,Golf Balls,Golf Balls,GONE,,below cut (long-tail / thin),0,0,0,0
shop,/shop/srixon-marathon-golf-balls-review,srixon marathon golf balls,Golf Balls,Golf Balls,GONE,,below cut (long-tail / thin),0,0,0,1
shop,/shop/standing-too-close-to-golf-ball,standing too close to golf ball,Golf Balls,Golf Balls,GONE,,below cut (long-tail / thin),0,0,0,0
shop,/shop/taylormade-distance-golf-balls-review,taylormade distance golf balls,Golf Balls,Golf Balls,GONE,,below cut (long-tail / thin),0,0,0,0
shop,/shop/taylormade-tp5-pix-golf-balls-review,taylormade tp5 pix golf balls,Golf Balls,Golf Balls,GONE,,below cut (long-tail / thin),0,0,0,1
shop,/shop/titleist-christmas-golf-balls-review,titleist christmas golf balls,Golf Balls,Golf Balls,GONE,,novelty/off-topic,0,0,0,0
shop,/shop/titleist-golf-balls-3-pack-review,titleist golf balls 3 pack,Golf Balls,Golf Balls,GONE,,below cut (long-tail / thin),0,0,0,0
shop,/shop/titleist-pro-v1-golf-balls-yellow-review,titleist pro v1 golf balls yellow,Golf Balls,Golf Balls,GONE,,below cut (long-tail / thin),0,0,0,0
shop,/shop/titleist-tour-soft-golf-ball-review,titleist tour soft golf ball,Golf Balls,Golf Balls,GONE,,below cut (long-tail / thin),0,0,0,0
shop,/shop/top-flite-gamer-golf-ball-buying-guide,top flite gamer golf ball,Golf Balls,Golf Balls,GONE,,below cut (long-tail / thin),0,0,0,0
shop,/shop/what-are-golf-balls-made-of,what are golf balls made of,Golf Balls,Golf Balls,GONE,,below cut (long-tail / thin),0,0,0,3
shop,/shop/what-do-the-numbers-on-golf-balls-mean,what do the numbers on golf balls mean,Golf Balls,Golf Balls,GONE,,below cut (long-tail / thin),0,0,0,0
shop,/shop/where-can-i-sell-golf-balls,where can i sell golf balls,Golf Balls,Golf Balls,GONE,,below cut (long-tail / thin),0,0,0,4
shop,/shop/why-is-there-dimples-on-a-golf-ball,why is there dimples on a golf ball,Golf Balls,Golf Balls,GONE,,below cut (long-tail / thin),0,0,0,0
shop,/shop/wilson-staff-50-elite-golf-balls-review,wilson staff 50 elite golf balls,Golf Balls,Golf Balls,GONE,,below cut (long-tail / thin),0,0,0,2
shop,/shop/wilson-staff-golf-ball-review,wilson staff golf ball,Golf Balls,Golf Balls,GONE,,below cut (long-tail / thin),0,0,0,0
blog,/blog/golf-cart-repair-charleston-sc,golf cart repair charleston sc,Golf Cart,Golf Carts,GONE,,local/geo intent,0,0,0,0
blog,/blog/how-to-store-electric-golf-cart-winter,how to store an electric golf cart for the winter,Golf Cart,Golf Carts,GONE,,below cut (long-tail / thin),0,0,0,0
blog,/blog/how-to-tell-if-a-golf-cart-battery-is-bad,how to tell if a golf cart battery is bad,Golf Cart,Golf Carts,GONE,,below cut (long-tail / thin),0,0,0,0
blog,/blog/how-to-test-golf-cart-batteries-with-multimeter,how to test golf cart batteries with multimeter,Golf Cart,Golf Carts,GONE,,below cut (long-tail / thin),0,0,0,0
shop,/shop/14x10-golf-cart-wheels,14x10 golf cart wheels,Golf Carts,Golf Carts,GONE,,below cut (long-tail / thin),0,12,0,0
shop,/shop/1957-chevrolet-golf-cart-guide,1957 chevrolet golf cart,Golf Carts,Golf Carts,GONE,,year/model variant,0,0,0,1
shop,/shop/1990-ezgo-golf-cart,1990 ezgo golf cart,Golf Carts,Golf Carts,GONE,,year/model variant,0,0,0,0
shop,/shop/2-seater-golf-cart-guide,2 seater golf cart,Golf Carts,Golf Carts,GONE,,below cut (long-tail / thin),0,0,0,0
shop,/shop/36v-to-48v-golf-cart-conversion-kits,36v to 48v golf cart conversion kit,Golf Carts,Golf Carts,GONE,,below cut (long-tail / thin),0,9,0,0
shop,/shop/36v-vs-48v-golf-cart,36v vs 48v golf cart,Golf Carts,Golf Carts,GONE,,below cut (long-tail / thin),0,0,0,2
shop,/shop/48-volt-golf-cart-solenoid-wiring-diagram,48 volt golf cart solenoid wiring diagram,Golf Carts,Golf Carts,GONE,,below cut (long-tail / thin),0,0,0,0
shop,/shop/48v-48-volt-golf-cart-battery-wiring-diagram,48v 48 volt golf cart battery wiring diagram,Golf Carts,Golf Carts,GONE,,below cut (long-tail / thin),0,0,0,0
shop,/shop/adjust-brakes-on-golf-cart,adjust brakes on golf cart,Golf Carts,Golf Carts,GONE,,below cut (long-tail / thin),0,0,0,0
shop,/shop/affordable-golf-carts-davenport-buying-guide,affordable golf carts davenport,Golf Carts,Golf Carts,GONE,,local/geo intent,0,347,0,0
shop,/shop/atlanta-golf-cart-accident-attorney,atlanta golf cart accident attorney,Golf Carts,Golf Carts,GONE,,local/service/event intent,0,0,0,0
shop,/shop/back-of-a-golf-cart,back of a golf cart,Golf Carts,Golf Carts,GONE,,below cut (long-tail / thin),0,0,0,1
shop,/shop/best-10-golf-cart-rims,10 golf cart rims,Golf Carts,Golf Carts,GONE,,below cut (long-tail / thin),0,0,0,0
shop,/shop/best-10l0l-golf-cart-sand-bottle-accessories,10l0l golf cart sand bottle accessories,Golf Carts,Golf Carts,GONE,,below cut (long-tail / thin),0,0,0,0
shop,/shop/best-12-golf-cart-wheels-and-tires,12 golf cart wheels and tires,Golf Carts,Golf Carts,GONE,,below cut (long-tail / thin),0,0,0,0
shop,/shop/best-12-inch-golf-cart-wheels-and-tires-combo,12 inch golf cart wheels and tires combo,Golf Carts,Golf Carts,GONE,,below cut (long-tail / thin),0,64,0,0
shop,/shop/best-12-volt-deep-cycle-golf-cart-batteries,12 volt deep cycle golf cart batteries,Golf Carts,Golf Carts,GONE,,below cut (long-tail / thin),0,12,0,0
shop,/shop/best-12v-golf-buggy-battery,12v golf buggy battery,Golf Carts,Golf Carts,GONE,,below cut (long-tail / thin),0,0,0,0
shop,/shop/best-12v-lithium-ion-golf-cart-battery,12v lithium ion golf cart battery,Golf Carts,Golf Carts,GONE,,below cut (long-tail / thin),0,30,0,0
shop,/shop/best-18x8-5-8-golf-cart-tires,18x8 5 8 golf cart tires,Golf Carts,Golf Carts,GONE,,below cut (long-tail / thin),0,0,0,0
shop,/shop/best-1995-yamaha-golf-cart,1995 yamaha golf cart,Golf Carts,Golf Carts,GONE,,year/model variant,0,0,0,0
shop,/shop/best-2-gauge-golf-cart-battery-cables,2 gauge golf cart battery cables,Golf Carts,Golf Carts,GONE,,below cut (long-tail / thin),0,0,0,0
shop,/shop/best-2-passenger-roof-4-passenger-seating-golf-cart-enclosure,2 passenger roof / 4 passenger seating golf cart enclosure,Golf Carts,Golf Carts,GONE,,below cut (long-tail / thin),0,0,0,0
shop,/shop/best-2000-yamaha-golf-cart,2000 yamaha golf cart,Golf Carts,Golf Carts,GONE,,year/model variant,0,0,0,0
shop,/shop/best-2016-ezgo-golf-cart,2016 ezgo golf cart,Golf Carts,Golf Carts,GONE,,year/model variant,0,0,0,0
shop,/shop/best-2018-yamaha-golf-cart-guide,2018 yamaha golf cart,Golf Carts,Golf Carts,GONE,,year/model variant,0,0,0,3
shop,/shop/best-2019-golf-cart-4-seater-buyers-guide,2019 golf cart 4 seater,Golf Carts,Golf Carts,GONE,,year/model variant,0,0,0,0
shop,/shop/best-2020-icon-golf-cart,2020 icon golf cart,Golf Carts,Golf Carts,GONE,,below cut (long-tail / thin),0,0,0,0
shop,/shop/best-20x8x10-golf-cart-tires,20x8x10 golf cart tires,Golf Carts,Golf Carts,GONE,,below cut (long-tail / thin),0,9,0,0
shop,/shop/best-215-40-12-golf-cart-tires,215 40 12 golf cart tires,Golf Carts,Golf Carts,GONE,,below cut (long-tail / thin),0,0,0,0
shop,/shop/best-23-golf-cart-tires,23 golf cart tires,Golf Carts,Golf Carts,GONE,,below cut (long-tail / thin),0,0,0,0
shop,/shop/best-36-volt-lithium-golf-cart-batteries,36 volt lithium golf cart batteries,Golf Carts,Golf Carts,GONE,,below cut (long-tail / thin),0,0,0,0
shop,/shop/best-3k-golf-carts,3k golf carts,Golf Carts,Golf Carts,GONE,,below cut (long-tail / thin),0,0,0,1
shop,/shop/best-4-inch-lift-kit-for-ezgo-golf-cart,4 inch lift kit for ezgo golf cart,Golf Equipment,Golf Carts,GONE,,below cut (long-tail / thin),0,0,0,0
shop,/shop/best-4-person-golf-cart-with-bag-holder,4 person golf cart with bag holder,Golf Carts,Golf Carts,GONE,,below cut (long-tail / thin),0,0,0,0
shop,/shop/best-4-x-4-golf-cart,4 x 4 golf cart,Golf Carts,Golf Carts,GONE,,below cut (long-tail / thin),0,0,0,0
shop,/shop/best-48-volt-golf-cart,48 volt golf cart,Golf Carts,Golf Carts,GONE,,below cut (long-tail / thin),0,0,0,0
shop,/shop/best-48-volt-golf-cart-batteries,48 volt golf cart batteries,Golf Carts,Golf Carts,GONE,,below cut (long-tail / thin),0,0,0,0
shop,/shop/best-48-volt-golf-cart-motor,48 volt golf cart motor,Golf Carts,Golf Carts,GONE,,below cut (long-tail / thin),0,20,0,0
shop,/shop/best-48-volt-yamaha-golf-cart-battery-charger,48 volt yamaha golf cart battery charger,Golf Carts,Golf Carts,GONE,,below cut (long-tail / thin),0,0,0,0
shop,/shop/best-48v-to-12v-reducer-golf-cart,48v to 12v reducer for golf cart,Golf Equipment,Golf Carts,GONE,,below cut (long-tail / thin),0,0,0,0
shop,/shop/best-4x4-golf-cart-kit,4x4 golf cart kit,Golf Carts,Golf Carts,GONE,,below cut (long-tail / thin),0,31,0,1
shop,/shop/best-5x10-golf-cart-trailer,5x10 golf cart trailer,Golf Carts,Golf Carts,GONE,,below cut (long-tail / thin),0,5,0,0
shop,/shop/best-6-passenger-golf-carts,6 passenger golf carts,Golf Carts,Golf Carts,GONE,,below cut (long-tail / thin),0,74,0,0
shop,/shop/best-6-seater-gas-golf-cart,6 seater gas golf cart,Golf Carts,Golf Carts,GONE,,below cut (long-tail / thin),0,0,0,0
shop,/shop/best-6-seater-golf-cart,6 seater golf cart,Golf Carts,Golf Carts,GONE,,below cut (long-tail / thin),0,0,0,0
shop,/shop/best-6-volt-batteries-for-golf-cart,6 volt batteries for golf cart,Golf Equipment,Golf Carts,GONE,,below cut (long-tail / thin),0,0,0,0
shop,/shop/best-8-volt-golf-cart-batteries,8 volt golf cart batteries,Golf Carts,Golf Carts,GONE,,below cut (long-tail / thin),0,0,0,0
shop,/shop/best-8-volt-golf-cart-battery,8 volt golf cart battery,Golf Carts,Golf Carts,GONE,,duplicate keyword (plural/variant) (target not kept),0,0,0,0
shop,/shop/best-ace-golf-carts,ace golf carts,Golf Carts,Golf Carts,GONE,,below cut (long-tail / thin),0,0,0,0
shop,/shop/best-adaptive-golf-cart,adaptive golf cart,Golf Carts,Golf Carts,GONE,,below cut (long-tail / thin),0,24,0,0
shop,/shop/best-airless-golf-cart-tires,airless golf cart tires,Golf Carts,Golf Carts,GONE,,below cut (long-tail / thin),0,0,0,0
shop,/shop/best-ajax-golf-cart-rental-coupon,ajax golf cart rental coupon,Golf Carts,Golf Carts,GONE,,local/service/event intent,0,0,0,0
shop,/shop/best-all-terrain-golf-cart-tires-wheels,all terrain golf cart tires and wheels,Golf Carts,Golf Carts,GONE,,below cut (long-tail / thin),0,0,0,0
shop,/shop/best-aluminum-golf-cart-rims,aluminum golf cart rims,Golf Carts,Golf Carts,GONE,,below cut (long-tail / thin),0,14,0,0
shop,/shop/best-area-31-golf-cart,area 31 golf cart,Golf Carts,Golf Carts,GONE,,below cut (long-tail / thin),0,0,0,0
shop,/shop/best-atlas-golf-carts,atlas golf carts,Golf Carts,Golf Carts,GONE,,below cut (long-tail / thin),0,340,0,1
shop,/shop/best-awesome-golf-carts,awesome golf carts,Golf Carts,Golf Carts,GONE,,below cut (long-tail / thin),0,0,0,0
shop,/shop/best-axis-golf-cart-buyers-guide,axis golf cart,Golf Carts,Golf Carts,GONE,,below cut (long-tail / thin),0,0,0,2
shop,/shop/best-bald-head-island-golf-cart-rentals,bald head island golf cart rentals,Golf Carts,Golf Carts,GONE,,local/service/event intent,0,0,0,0
shop,/shop/best-bar-golf-cart,bar golf cart,Golf Carts,Golf Carts,GONE,,local/service/event intent,0,6,0,0
shop,/shop/best-battery-for-golf-buggy,best battery for golf buggy,Power & Batteries,Golf Carts,GONE,,below cut (long-tail / thin),0,0,0,0
shop,/shop/best-bay-st-louis-golf-cart-rentals,bay st louis golf cart rentals,Golf Carts,Golf Carts,GONE,,local/service/event intent,0,129,0,0
shop,/shop/best-bintelli-6-seater-golf-cart,bintelli 6 seater golf cart,Golf Carts,Golf Carts,GONE,,below cut (long-tail / thin),0,0,0,0
shop,/shop/best-bintelli-golf-cart-parts,bintelli golf cart parts,Golf Carts,Golf Carts,GONE,,below cut (long-tail / thin),0,0,0,0
shop,/shop/best-bintelli-golf-carts-fort-myers,bintelli golf carts fort myers,Golf Carts,Golf Carts,GONE,,local/geo intent,0,0,0,0
shop,/shop/best-blinker-kit-for-golf-cart,blinker kit for golf cart,Golf Equipment,Golf Carts,GONE,,below cut (long-tail / thin),0,0,0,0
shop,/shop/best-bucket-seats-for-golf-carts,bucket seats for golf carts,Golf Equipment,Golf Carts,GONE,,below cut (long-tail / thin),0,39,0,0
shop,/shop/best-budget-golf-cart-under-1000,golf cart under 1000,Golf Carts,Golf Carts,GONE,,below cut (long-tail / thin),0,0,0,0
shop,/shop/best-budget-golf-cart-wheels-tires,cheap golf cart wheels and tires,Golf Carts,Golf Carts,GONE,,below cut (long-tail / thin),0,13,0,0
shop,/shop/best-budget-golf-carts-plant-city,affordable golf carts plant city,Golf Carts,Golf Carts,GONE,,local/geo intent,0,315,0,0
shop,/shop/best-budget-used-golf-carts,affordable used golf carts,Golf Carts,Golf Carts,GONE,,below cut (long-tail / thin),0,19,0,0
shop,/shop/best-build-my-own-golf-cart-kits,build my own golf cart,Golf Carts,Golf Carts,GONE,,below cut (long-tail / thin),0,0,0,10
shop,/shop/best-cadillac-golf-cart,cadillac golf cart,Golf Carts,Golf Carts,GONE,,below cut (long-tail / thin),0,0,0,0
shop,/shop/best-california-golf-cart,california golf cart,Golf Carts,Golf Carts,GONE,,local/geo intent,0,14,0,0
shop,/shop/best-camaro-golf-cart,camaro golf cart,Golf Carts,Golf Carts,GONE,,below cut (long-tail / thin),0,8,0,1
shop,/shop/best-canopy-golf-cart,canopy golf cart,Golf Carts,Golf Carts,GONE,,below cut (long-tail / thin),0,0,0,0
shop,/shop/best-carryall-golf-cart,carryall golf cart,Golf Carts,Golf Carts,GONE,,below cut (long-tail / thin),0,0,0,0
shop,/shop/best-catalina-island-golf-carts,catalina island golf carts,Golf Carts,Golf Carts,GONE,,local/geo intent,0,7,0,0
shop,/shop/best-cedar-key-golf-cart-rentals,cedar key golf cart rentals,Golf Carts,Golf Carts,GONE,,local/service/event intent,0,0,0,0
shop,/shop/best-charlotte-golf-carts,charlotte golf carts,Golf Carts,Golf Carts,GONE,,local/geo intent,0,19,0,0
shop,/shop/best-cheapest-8-volt-golf-cart-batteries,cheapest 8 volt golf cart batteries,Golf Carts,Golf Carts,GONE,,below cut (long-tail / thin),0,6,0,0
shop,/shop/best-chincoteague-golf-cart-rentals,chincoteague golf cart rentals,Golf Carts,Golf Carts,GONE,,local/service/event intent,0,0,0,0
shop,/shop/best-coleman-golf-cart-heater,coleman golf cart heater,Golf Carts,Golf Carts,GONE,,below cut (long-tail / thin),0,0,0,0
shop,/shop/best-coleman-golf-carts,coleman golf carts,Golf Carts,Golf Carts,GONE,,below cut (long-tail / thin),0,0,0,0
shop,/shop/best-columbia-golf-cart-parts,columbia golf cart parts,Golf Carts,Golf Carts,GONE,,below cut (long-tail / thin),0,0,0,0
shop,/shop/best-coolers-for-golf-carts,coolers for golf carts,Golf Equipment,Golf Carts,GONE,,below cut (long-tail / thin),0,0,0,0
shop,/shop/best-covers-for-golf-cart-seats,covers for golf cart seats,Accessories,Golf Carts,GONE,,below cut (long-tail / thin),0,6,0,0
shop,/shop/best-crash-golf-cart-accessories,crash golf cart,Golf Carts,Golf Carts,GONE,,below cut (long-tail / thin),0,0,0,0
shop,/shop/best-cricket-golf-cart,cricket golf cart,Golf Carts,Golf Carts,GONE,,below cut (long-tail / thin),0,0,0,0
shop,/shop/best-cushman-golf-cart,cushman golf cart,Golf Carts,Golf Carts,GONE,,duplicate keyword (plural/variant) (target not kept),0,25,0,0
shop,/shop/best-customize-golf-cart-guide,customize golf cart,Golf Carts,Golf Carts,GONE,,below cut (long-tail / thin),0,0,0,0
shop,/shop/best-d5-ranger-golf-cart,d5 ranger golf cart,Golf Carts,Golf Carts,GONE,,below cut (long-tail / thin),0,0,0,0
shop,/shop/best-daily-golf-cart-rental,daily golf cart rental,Golf Carts,Golf Carts,GONE,,local/service/event intent,0,0,0,0
shop,/shop/best-dakota-lithium-golf-cart-batteries,dakota lithium golf cart batteries,Golf Carts,Golf Carts,GONE,,local/geo intent,0,13,0,0
shop,/shop/best-dauphin-island-golf-cart-rental,dauphin island golf cart rental,Golf Carts,Golf Carts,GONE,,local/service/event intent,0,696,0,0
shop,/shop/best-daytona-golf-carts,daytona golf carts,Golf Carts,Golf Carts,GONE,,below cut (long-tail / thin),0,0,0,0
shop,/shop/best-decal-for-golf-cart-buying-guide,decal for golf cart,Golf Equipment,Golf Carts,GONE,,below cut (long-tail / thin),0,0,0,0
shop,/shop/best-deep-cycle-golf-cart-battery,deep cycle golf cart battery,Golf Carts,Golf Carts,GONE,,below cut (long-tail / thin),0,0,0,0
shop,/shop/best-deep-south-golf-carts,deep south golf carts,Golf Carts,Golf Carts,GONE,,below cut (long-tail / thin),0,0,0,0
shop,/shop/best-dever-golf-carts,dever golf carts,Golf Carts,Golf Carts,GONE,,below cut (long-tail / thin),0,0,0,0
shop,/shop/best-diamond-golf-carts,diamond golf carts,Golf Carts,Golf Carts,GONE,,below cut (long-tail / thin),0,37,0,0
shop,/shop/best-distilled-water-for-golf-cart-batteries,distilled water for golf cart batteries,Golf Equipment,Golf Carts,GONE,,below cut (long-tail / thin),0,6,0,0
shop,/shop/best-dr-golf-carts,dr golf carts,Golf Carts,Golf Carts,GONE,,below cut (long-tail / thin),0,0,0,3
shop,/shop/best-easy-go-golf-carts,easy go golf carts,Golf Carts,Golf Carts,GONE,,below cut (long-tail / thin),0,0,0,0
shop,/shop/best-electric-golf-buggy-motor,electric golf buggy motor,Golf Carts,Golf Carts,GONE,,below cut (long-tail / thin),0,8,0,0
shop,/shop/best-electric-off-road-golf-cart,electric off road golf cart,Golf Carts,Golf Carts,GONE,,below cut (long-tail / thin),0,0,0,0
shop,/shop/best-epic-e40fx-golf-cart,epic e40fx golf cart,Golf Carts,Golf Carts,GONE,,below cut (long-tail / thin),0,416,0,0
shop,/shop/best-epic-golf-cart,epic golf cart,Golf Carts,Golf Carts,GONE,,below cut (long-tail / thin),0,0,0,0
shop,/shop/best-fan-for-golf-cart,fan for golf cart,Golf Equipment,Golf Carts,GONE,,below cut (long-tail / thin),0,0,0,0
shop,/shop/best-farm-golf-cart,farm golf cart,Golf Carts,Golf Carts,GONE,,below cut (long-tail / thin),0,7,0,0
shop,/shop/best-finance-golf-cart,finance golf cart,Golf Carts,Golf Carts,GONE,,below cut (long-tail / thin),0,5,0,0
shop,/shop/best-five-star-golf-carts,five star golf carts,Golf Carts,Golf Carts,GONE,,below cut (long-tail / thin),0,0,0,0
shop,/shop/best-flags-for-golf-carts,flags for golf carts,Golf Equipment,Golf Carts,GONE,,below cut (long-tail / thin),0,0,0,2
shop,/shop/best-fold-up-golf-cart,fold up golf cart,Golf Carts,Golf Carts,GONE,,below cut (long-tail / thin),0,0,0,0
shop,/shop/best-follow-golf-cart,follow golf cart,Golf Carts,Golf Carts,GONE,,below cut (long-tail / thin),0,0,0,0
shop,/shop/best-four-passenger-golf-cart-dealership,four passenger golf cart dealership,Golf Carts,Golf Carts,GONE,,local/service/event intent,0,0,0,0
shop,/shop/best-four-wheeler-golf-cart,four wheeler golf cart,Golf Carts,Golf Carts,GONE,,below cut (long-tail / thin),0,0,0,0
shop,/shop/best-free-golf-cart,free golf cart,Golf Carts,Golf Carts,GONE,,below cut (long-tail / thin),0,7,0,0
shop,/shop/best-gadsden-golf-carts,gadsden golf carts,Golf Carts,Golf Carts,GONE,,below cut (long-tail / thin),0,0,0,0
shop,/shop/best-garia-golf-buggy,garia golf buggy,Golf Carts,Golf Carts,GONE,,below cut (long-tail / thin),0,0,0,0
shop,/shop/best-gas-ezgo-golf-cart-wiring-diagram,gas ezgo golf cart wiring diagram,Golf Carts,Golf Carts,GONE,,below cut (long-tail / thin),0,0,0,0
shop,/shop/best-gas-golf-cart-solenoid,gas golf cart solenoid,Golf Carts,Golf Carts,GONE,,below cut (long-tail / thin),0,64,0,0
shop,/shop/best-gold-golf-cart,gold golf cart,Golf Carts,Golf Carts,GONE,,below cut (long-tail / thin),0,0,0,0
shop,/shop/best-golf-bag-holder-for-golf-cart,golf bag holder for golf cart,Golf Bags,Golf Carts,GONE,,below cut (long-tail / thin),0,0,0,0
shop,/shop/best-golf-buggy-controller,golf buggy controller,Golf Carts,Golf Carts,GONE,,below cut (long-tail / thin),0,6,0,1
shop,/shop/best-golf-buggy-rain-cover,golf buggy rain cover,Golf Carts,Golf Carts,GONE,,below cut (long-tail / thin),0,24,0,0
shop,/shop/best-golf-buggy-seat-covers,golf buggy seat covers,Golf Carts,Golf Carts,GONE,,below cut (long-tail / thin),0,39,0,0
shop,/shop/best-golf-cart-57-chevy,golf cart 57 chevy,Golf Carts,Golf Carts,GONE,,below cut (long-tail / thin),0,0,0,2
shop,/shop/best-golf-cart-ac,golf cart ac,Golf Carts,Golf Carts,GONE,,below cut (long-tail / thin),0,10,0,0
shop,/shop/best-golf-cart-air-conditioning-unit,golf cart air conditioning unit,Golf Carts,Golf Carts,GONE,,below cut (long-tail / thin),0,0,0,0
shop,/shop/best-golf-cart-alignment,golf cart alignment,Golf Carts,Golf Carts,GONE,,below cut (long-tail / thin),0,0,0,0
shop,/shop/best-golf-cart-audio-system,golf cart audio system,Golf Carts,Golf Carts,GONE,,below cut (long-tail / thin),0,0,0,0
shop,/shop/best-golf-cart-axle-kit,golf cart axle kit,Golf Carts,Golf Carts,GONE,,below cut (long-tail / thin),0,227,0,0
shop,/shop/best-golf-cart-back-seat-kit,golf cart back seat kit,Golf Carts,Golf Carts,GONE,,below cut (long-tail / thin),0,0,0,0
shop,/shop/best-golf-cart-bags,best golf cart bags,Golf Carts,Golf Carts,GONE,,below cut (long-tail / thin),0,0,0,0
shop,/shop/best-golf-cart-bags-ladies,golf cart bags ladies,Golf Carts,Golf Carts,GONE,,below cut (long-tail / thin),0,0,0,0
shop,/shop/best-golf-cart-basket,golf cart basket,Golf Carts,Golf Carts,GONE,,below cut (long-tail / thin),0,15,0,0
shop,/shop/best-golf-cart-battery-meter-48-volt,golf cart battery meter 48 volt,Golf Carts,Golf Carts,GONE,,below cut (long-tail / thin),0,15,0,0
shop,/shop/best-golf-cart-beverage-solutions,golf cart beverage,Golf Carts,Golf Carts,GONE,,below cut (long-tail / thin),0,0,0,1
shop,/shop/best-golf-cart-black-friday-deals,golf cart black friday deals,Golf Carts,Golf Carts,GONE,,below cut (long-tail / thin),0,0,0,0
shop,/shop/best-golf-cart-bluetooth-stereo,golf cart bluetooth stereo,Golf Carts,Golf Carts,GONE,,below cut (long-tail / thin),0,0,0,0
shop,/shop/best-golf-cart-brake-light-switch,golf cart brake light switch,Golf Carts,Golf Carts,GONE,,below cut (long-tail / thin),0,0,0,0
shop,/shop/best-golf-cart-brand,best golf cart brand,Golf Carts,Golf Carts,GONE,,below cut (long-tail / thin),0,0,0,0
shop,/shop/best-golf-cart-brush-guard,golf cart brush guard,Golf Carts,Golf Carts,GONE,,below cut (long-tail / thin),0,18,0,0
shop,/shop/best-golf-cart-build-guide,golf cart build,Golf Carts,Golf Carts,GONE,,below cut (long-tail / thin),0,0,0,0
shop,/shop/best-golf-cart-cables,golf cart cables,Golf Carts,Golf Carts,GONE,,below cut (long-tail / thin),0,0,0,0
shop,/shop/best-golf-cart-cabs,golf cart cabs,Golf Carts,Golf Carts,GONE,,below cut (long-tail / thin),0,0,0,0
shop,/shop/best-golf-cart-carburetor,golf cart carburetor,Golf Carts,Golf Carts,GONE,,below cut (long-tail / thin),0,36,0,0
shop,/shop/best-golf-cart-cargo-box,golf cart cargo box,Golf Carts,Golf Carts,GONE,,below cut (long-tail / thin),0,0,0,0
shop,/shop/best-golf-cart-chargers-48-volt,golf cart chargers 48 volt,Golf Carts,Golf Carts,GONE,,below cut (long-tail / thin),0,0,0,0
shop,/shop/best-golf-cart-charging-port,golf cart charging port,Golf Carts,Golf Carts,GONE,,below cut (long-tail / thin),0,0,0,0
shop,/shop/best-golf-cart-charleston-sc,golf cart charleston sc,Golf Carts,Golf Carts,GONE,,local/geo intent,0,0,0,0
shop,/shop/best-golf-cart-christmas-lights,golf cart christmas lights,Golf Carts,Golf Carts,GONE,,novelty/off-topic,0,33,0,0
shop,/shop/best-golf-cart-cleaner,golf cart cleaner,Golf Carts,Golf Carts,GONE,,below cut (long-tail / thin),0,0,0,0
shop,/shop/best-golf-cart-clock-buying-guide,golf cart clock,Golf Carts,Golf Carts,GONE,,below cut (long-tail / thin),0,10,0,0
shop,/shop/best-golf-cart-clutch,golf cart clutch,Golf Carts,Golf Carts,GONE,,below cut (long-tail / thin),0,135,0,0
shop,/shop/best-golf-cart-cooler-with-mounting-bracket,golf cart cooler with mounting bracket,Golf Carts,Golf Carts,GONE,,below cut (long-tail / thin),0,24,0,0
shop,/shop/best-golf-cart-cooling,golf cart cooling,Golf Carts,Golf Carts,GONE,,below cut (long-tail / thin),0,0,0,0
shop,/shop/best-golf-cart-cup-holders,golf cart cup holders,Golf Carts,Golf Carts,GONE,,below cut (long-tail / thin),0,0,0,0
shop,/shop/best-golf-cart-custom-body,golf cart custom body,Golf Carts,Golf Carts,GONE,,below cut (long-tail / thin),0,0,0,0
shop,/shop/best-golf-cart-custom-seats,golf cart custom seats,Golf Carts,Golf Carts,GONE,,below cut (long-tail / thin),0,0,0,0
shop,/shop/best-golf-cart-dash,golf cart dash,Golf Carts,Golf Carts,GONE,,below cut (long-tail / thin),0,0,0,0
shop,/shop/best-golf-cart-decorating-kits,golf cart decorating kits,Golf Carts,Golf Carts,GONE,,below cut (long-tail / thin),0,0,0,0
shop,/shop/best-golf-cart-drive-belt-replacement,golf cart drive belt replacement,Golf Carts,Golf Carts,GONE,,below cut (long-tail / thin),0,0,0,0
shop,/shop/best-golf-cart-electric-motor-upgrade,golf cart electric motor upgrade,Golf Carts,Golf Carts,GONE,,below cut (long-tail / thin),0,0,0,0
shop,/shop/best-golf-cart-enclosure,golf cart enclosure,Golf Carts,Golf Carts,GONE,,below cut (long-tail / thin),0,0,0,0
shop,/shop/best-golf-cart-fender-flares,golf cart fender flares,Golf Carts,Golf Carts,GONE,,below cut (long-tail / thin),0,0,0,0
shop,/shop/best-golf-cart-fire,golf cart fire,Golf Carts,Golf Carts,GONE,,below cut (long-tail / thin),0,0,0,0
shop,/shop/best-golf-cart-fishing-rod-holder,golf cart fishing rod holder,Golf Carts,Golf Carts,GONE,,below cut (long-tail / thin),0,0,0,0
shop,/shop/best-golf-cart-flag-holders,golf cart flag holders,Golf Carts,Golf Carts,GONE,,below cut (long-tail / thin),0,0,0,0
shop,/shop/best-golf-cart-food-truck,golf cart food truck,Golf Carts,Golf Carts,GONE,,below cut (long-tail / thin),0,0,0,0
shop,/shop/best-golf-cart-for-neighborhood,golf cart for neighborhood,Golf Carts,Golf Carts,GONE,,below cut (long-tail / thin),0,5,0,0
shop,/shop/best-golf-cart-forums,golf cart forums,Golf Carts,Golf Carts,GONE,,local/service/event intent,0,0,0,0
shop,/shop/best-golf-cart-garage-ideas,golf cart garage ideas,Golf Carts,Golf Carts,GONE,,below cut (long-tail / thin),0,0,0,0
shop,/shop/best-golf-cart-gps-tracking,golf cart gps tracking,Golf Carts,Golf Carts,GONE,,below cut (long-tail / thin),0,84,0,0
shop,/shop/best-golf-cart-gun-holder,golf cart gun holder,Golf Carts,Golf Carts,GONE,,novelty/off-topic,0,6,0,0
shop,/shop/best-golf-cart-heaters,best golf cart heaters,Golf Carts,Golf Carts,GONE,,below cut (long-tail / thin),0,0,0,0
shop,/shop/best-golf-cart-hitch,golf cart hitch,Golf Carts,Golf Carts,GONE,,below cut (long-tail / thin),0,0,0,0
shop,/shop/best-golf-cart-horn,golf cart horn,Golf Carts,Golf Carts,GONE,,below cut (long-tail / thin),0,19,0,0
shop,/shop/best-golf-cart-hub-caps-10-inch,golf cart hub caps 10 inch,Golf Carts,Golf Carts,GONE,,below cut (long-tail / thin),0,0,0,0
shop,/shop/best-golf-cart-hubcaps,golf cart hubcaps,Golf Carts,Golf Carts,GONE,,below cut (long-tail / thin),0,0,0,0
shop,/shop/best-golf-cart-ice-chests,golf cart ice chests,Golf Carts,Golf Carts,GONE,,below cut (long-tail / thin),0,0,0,0
shop,/shop/best-golf-cart-ignition-switch,golf cart ignition switch,Golf Carts,Golf Carts,GONE,,below cut (long-tail / thin),0,0,0,0
shop,/shop/best-golf-cart-in-snow,golf cart in snow,Golf Carts,Golf Carts,GONE,,below cut (long-tail / thin),0,0,0,0
shop,/shop/best-golf-cart-injury-lawyer,golf cart injury lawyer,Golf Carts,Golf Carts,GONE,,novelty/off-topic,0,28,0,0
shop,/shop/best-golf-cart-insurance-claim-guide,golf cart insurance claim,Golf Carts,Golf Carts,GONE,,local/service/event intent,0,0,0,0
shop,/shop/best-golf-cart-jacks,golf cart jacks,Golf Carts,Golf Carts,GONE,,below cut (long-tail / thin),0,0,0,0
shop,/shop/best-golf-cart-junkyard,golf cart junkyard,Golf Carts,Golf Carts,GONE,,local/service/event intent,0,0,0,0
shop,/shop/best-golf-cart-key,golf cart key,Golf Carts,Golf Carts,GONE,,below cut (long-tail / thin),0,0,0,0
shop,/shop/best-golf-cart-king-coupon-code,golf cart king coupon code,Golf Carts,Golf Carts,GONE,,local/service/event intent,0,0,0,0
shop,/shop/best-golf-cart-leaf-spring,golf cart leaf spring,Golf Carts,Golf Carts,GONE,,below cut (long-tail / thin),0,0,0,0
shop,/shop/best-golf-cart-licence-plates,golf cart licence plates,Golf Carts,Golf Carts,GONE,,local/service/event intent,0,35,0,0
shop,/shop/best-golf-cart-license-plate-texas,golf cart license plate texas,Golf Carts,Golf Carts,GONE,,local/service/event intent,0,13,0,0
shop,/shop/best-golf-cart-lift-guide,golf cart lift,Golf Carts,Golf Carts,GONE,,below cut (long-tail / thin),0,0,0,0
shop,/shop/best-golf-cart-lift-kits,golf cart lift kits,Golf Carts,Golf Carts,GONE,,below cut (long-tail / thin),0,125,0,0
shop,/shop/best-golf-cart-light-kits,golf cart light kits,Golf Carts,Golf Carts,GONE,,below cut (long-tail / thin),0,0,0,0
shop,/shop/best-golf-cart-lights,golf cart lights,Golf Carts,Golf Carts,GONE,,below cut (long-tail / thin),0,28,0,0
shop,/shop/best-golf-cart-loans,golf cart loans,Golf Carts,Golf Carts,GONE,,below cut (long-tail / thin),0,0,0,0
shop,/shop/best-golf-cart-maintenance-checklist,golf cart maintenance checklist,Golf Carts,Golf Carts,GONE,,below cut (long-tail / thin),0,0,0,0
shop,/shop/best-golf-cart-measurements,golf cart measurements,Golf Carts,Golf Carts,GONE,,below cut (long-tail / thin),0,0,0,0
shop,/shop/best-golf-cart-mileage,golf cart mileage,Golf Carts,Golf Carts,GONE,,below cut (long-tail / thin),0,0,0,0
shop,/shop/best-golf-cart-misting-fan,golf cart misting fan,Golf Carts,Golf Carts,GONE,,below cut (long-tail / thin),0,0,0,0
shop,/shop/best-golf-cart-motor,golf cart motor,Golf Carts,Golf Carts,GONE,,below cut (long-tail / thin),0,17,0,0
shop,/shop/best-golf-cart-motor-controller,golf cart motor controller,Golf Carts,Golf Carts,GONE,,below cut (long-tail / thin),0,6,0,0
shop,/shop/best-golf-cart-names,golf cart names,Golf Carts,Golf Carts,GONE,,novelty/off-topic,0,0,0,0
shop,/shop/best-golf-cart-nashville,golf cart nashville,Golf Carts,Golf Carts,GONE,,local/geo intent,0,0,0,0
shop,/shop/best-golf-cart-off-road-tires,golf cart off road tires,Golf Carts,Golf Carts,GONE,,below cut (long-tail / thin),0,0,0,0
shop,/shop/best-golf-cart-owners-manual,golf cart owners manual,Golf Carts,Golf Carts,GONE,,below cut (long-tail / thin),0,0,0,0
shop,/shop/best-golf-cart-paint,golf cart paint,Golf Carts,Golf Carts,GONE,,below cut (long-tail / thin),0,6,0,0
shop,/shop/best-golf-cart-payment-plans,golf cart payment plans,Golf Carts,Golf Carts,GONE,,below cut (long-tail / thin),0,11,0,0
shop,/shop/best-golf-cart-plow,golf cart plow,Golf Carts,Golf Carts,GONE,,below cut (long-tail / thin),0,52,0,0
shop,/shop/best-golf-cart-propane-heater,golf cart propane heater,Golf Carts,Golf Carts,GONE,,below cut (long-tail / thin),0,14,0,0
shop,/shop/best-golf-cart-pull-behind-trailer,golf cart pull behind trailer,Golf Carts,Golf Carts,GONE,,below cut (long-tail / thin),0,7,0,0
shop,/shop/best-golf-cart-raleigh-nc,golf cart raleigh nc,Golf Carts,Golf Carts,GONE,,local/geo intent,0,0,0,0
shop,/shop/best-golf-cart-rear-seat,golf cart rear seat,Golf Carts,Golf Carts,GONE,,below cut (long-tail / thin),0,63,0,0
shop,/shop/best-golf-cart-rear-view-mirror,golf cart rear view mirror,Golf Carts,Golf Carts,GONE,,below cut (long-tail / thin),0,6,0,0
shop,/shop/best-golf-cart-receiver-hitch,golf cart receiver hitch,Golf Carts,Golf Carts,GONE,,below cut (long-tail / thin),0,11,0,0
shop,/shop/best-golf-cart-rental-columbus-ohio,golf cart rental columbus ohio,Golf Carts,Golf Carts,GONE,,local/service/event intent,0,12,0,0
shop,/shop/best-golf-cart-rental-companies,golf cart rental companies,Golf Carts,Golf Carts,GONE,,local/service/event intent,0,0,0,0
shop,/shop/best-golf-cart-rental-nassau-bahamas,golf cart rental nassau bahamas,Golf Carts,Golf Carts,GONE,,local/service/event intent,0,0,0,0
shop,/shop/best-golf-cart-rental-san-antonio,golf cart rental san antonio,Golf Carts,Golf Carts,GONE,,local/service/event intent,0,0,0,0
shop,/shop/best-golf-cart-rental-sea-isle-city,golf cart rental sea isle city,Golf Carts,Golf Carts,GONE,,local/service/event intent,0,0,0,0
shop,/shop/best-golf-cart-rental-st-george-island,golf cart rental st george island,Golf Carts,Golf Carts,GONE,,local/service/event intent,0,0,0,0
shop,/shop/best-golf-cart-rental-wildwood-nj,golf cart rental wildwood nj,Golf Carts,Golf Carts,GONE,,local/service/event intent,0,64,0,0
shop,/shop/best-golf-cart-rentals-gulf-shores,golf cart rentals gulf shores,Golf Carts,Golf Carts,GONE,,local/service/event intent,0,0,0,0
shop,/shop/best-golf-cart-rentals-ocracoke-nc,golf cart rentals ocracoke nc,Golf Carts,Golf Carts,GONE,,local/service/event intent,0,0,0,0
shop,/shop/best-golf-cart-rentals-panama-city-beach-fl,golf cart rentals in panama city beach fl,Golf Carts,Golf Carts,GONE,,local/service/event intent,0,0,0,0
shop,/shop/best-golf-cart-reverse-switch,golf cart reverse switch,Golf Carts,Golf Carts,GONE,,below cut (long-tail / thin),0,49,0,0
shop,/shop/best-golf-cart-rims-14,golf cart rims 14,Golf Carts,Golf Carts,GONE,,below cut (long-tail / thin),0,0,0,0
shop,/shop/best-golf-cart-roof-extension,golf cart roof extension,Golf Carts,Golf Carts,GONE,,below cut (long-tail / thin),0,5,0,0
shop,/shop/best-golf-cart-roof-frame,golf cart roof frame,Golf Carts,Golf Carts,GONE,,below cut (long-tail / thin),0,0,0,3
shop,/shop/best-golf-cart-running-boards,golf cart running boards,Golf Carts,Golf Carts,GONE,,below cut (long-tail / thin),0,0,0,3
shop,/shop/best-golf-cart-scooter,golf cart scooter,Golf Carts,Golf Carts,GONE,,below cut (long-tail / thin),0,6,0,0
shop,/shop/best-golf-cart-seat-belts,golf cart seat belts,Golf Carts,Golf Carts,GONE,,below cut (long-tail / thin),0,5,0,0
shop,/shop/best-golf-cart-seats-reupholstered-guide,golf cart seats reupholstered,Golf Carts,Golf Carts,GONE,,below cut (long-tail / thin),0,0,0,0
shop,/shop/best-golf-cart-shelf,golf cart shelf,Golf Carts,Golf Carts,GONE,,below cut (long-tail / thin),0,19,0,0
shop,/shop/best-golf-cart-shelter,golf cart shelter,Golf Carts,Golf Carts,GONE,,below cut (long-tail / thin),0,11,0,0
shop,/shop/best-golf-cart-shipping,golf cart shipping,Golf Carts,Golf Carts,GONE,,below cut (long-tail / thin),0,0,0,0
shop,/shop/best-golf-cart-shocks,golf cart shocks,Golf Carts,Golf Carts,GONE,,below cut (long-tail / thin),0,34,0,0
shop,/shop/best-golf-cart-sign-templates,golf cart sign template,Golf Carts,Golf Carts,GONE,,below cut (long-tail / thin),0,34,0,0
shop,/shop/best-golf-cart-solar-panels,golf cart solar panels,Golf Carts,Golf Carts,GONE,,below cut (long-tail / thin),0,12,0,0
shop,/shop/best-golf-cart-solenoid,golf cart solenoid,Golf Carts,Golf Carts,GONE,,below cut (long-tail / thin),0,0,0,0
shop,/shop/best-golf-cart-sound-bars,golf cart sound bars,Golf Carts,Golf Carts,GONE,,below cut (long-tail / thin),0,0,0,0
shop,/shop/best-golf-cart-speedometer,golf cart speedometer,Golf Carts,Golf Carts,GONE,,below cut (long-tail / thin),0,25,0,0
shop,/shop/best-golf-cart-spindle,golf cart spindle,Golf Carts,Golf Carts,GONE,,below cut (long-tail / thin),0,0,0,0
shop,/shop/best-golf-cart-steering-stabilizer,golf cart steering stabilizer,Golf Carts,Golf Carts,GONE,,below cut (long-tail / thin),0,6,0,0
shop,/shop/best-golf-cart-steps,golf cart steps,Golf Carts,Golf Carts,GONE,,below cut (long-tail / thin),0,0,0,0
shop,/shop/best-golf-cart-stereo-systems,golf cart stereo systems,Golf Carts,Golf Carts,GONE,,below cut (long-tail / thin),0,16,0,0
shop,/shop/best-golf-cart-stickers-decals,golf cart stickers decals,Golf Carts,Golf Carts,GONE,,below cut (long-tail / thin),0,20,0,0
shop,/shop/best-golf-cart-storage-covers,golf cart storage covers,Golf Carts,Golf Carts,GONE,,below cut (long-tail / thin),0,33,0,0
shop,/shop/best-golf-cart-subwoofer,golf cart subwoofer,Golf Carts,Golf Carts,GONE,,below cut (long-tail / thin),0,15,0,1
shop,/shop/best-golf-cart-sun-shade,golf cart sun shade,Golf Carts,Golf Carts,GONE,,below cut (long-tail / thin),0,12,0,0
shop,/shop/best-golf-cart-surf,golf cart surf,Golf Carts,Golf Carts,GONE,,below cut (long-tail / thin),0,8,0,0
shop,/shop/best-golf-cart-suspension-upgrade,golf cart suspension upgrade,Golf Carts,Golf Carts,GONE,,below cut (long-tail / thin),0,0,0,0
shop,/shop/best-golf-cart-technician,golf cart technician,Golf Carts,Golf Carts,GONE,,below cut (long-tail / thin),0,0,0,0
shop,/shop/best-golf-cart-tire-pressure-gauge,golf cart tire pressure gauge,Golf Carts,Golf Carts,GONE,,below cut (long-tail / thin),0,0,0,0
shop,/shop/best-golf-cart-tires-18x8-5x8,golf cart tires 18x8 5x8,Golf Carts,Golf Carts,GONE,,below cut (long-tail / thin),0,0,0,0
shop,/shop/best-golf-cart-tires-8,golf cart tires 8,Golf Carts,Golf Carts,GONE,,below cut (long-tail / thin),0,0,0,0
shop,/shop/best-golf-cart-tires-and-rims-combo,golf cart tires and rims combo,Golf Carts,Golf Carts,GONE,,below cut (long-tail / thin),0,7,0,0
shop,/shop/best-golf-cart-tops,golf cart tops,Golf Carts,Golf Carts,GONE,,below cut (long-tail / thin),0,94,0,0
shop,/shop/best-golf-cart-tour,golf cart tour,Golf Carts,Golf Carts,GONE,,below cut (long-tail / thin),0,0,0,0
shop,/shop/best-golf-cart-towel-seat-covers,golf cart towel seat covers,Golf Carts,Golf Carts,GONE,,below cut (long-tail / thin),0,32,0,0
shop,/shop/best-golf-cart-trailer-seats,golf cart trailer seats,Golf Carts,Golf Carts,GONE,,below cut (long-tail / thin),0,0,0,0
shop,/shop/best-golf-cart-trailers,golf cart trailers,Golf Carts,Golf Carts,GONE,,below cut (long-tail / thin),0,27,0,0
shop,/shop/best-golf-cart-transmission,golf cart transmission,Golf Carts,Golf Carts,GONE,,below cut (long-tail / thin),0,0,0,0
shop,/shop/best-golf-cart-truck-ramps,golf cart truck ramps,Golf Carts,Golf Carts,GONE,,below cut (long-tail / thin),0,0,0,0
shop,/shop/best-golf-cart-tune-up-kits,golf cart tune-up,Golf Carts,Golf Carts,GONE,,below cut (long-tail / thin),0,19,0,0
shop,/shop/best-golf-cart-turn-signal-kit,golf cart turn signal kit,Golf Carts,Golf Carts,GONE,,below cut (long-tail / thin),0,89,0,0
shop,/shop/best-golf-cart-utility,golf cart utility,Golf Carts,Golf Carts,GONE,,below cut (long-tail / thin),0,15,0,0
shop,/shop/best-golf-cart-vinyl-wraps,golf cart vinyl wraps,Golf Carts,Golf Carts,GONE,,below cut (long-tail / thin),0,62,0,0
shop,/shop/best-golf-cart-voltage-reducer,golf cart voltage reducer,Golf Carts,Golf Carts,GONE,,below cut (long-tail / thin),0,55,0,0
shop,/shop/best-golf-cart-wheel-and-tire-package,golf cart wheel and tire package,Golf Carts,Golf Carts,GONE,,local/service/event intent,0,42,0,0
shop,/shop/best-golf-cart-wheel-covers,golf cart wheel covers,Golf Carts,Golf Carts,GONE,,below cut (long-tail / thin),0,0,0,0
shop,/shop/best-golf-cart-wheel-hub-caps,golf cart wheel hub caps,Golf Carts,Golf Carts,GONE,,below cut (long-tail / thin),0,0,0,0
shop,/shop/best-golf-cart-wheel-lock,golf cart wheel lock,Golf Carts,Golf Carts,GONE,,below cut (long-tail / thin),0,0,0,0
shop,/shop/best-golf-cart-wheel-spacers,golf cart wheel spacers,Golf Carts,Golf Carts,GONE,,below cut (long-tail / thin),0,13,0,0
shop,/shop/best-golf-cart-wheels-tires,golf cart wheels tires,Golf Carts,Golf Carts,GONE,,below cut (long-tail / thin),0,0,0,0
shop,/shop/best-golf-cart-whells,golf cart whells,Golf Carts,Golf Carts,GONE,,below cut (long-tail / thin),0,0,0,0
shop,/shop/best-golf-cart-with-ac,golf cart with a/c,Golf Carts,Golf Carts,GONE,,below cut (long-tail / thin),0,0,0,0
shop,/shop/best-golf-cart-with-screen,golf cart with screen,Golf Carts,Golf Carts,GONE,,below cut (long-tail / thin),0,26,0,0
shop,/shop/best-golf-cart-wrap-cost,golf cart wrap cost,Golf Carts,Golf Carts,GONE,,below cut (long-tail / thin),0,0,0,0
shop,/shop/best-golf-cart-wrap-ideas,golf cart wrap ideas,Golf Carts,Golf Carts,GONE,,below cut (long-tail / thin),0,0,0,0
shop,/shop/best-golf-carts-2024,top golf carts 2024,Golf Carts,Golf Carts,GONE,,novelty/off-topic,0,9,0,0
shop,/shop/best-golf-carts-amarillo,golf carts amarillo,Golf Carts,Golf Carts,GONE,,below cut (long-tail / thin),0,19,0,0
shop,/shop/best-golf-carts-baton-rouge,golf carts baton rouge,Golf Carts,Golf Carts,GONE,,local/geo intent,0,9,0,0
shop,/shop/best-golf-carts-for-disabled-golfers,golf carts for disabled golfers,Golf Carts,Golf Carts,GONE,,below cut (long-tail / thin),0,21,0,0
shop,/shop/best-golf-carts-for-rent-guide,golf carts for rent,Golf Carts,Golf Carts,GONE,,local/service/event intent,0,12,0,0
shop,/shop/best-golf-carts-for-the-money,best golf carts for the money,Golf Carts,Golf Carts,GONE,,below cut (long-tail / thin),0,0,0,2
shop,/shop/best-golf-carts-fort-smith,golf carts fort smith,Golf Carts,Golf Carts,GONE,,below cut (long-tail / thin),0,0,0,0
shop,/shop/best-golf-carts-houston-tx,golf carts houston tx,Golf Carts,Golf Carts,GONE,,local/geo intent,0,54,0,0
shop,/shop/best-golf-carts-kansas-city,golf carts kansas city,Golf Carts,Golf Carts,GONE,,team/celebrity/licensed,0,45,0,0
shop,/shop/best-golf-carts-knoxville-tn,golf carts knoxville tn,Golf Carts,Golf Carts,GONE,,local/geo intent,0,0,0,0
shop,/shop/best-golf-carts-louisville,golf carts louisville,Golf Carts,Golf Carts,GONE,,local/geo intent,0,0,0,0
shop,/shop/best-golf-carts-lubbock,golf carts lubbock,Golf Carts,Golf Carts,GONE,,local/geo intent,0,0,0,0
shop,/shop/best-golf-carts-of-riverside,golf carts of riverside,Golf Carts,Golf Carts,GONE,,below cut (long-tail / thin),0,0,0,0
shop,/shop/best-golf-carts-of-st-augustine,golf carts of st augustine,Golf Carts,Golf Carts,GONE,,local/geo intent,0,25,0,0
shop,/shop/best-golf-carts-port-st-lucie,golf carts port st lucie,Golf Carts,Golf Carts,GONE,,below cut (long-tail / thin),0,0,0,0
shop,/shop/best-golf-carts-spartanburg-sc,golf carts spartanburg sc,Golf Carts,Golf Carts,GONE,,local/geo intent,0,0,0,0
shop,/shop/best-golf-carts-springfield-ohio,golf carts springfield ohio,Golf Carts,Golf Carts,GONE,,local/geo intent,0,0,0,0
shop,/shop/best-golf-carts-st-louis,golf carts st louis,Golf Carts,Golf Carts,GONE,,local/geo intent,0,0,0,0
shop,/shop/best-gorilla-golf-cart,gorilla golf cart,Golf Carts,Golf Carts,GONE,,below cut (long-tail / thin),0,0,0,0
shop,/shop/best-gps-for-golf-carts,gps for golf carts,Accessories,Golf Carts,GONE,,below cut (long-tail / thin),0,17,0,0
shop,/shop/best-graham-golf-carts-myrtle-beach,graham golf carts in myrtle beach,Golf Carts,Golf Carts,GONE,,local/geo intent,0,144,0,0
shop,/shop/best-graphics-for-golf-carts,graphics for golf carts,Golf Equipment,Golf Carts,GONE,,below cut (long-tail / thin),0,0,0,0
shop,/shop/best-green-golf-carts,green golf carts,Golf Carts,Golf Carts,GONE,,below cut (long-tail / thin),0,7,0,0
shop,/shop/best-greyson-golf-cart,greyson golf cart,Golf Carts,Golf Carts,GONE,,below cut (long-tail / thin),0,0,0,0
shop,/shop/best-handicap-flag-for-golf-cart,handicap flag for golf cart,Apparel,Golf Carts,GONE,,below cut (long-tail / thin),0,0,0,0
shop,/shop/best-handicap-golf-cart,handicap golf cart,Golf Carts,Golf Carts,GONE,,below cut (long-tail / thin),0,55,0,0
shop,/shop/best-harbour-island-golf-cart-rental,harbour island golf cart rental,Golf Carts,Golf Carts,GONE,,local/service/event intent,0,42,0,0
shop,/shop/best-hattiesburg-golf-carts-hattiesburg-ms-guide,hattiesburg golf carts hattiesburg ms,Golf Carts,Golf Carts,GONE,,local/geo intent,0,31,0,0
shop,/shop/best-headlights-for-golf-carts-buying-guide,headlights for golf carts,Golf Equipment,Golf Carts,GONE,,below cut (long-tail / thin),0,0,0,0
shop,/shop/best-heated-golf-cart-seat,heated golf cart seat,Golf Carts,Golf Carts,GONE,,below cut (long-tail / thin),0,0,0,0
shop,/shop/best-heavy-duty-golf-cart-cover,heavy duty golf cart cover,Golf Carts,Golf Carts,GONE,,below cut (long-tail / thin),0,0,0,0
shop,/shop/best-high-performance-golf-cart-motors,high performance golf cart motors,Golf Carts,Golf Carts,GONE,,below cut (long-tail / thin),0,9,0,0
shop,/shop/best-hunting-golf-cart,hunting golf cart,Golf Carts,Golf Carts,GONE,,below cut (long-tail / thin),0,0,0,0
shop,/shop/best-icon-ev-golf-cart,icon ev golf cart,Golf Carts,Golf Carts,GONE,,below cut (long-tail / thin),0,0,0,0
shop,/shop/best-icon-g60-golf-cart,icon g60 golf cart,Golf Carts,Golf Carts,GONE,,below cut (long-tail / thin),0,0,0,0
shop,/shop/best-intermountain-golf-carts,intermountain golf carts,Golf Carts,Golf Carts,GONE,,below cut (long-tail / thin),0,0,0,0
shop,/shop/best-irgc80-golf-cart-guide,irgc80 golf cart,Golf Carts,Golf Carts,GONE,,below cut (long-tail / thin),0,10,0,7
shop,/shop/best-isle-of-palms-golf-carts,isle of palms golf carts,Golf Carts,Golf Carts,GONE,,below cut (long-tail / thin),0,0,0,0
shop,/shop/best-jakes-lift-kits-for-golf-carts,jakes lift kits for golf carts,Golf Equipment,Golf Carts,GONE,,below cut (long-tail / thin),0,9,0,0
shop,/shop/best-july-4th-golf-cart-parade,july 4th golf cart parade,Golf Carts,Golf Carts,GONE,,local/service/event intent,0,0,0,0
shop,/shop/best-junior-golf-cart-guide,junior golf cart,Golf Carts,Golf Carts,GONE,,below cut (long-tail / thin),0,0,0,0
shop,/shop/best-kayak-golf-cart-trailer,kayak golf cart trailer,Golf Carts,Golf Carts,GONE,,below cut (long-tail / thin),0,0,0,0
shop,/shop/best-kenda-golf-cart-tires,kenda golf cart tires,Golf Carts,Golf Carts,GONE,,below cut (long-tail / thin),0,0,0,0
shop,/shop/best-kevin-harvick-golf-carts,kevin harvick golf carts,Golf Carts,Golf Carts,GONE,,team/celebrity/licensed,0,115,0,0
shop,/shop/best-ladies-golf-cart,ladies golf cart,Golf Carts,Golf Carts,GONE,,below cut (long-tail / thin),0,0,0,0
shop,/shop/best-large-cup-holder-for-golf-cart,large cup holder for golf cart,Golf Equipment,Golf Carts,GONE,,below cut (long-tail / thin),0,6,0,0
shop,/shop/best-lead-acid-battery-golf-cart,lead acid battery golf cart,Golf Carts,Golf Carts,GONE,,below cut (long-tail / thin),0,0,0,0
shop,/shop/best-lifted-golf-carts,lifted golf carts,Golf Carts,Golf Carts,GONE,,below cut (long-tail / thin),0,203,0,0
shop,/shop/best-light-bar-on-golf-cart,light bar on golf cart,Golf Carts,Golf Carts,GONE,,local/service/event intent,0,0,0,0
shop,/shop/best-lithium-golf-cart-batteries-48v-conversion-kit,lithium golf cart batteries 48v conversion kit,Golf Carts,Golf Carts,GONE,,below cut (long-tail / thin),0,32,0,0
shop,/shop/best-lone-star-golf-carts,lone star golf carts,Golf Carts,Golf Carts,GONE,,below cut (long-tail / thin),0,33,0,0
shop,/shop/best-lux-f4-golf-cart-guide,lux f4 golf cart,Golf Carts,Golf Carts,GONE,,below cut (long-tail / thin),0,0,0,0
shop,/shop/best-madjax-golf-carts,madjax golf carts,Golf Carts,Golf Carts,GONE,,below cut (long-tail / thin),0,13,0,0
shop,/shop/best-magnetic-phone-holder-for-golf-cart,magnetic phone holder for golf cart,Golf Equipment,Golf Carts,GONE,,below cut (long-tail / thin),0,102,0,0
shop,/shop/best-melex-golf-cart-guide,melex golf cart,Golf Carts,Golf Carts,GONE,,below cut (long-tail / thin),0,0,0,0
shop,/shop/best-mikes-golf-carts-douglas-ga,mikes golf carts douglas ga,Golf Carts,Golf Carts,GONE,,local/geo intent,0,19,0,0
shop,/shop/best-mobile-golf-cart-service,mobile golf cart service,Golf Carts,Golf Carts,GONE,,local/service/event intent,0,0,0,0
shop,/shop/best-motorcycle-golf-cart,motorcycle golf cart,Golf Carts,Golf Carts,GONE,,below cut (long-tail / thin),0,58,0,0
shop,/shop/best-nav-golf-cart-guide,nav golf cart,Golf Carts,Golf Carts,GONE,,below cut (long-tail / thin),0,0,0,0
shop,/shop/best-new-braunfels-golf-cart,new braunfels golf cart,Golf Carts,Golf Carts,GONE,,local/geo intent,0,0,0,0
shop,/shop/best-new-cushman-golf-carts,new cushman golf carts,Golf Carts,Golf Carts,GONE,,below cut (long-tail / thin),0,11,0,0
shop,/shop/best-northwest-golf-carts,northwest golf carts,Golf Carts,Golf Carts,GONE,,below cut (long-tail / thin),0,0,0,0
shop,/shop/best-oak-island-golf-cart-rentals,oak island golf cart rentals,Golf Carts,Golf Carts,GONE,,local/service/event intent,0,0,0,0
shop,/shop/best-off-road-golf-cart,off road golf cart,Golf Carts,Golf Carts,GONE,,below cut (long-tail / thin),0,0,0,0
shop,/shop/best-panama-city-golf-carts-llc,panama city golf carts llc,Golf Carts,Golf Carts,GONE,,local/geo intent,0,0,0,0
shop,/shop/best-patriot-golf-carts,patriot golf carts,Golf Carts,Golf Carts,GONE,,below cut (long-tail / thin),0,7,0,0
shop,/shop/best-pedal-golf-buggy,pedal golf buggy,Golf Carts,Golf Carts,GONE,,below cut (long-tail / thin),0,0,0,0
shop,/shop/best-petes-golf-carts,pete's golf carts,Golf Carts,Golf Carts,GONE,,below cut (long-tail / thin),0,0,0,0
shop,/shop/best-phone-holder-for-golf-cart,phone holder for golf cart,Golf Equipment,Golf Carts,GONE,,below cut (long-tail / thin),0,0,0,0
shop,/shop/best-pictures-of-golf-carts,pictures of golf carts,Golf Carts,Golf Carts,GONE,,below cut (long-tail / thin),0,0,0,0
shop,/shop/best-pink-golf-cart,pink golf cart,Golf Carts,Golf Carts,GONE,,below cut (long-tail / thin),0,9,0,0
shop,/shop/best-power-wheel-golf-cart,power wheel golf cart,Golf Carts,Golf Carts,GONE,,below cut (long-tail / thin),0,6,0,0
shop,/shop/best-pre-owned-golf-carts,pre owned golf carts,Golf Carts,Golf Carts,GONE,,below cut (long-tail / thin),0,0,0,0
shop,/shop/best-push-golf-carts-used,push golf carts used,Golf Carts,Golf Carts,GONE,,below cut (long-tail / thin),0,0,0,0
shop,/shop/best-put-in-bay-golf-carts,put in bay golf carts,Golf Carts,Golf Carts,GONE,,below cut (long-tail / thin),0,0,0,0
shop,/shop/best-remote-golf-cart,remote golf cart,Golf Carts,Golf Carts,GONE,,below cut (long-tail / thin),0,0,0,1
shop,/shop/best-revolution-golf-carts,revolution golf carts,Golf Carts,Golf Carts,GONE,,below cut (long-tail / thin),0,0,0,2
shop,/shop/best-roanoke-golf-carts,roanoke golf carts,Golf Carts,Golf Carts,GONE,,below cut (long-tail / thin),0,8,0,0
shop,/shop/best-rome-golf-cart-tour-at-night,rome golf cart tour at night,Golf Carts,Golf Carts,GONE,,local/service/event intent,0,0,0,0
shop,/shop/best-rxv-golf-cart,rxv golf cart,Golf Carts,Golf Carts,GONE,,below cut (long-tail / thin),0,0,0,0
shop,/shop/best-sayulita-golf-cart-rental-guide,sayulita golf cart rental,Golf Carts,Golf Carts,GONE,,local/service/event intent,0,0,0,0
shop,/shop/best-sdlgc100-golf-cart,sdlgc100 golf cart,Golf Carts,Golf Carts,GONE,,below cut (long-tail / thin),0,11,0,0
shop,/shop/best-security-golf-cart,security golf cart,Golf Carts,Golf Carts,GONE,,below cut (long-tail / thin),0,0,0,0
shop,/shop/best-sierra-golf-cart-and-auto,sierra golf cart and auto,Golf Carts,Golf Carts,GONE,,below cut (long-tail / thin),0,0,0,0
shop,/shop/best-single-rider-golf-buggy,single rider golf buggy,Golf Carts,Golf Carts,GONE,,below cut (long-tail / thin),0,6,0,0
shop,/shop/best-skateboard-golf-cart-guide,skateboard golf cart,Golf Carts,Golf Carts,GONE,,below cut (long-tail / thin),0,0,0,0
shop,/shop/best-speed-controller-for-golf-cart,speed controller for golf cart,Golf Equipment,Golf Carts,GONE,,below cut (long-tail / thin),0,0,0,0
shop,/shop/best-ss-golf-cart-rims,ss golf cart rims,Golf Carts,Golf Carts,GONE,,below cut (long-tail / thin),0,0,0,0
shop,/shop/best-star-ev-golf-cart,star ev golf cart,Golf Carts,Golf Carts,GONE,,below cut (long-tail / thin),0,8,0,0
shop,/shop/best-star-ev-golf-cart-dealer,star ev golf cart dealer,Golf Carts,Golf Carts,GONE,,local/service/event intent,0,0,0,0
shop,/shop/best-star-golf-cart,star golf cart,Golf Carts,Golf Carts,GONE,,below cut (long-tail / thin),0,0,0,0
shop,/shop/best-star-sirius-golf-cart,star sirius golf cart,Golf Carts,Golf Carts,GONE,,below cut (long-tail / thin),0,19,0,0
shop,/shop/best-sun-visors-for-golf-carts,sun visors for golf carts,Golf Equipment,Golf Carts,GONE,,below cut (long-tail / thin),0,7,0,0
shop,/shop/best-taylor-dunn-golf-cart,taylor dunn golf cart,Golf Carts,Golf Carts,GONE,,below cut (long-tail / thin),0,7,0,0
shop,/shop/best-the-beast-golf-cart,the beast golf cart,Golf Carts,Golf Carts,GONE,,below cut (long-tail / thin),0,0,0,0
shop,/shop/best-tigon-golf-carts-delaware,tigon golf carts delaware,Golf Carts,Golf Carts,GONE,,local/geo intent,0,0,0,0
shop,/shop/best-tomball-golf-carts,tomball golf carts,Golf Carts,Golf Carts,GONE,,local/geo intent,0,6,0,0
shop,/shop/best-trailer-hitches-for-golf-carts,trailer hitches for golf carts,Golf Equipment,Golf Carts,GONE,,below cut (long-tail / thin),0,0,0,0
shop,/shop/best-turbocharged-golf-cart,turbocharged golf cart,Golf Carts,Golf Carts,GONE,,below cut (long-tail / thin),0,0,0,0
shop,/shop/best-two-wheel-golf-buggy,two wheel golf buggy,Golf Carts,Golf Carts,GONE,,below cut (long-tail / thin),0,0,0,0
shop,/shop/best-unique-golf-carts,unique golf carts,Golf Carts,Golf Carts,GONE,,below cut (long-tail / thin),0,21,0,0
shop,/shop/best-universal-golf-cart-covers,universal golf cart covers,Golf Carts,Golf Carts,GONE,,below cut (long-tail / thin),0,71,0,0
shop,/shop/best-usb-powered-golf-cart-fan,usb powered golf cart fan,Golf Carts,Golf Carts,GONE,,below cut (long-tail / thin),0,0,0,0
shop,/shop/best-used-back-seat-for-yamaha-golf-cart,used back seat for yamaha golf cart,Golf Equipment,Golf Carts,GONE,,below cut (long-tail / thin),0,0,0,0
shop,/shop/best-used-golf-cart-values,used golf cart values,Golf Carts,Golf Carts,GONE,,below cut (long-tail / thin),0,0,0,0
shop,/shop/best-used-golf-cart-wheels-and-tires,used golf cart wheels and tires,Golf Carts,Golf Carts,GONE,,below cut (long-tail / thin),0,0,0,0
shop,/shop/best-used-golf-cart-with-dump-bed,used golf cart with dump bed,Golf Carts,Golf Carts,GONE,,below cut (long-tail / thin),0,0,0,0
shop,/shop/best-used-golf-carts-gas-powered,used golf carts gas powered,Golf Carts,Golf Carts,GONE,,below cut (long-tail / thin),0,0,0,0
shop,/shop/best-venom-ev-golf-carts,venom ev golf carts,Golf Carts,Golf Carts,GONE,,below cut (long-tail / thin),0,192,0,0
shop,/shop/best-venom-golf-cart,venom golf cart,Golf Carts,Golf Carts,GONE,,below cut (long-tail / thin),0,9,0,0
shop,/shop/best-vintage-golf-cart-parts,vintage golf cart parts,Golf Carts,Golf Carts,GONE,,below cut (long-tail / thin),0,0,0,0
shop,/shop/best-w-and-b-golf-carts,w and b golf carts,Golf Carts,Golf Carts,GONE,,below cut (long-tail / thin),0,0,0,0
shop,/shop/best-yamah-golf-carts,yamah golf carts,Golf Carts,Golf Carts,GONE,,below cut (long-tail / thin),0,0,0,0
shop,/shop/broken-down-golf-cart-drink,broken down golf cart drink,Golf Carts,Golf Carts,GONE,,below cut (long-tail / thin),0,0,0,0
shop,/shop/caddyshack-golf-carts-palm-desert,caddyshack golf carts palm desert,Golf Carts,Golf Carts,GONE,,team/celebrity/licensed,0,21,0,0
shop,/shop/calories-burned-golf-cart,calories burned golf cart,Golf Carts,Golf Carts,GONE,,below cut (long-tail / thin),0,0,0,0
shop,/shop/camouflage-golf-cart-guide,camouflage golf cart,Golf Carts,Golf Carts,GONE,,team/celebrity/licensed,0,6,0,0
shop,/shop/campgrounds-that-allow-golf-carts,campgrounds that allow golf carts,Golf Carts,Golf Carts,GONE,,novelty/off-topic,0,19,1,2
shop,/shop/can-a-13-year-old-drive-a-golf-cart-in-a-neighborhood,can a 13-year-old drive a golf cart in a neighborhood,Golf Carts,Golf Carts,GONE,,below cut (long-tail / thin),0,0,0,0
shop,/shop/can-golf-carts-be-driven-on-the-road,can golf carts be driven on the road,Golf Carts,Golf Carts,GONE,,below cut (long-tail / thin),0,0,0,0
shop,/shop/can-you-get-a-dui-on-a-golf-cart,can you get a dui on a golf cart,Golf Carts,Golf Carts,GONE,,below cut (long-tail / thin),0,0,0,0
shop,/shop/champion-golf-carts,champion golf carts,Golf Carts,Golf Carts,GONE,,below cut (long-tail / thin),0,11,0,0
shop,/shop/charge-golf-cart-with-12-volt-charger,charge golf cart with 12 volt charger,Golf Carts,Golf Carts,GONE,,below cut (long-tail / thin),0,0,0,0
shop,/shop/cheapest-golf-cart-rental-catalina-island,cheapest golf cart rental catalina island,Golf Carts,Golf Carts,GONE,,local/service/event intent,0,13,0,0
shop,/shop/clicgear-3-0-push-golf-cart-review,clicgear 3 0 push golf cart,Golf Carts,Golf Carts,GONE,,below cut (long-tail / thin),0,24,0,0
shop,/shop/corpus-christi-golf-carts-guide,corpus christi golf carts,Golf Carts,Golf Carts,GONE,,local/geo intent,0,0,0,0
shop,/shop/crown-golf-carts,crown golf carts,Golf Carts,Golf Carts,GONE,,below cut (long-tail / thin),0,10,0,0
shop,/shop/custom-painted-golf-carts,custom painted golf carts,Golf Carts,Golf Carts,GONE,,below cut (long-tail / thin),0,105,0,0
shop,/shop/daytona-golf-cart-rentals,daytona golf cart rentals,Golf Carts,Golf Carts,GONE,,local/service/event intent,0,0,0,0
shop,/shop/do-golf-carts-have-titles,do golf carts have titles,Golf Carts,Golf Carts,GONE,,below cut (long-tail / thin),0,0,0,0
shop,/shop/do-you-need-a-licence-to-drive-a-golf-cart,do you need a licence to drive a golf cart,Golf Carts,Golf Carts,GONE,,local/service/event intent,0,0,0,0
shop,/shop/double-take-golf-cart,double take golf cart,Golf Carts,Golf Carts,GONE,,below cut (long-tail / thin),0,0,0,0
shop,/shop/electric-golf-cart-has-power-but-wont-move,electric golf cart has power but won't move,Golf Carts,Golf Carts,GONE,,below cut (long-tail / thin),0,0,0,0
shop,/shop/emerald-isle-golf-cart-rentals,emerald isle golf cart rentals,Golf Carts,Golf Carts,GONE,,local/service/event intent,0,0,0,0
shop,/shop/evaluation-golf-cart-guide,evaluation golf cart,Golf Carts,Golf Carts,GONE,,below cut (long-tail / thin),0,0,0,0
shop,/shop/ezgo-6-seater-golf-cart-review,ezgo 6 seater golf cart,Golf Carts,Golf Carts,GONE,,below cut (long-tail / thin),0,6,0,0
shop,/shop/ezgo-golf-cart-back-seat-review,ezgo golf cart back seat,Golf Carts,Golf Carts,GONE,,below cut (long-tail / thin),0,0,0,0
shop,/shop/ezgo-golf-cart-lift-kit-review,ezgo golf cart lift kit,Golf Carts,Golf Carts,GONE,,below cut (long-tail / thin),0,197,0,0
shop,/shop/ezgo-golf-cart-models-by-year,ezgo golf cart models by year,Golf Carts,Golf Carts,GONE,,below cut (long-tail / thin),0,28,0,1
shop,/shop/ezgo-golf-cart-parts-diagram-review,ezgo golf cart parts diagram,Golf Carts,Golf Carts,GONE,,below cut (long-tail / thin),0,0,0,0
shop,/shop/ezgo-golf-cart-wiring-diagram,ezgo golf cart wiring diagram,Golf Carts,Golf Carts,GONE,,below cut (long-tail / thin),0,0,0,0
shop,/shop/ezgo-three-wheel-golf-cart-review,ezgo three wheel golf cart,Golf Carts,Golf Carts,GONE,,below cut (long-tail / thin),0,18,0,0
shop,/shop/fresno-golf-cart-accident-lawyer,fresno golf cart accident lawyer,Golf Carts,Golf Carts,GONE,,local/service/event intent,0,0,0,0
shop,/shop/g-wagon-golf-cart,g wagon golf cart,Golf Carts,Golf Carts,GONE,,below cut (long-tail / thin),0,22,0,0
shop,/shop/gas-golf-cart-rear-axle-buyers-guide,gas golf cart rear axle,Golf Carts,Golf Carts,GONE,,below cut (long-tail / thin),0,0,0,0
shop,/shop/gas-golf-cart-versus-electric,gas golf cart versus electric,Golf Carts,Golf Carts,GONE,,below cut (long-tail / thin),0,0,0,0
shop,/shop/gem-e4-golf-cart-guide,gem e4 golf cart,Golf Carts,Golf Carts,GONE,,below cut (long-tail / thin),0,0,0,0
shop,/shop/golf-cart-accident-attorney-summerville,golf cart accident attorney summerville,Golf Carts,Golf Carts,GONE,,local/service/event intent,0,0,0,0
shop,/shop/golf-cart-accident-florida,golf cart accident florida,Golf Carts,Golf Carts,GONE,,local/service/event intent,0,0,0,0
shop,/shop/golf-cart-anti-theft-devices,golf cart anti theft devices,Golf Carts,Golf Carts,GONE,,below cut (long-tail / thin),0,0,0,0
shop,/shop/golf-cart-bag-holder-rear-seat,golf cart bag holder rear seat,Golf Carts,Golf Carts,GONE,,below cut (long-tail / thin),0,0,0,0
shop,/shop/golf-cart-battery-connection-diagram,golf cart battery connection diagram,Golf Carts,Golf Carts,GONE,,below cut (long-tail / thin),0,0,0,0
shop,/shop/golf-cart-beach-chair-holder,golf cart beach chair holder,Golf Carts,Golf Carts,GONE,,below cut (long-tail / thin),0,0,0,0
shop,/shop/golf-cart-bimini-buyers-guide,golf cart bimini,Golf Carts,Golf Carts,GONE,,below cut (long-tail / thin),0,0,0,0
shop,/shop/golf-cart-charger-not-working,golf cart charger not working,Golf Carts,Golf Carts,GONE,,below cut (long-tail / thin),0,0,0,0
shop,/shop/golf-cart-driving,golf cart driving,Golf Carts,Golf Carts,GONE,,below cut (long-tail / thin),0,0,0,0
shop,/shop/golf-cart-gun-rack,golf cart gun rack,Golf Carts,Golf Carts,GONE,,novelty/off-topic,0,0,1,1
shop,/shop/golf-cart-hand-signals,golf cart hand signals,Golf Carts,Golf Carts,GONE,,below cut (long-tail / thin),0,0,0,0
shop,/shop/golf-cart-insurance-average-cost,golf cart insurance average cost,Golf Carts,Golf Carts,GONE,,local/service/event intent,0,0,0,0
shop,/shop/golf-cart-lease-to-own,golf cart lease to own,Golf Carts,Golf Carts,GONE,,below cut (long-tail / thin),0,0,0,0
shop,/shop/golf-cart-length-sizing-guide,golf cart length,Golf Carts,Golf Carts,GONE,,below cut (long-tail / thin),0,0,0,0
shop,/shop/golf-cart-motor-replacement-guide,golf cart motor replacement,Golf Carts,Golf Carts,GONE,,below cut (long-tail / thin),0,0,0,0
shop,/shop/golf-cart-parade-palm-desert-ca,golf cart parade in palm desert ca,Golf Carts,Golf Carts,GONE,,local/service/event intent,0,0,0,0
shop,/shop/golf-cart-path-relief,golf cart path relief,Golf Carts,Golf Carts,GONE,,below cut (long-tail / thin),0,8,0,0
shop,/shop/golf-cart-performance-parts,golf cart performance parts,Golf Carts,Golf Carts,GONE,,below cut (long-tail / thin),0,0,0,0
shop,/shop/golf-cart-power-guide,golf cart power,Golf Carts,Golf Carts,GONE,,below cut (long-tail / thin),0,0,0,0
shop,/shop/golf-cart-rear-seat-grab-bar-with-cup-holder,golf cart rear seat grab bar with cup holder,Golf Carts,Golf Carts,GONE,,local/service/event intent,0,0,0,0
shop,/shop/golf-cart-rear-view,golf cart rear view,Golf Carts,Golf Carts,GONE,,below cut (long-tail / thin),0,0,0,0
shop,/shop/golf-cart-registration-florida,golf cart registration florida,Golf Carts,Golf Carts,GONE,,local/geo intent,0,0,0,0
shop,/shop/golf-cart-rental-boca-grande-fl,golf cart rental boca grande fl,Golf Carts,Golf Carts,GONE,,local/service/event intent,0,0,0,0
shop,/shop/golf-cart-rental-cape-charles-va,golf cart rental cape charles va,Golf Carts,Golf Carts,GONE,,local/service/event intent,0,0,0,0
shop,/shop/golf-cart-rental-in-fort-myers-fl,golf cart rental in fort myers fl,Golf Carts,Golf Carts,GONE,,local/service/event intent,0,0,0,0
shop,/shop/golf-cart-rental-in-the-villages-florida,golf cart rental in the villages florida,Golf Carts,Golf Carts,GONE,,local/service/event intent,0,0,0,0
shop,/shop/golf-cart-rental-isle-of-palms-south-carolina,golf cart rental isle of palms south carolina,Golf Carts,Golf Carts,GONE,,local/service/event intent,0,0,0,0
shop,/shop/golf-cart-rental-kissimmee-fl,golf cart rental kissimmee fl,Golf Carts,Golf Carts,GONE,,local/service/event intent,0,0,0,0
shop,/shop/golf-cart-rental-louisville-ky,golf cart rental louisville ky,Golf Carts,Golf Carts,GONE,,local/service/event intent,0,0,0,1
shop,/shop/golf-cart-rental-peachtree-city-ga,golf cart rental peachtree city ga,Golf Carts,Golf Carts,GONE,,local/service/event intent,0,77,0,0
shop,/shop/golf-cart-rental-puerto-rico,golf cart rental puerto rico,Golf Carts,Golf Carts,GONE,,local/service/event intent,0,6,0,0
shop,/shop/golf-cart-rental-rockport-tx,golf cart rental rockport tx,Golf Carts,Golf Carts,GONE,,local/service/event intent,0,0,0,0
shop,/shop/golf-cart-rental-st-augustine,golf cart rental st augustine,Golf Carts,Golf Carts,GONE,,local/service/event intent,0,0,0,0
shop,/shop/golf-cart-rental-surf-city-nc,golf cart rental surf city nc,Golf Carts,Golf Carts,GONE,,local/service/event intent,0,26,0,0
shop,/shop/golf-cart-rentals-garden-city-sc,golf cart rentals garden city sc,Golf Carts,Golf Carts,GONE,,local/service/event intent,0,0,0,0
shop,/shop/golf-cart-rentals-murrells-inlet-sc,golf cart rentals in murrells inlet sc,Golf Carts,Golf Carts,GONE,,local/service/event intent,0,0,0,0
shop,/shop/golf-cart-rentals-naples-fl,golf cart rentals naples fl,Golf Carts,Golf Carts,GONE,,local/service/event intent,0,25,0,0
shop,/shop/golf-cart-rentals-pigeon-forge,golf cart rentals in pigeon forge,Golf Carts,Golf Carts,GONE,,local/service/event intent,0,0,0,0
shop,/shop/golf-cart-roof-replacement,golf cart roof replacement,Golf Carts,Golf Carts,GONE,,below cut (long-tail / thin),0,0,0,0
shop,/shop/golf-cart-seat-cover-replacement,golf cart seat cover replacement,Golf Carts,Golf Carts,GONE,,below cut (long-tail / thin),0,0,0,0
shop,/shop/golf-cart-serial-number-lookup,golf cart serial number lookup,Golf Carts,Golf Carts,GONE,,below cut (long-tail / thin),0,0,0,0
shop,/shop/golf-cart-shipping-cost,golf cart shipping cost,Golf Carts,Golf Carts,GONE,,below cut (long-tail / thin),0,0,0,2
shop,/shop/golf-cart-speed-chip,golf cart speed chip,Golf Carts,Golf Carts,GONE,,below cut (long-tail / thin),0,23,0,0
shop,/shop/golf-cart-springs-guide,golf cart springs,Golf Carts,Golf Carts,GONE,,below cut (long-tail / thin),0,0,0,0
shop,/shop/golf-cart-tire-size-chart,golf cart tire size chart,Golf Carts,Golf Carts,GONE,,below cut (long-tail / thin),0,0,0,0
shop,/shop/golf-cart-tires-8-inch,golf cart tires 8 inch,Golf Carts,Golf Carts,GONE,,below cut (long-tail / thin),0,0,0,0
shop,/shop/golf-cart-vin-number-guide,golf cart vin number,Golf Carts,Golf Carts,GONE,,below cut (long-tail / thin),0,0,0,0
shop,/shop/golf-cart-vs-utv,golf cart vs utv,Golf Carts,Golf Carts,GONE,,below cut (long-tail / thin),0,6,0,0
shop,/shop/golf-cart-wont-start,golf cart won't start,Golf Carts,Golf Carts,GONE,,below cut (long-tail / thin),0,0,0,0
shop,/shop/golf-carts-galveston-texas,golf carts galveston texas,Golf Carts,Golf Carts,GONE,,local/geo intent,0,16,0,0
shop,/shop/golf-carts-lafayette,golf carts lafayette,Golf Carts,Golf Carts,GONE,,local/geo intent,0,13,0,0
shop,/shop/goodson-golf-carts-weatherford,goodson golf carts weatherford,Golf Carts,Golf Carts,GONE,,below cut (long-tail / thin),0,15,0,0
shop,/shop/houghton-lake-mi-golf-carts,houghton lake mi golf carts,Golf Carts,Golf Carts,GONE,,below cut (long-tail / thin),0,176,0,0
shop,/shop/how-big-is-a-golf-cart,how big is a golf cart,Golf Carts,Golf Carts,GONE,,below cut (long-tail / thin),0,0,0,0
shop,/shop/how-fast-do-golf-carts-go,how fast do golf carts go,Golf Carts,Golf Carts,GONE,,below cut (long-tail / thin),0,0,0,0
shop,/shop/how-fast-does-a-gas-golf-cart-go,how fast does a gas golf cart go,Golf Carts,Golf Carts,GONE,,below cut (long-tail / thin),0,0,0,0
shop,/shop/how-long-are-golf-carts,how long are golf carts,Golf Carts,Golf Carts,GONE,,below cut (long-tail / thin),0,0,0,0
shop,/shop/how-long-do-golf-cart-batteries-last,how long do golf cart batteries last,Golf Carts,Golf Carts,GONE,,below cut (long-tail / thin),0,0,0,0
shop,/shop/how-many-volts-is-a-golf-cart-battery,how many volts is a golf cart battery,Golf Carts,Golf Carts,GONE,,below cut (long-tail / thin),0,0,0,0
shop,/shop/how-much-does-a-used-golf-cart-cost,how much does a used golf cart cost,Golf Carts,Golf Carts,GONE,,below cut (long-tail / thin),0,0,0,0
shop,/shop/how-much-does-an-electric-golf-cart-cost,how much does an electric golf cart cost,Golf Carts,Golf Carts,GONE,,below cut (long-tail / thin),0,0,0,0
shop,/shop/how-much-does-an-electric-golf-cart-weigh,how much does an electric golf cart weigh,Golf Carts,Golf Carts,GONE,,below cut (long-tail / thin),0,0,0,0
shop,/shop/how-much-is-a-golf-cart,how much is a golf cart,Golf Carts,Golf Carts,GONE,,below cut (long-tail / thin),0,0,0,0
shop,/shop/how-much-is-a-new-golf-cart,how much is a new golf cart,Golf Carts,Golf Carts,GONE,,duplicate keyword (plural/variant) (target not kept),0,0,0,0
shop,/shop/how-much-is-golf-cart-insurance-florida,how much is golf cart insurance in florida,Golf Carts,Golf Carts,GONE,,local/service/event intent,0,0,0,0
shop,/shop/how-much-is-my-golf-cart-worth,how much is my golf cart worth,Golf Carts,Golf Carts,GONE,,below cut (long-tail / thin),0,0,0,0
shop,/shop/how-much-to-rent-a-golf-cart,how much to rent a golf cart,Golf Carts,Golf Carts,GONE,,local/service/event intent,0,0,0,0
shop,/shop/how-old-do-you-have-to-drive-a-golf-cart,how old do you have to drive a golf cart,Golf Carts,Golf Carts,GONE,,below cut (long-tail / thin),0,0,0,0
shop,/shop/isla-mujeres-golf-cart-rental-rates,isla mujeres golf cart rental rates,Golf Carts,Golf Carts,GONE,,local/service/event intent,0,0,0,0
shop,/shop/items-strapped-to-a-golf-cart,items strapped to a golf cart,Golf Carts,Golf Carts,GONE,,below cut (long-tail / thin),0,0,0,0
shop,/shop/kelley-blue-book-golf-cart-values,kelley blue book golf cart values,Golf Carts,Golf Carts,GONE,,below cut (long-tail / thin),0,21,0,0
shop,/shop/looking-for-a-used-golf-cart,looking for a used golf cart,Golf Equipment,Golf Carts,GONE,,below cut (long-tail / thin),0,0,0,0
shop,/shop/megan-mappin-golf-cart-accident-safety,megan mappin golf cart accident,Golf Carts,Golf Carts,GONE,,team/celebrity/licensed,0,0,0,0
shop,/shop/michigan-golf-cart,michigan golf cart,Golf Carts,Golf Carts,GONE,,team/celebrity/licensed,0,0,0,0
shop,/shop/mizuno-golf-cart-bags-review,mizuno golf cart bags,Golf Carts,Golf Carts,GONE,,below cut (long-tail / thin),0,0,0,0
shop,/shop/most-expensive-golf-carts,most expensive golf carts,Golf Carts,Golf Carts,GONE,,below cut (long-tail / thin),0,0,0,0
shop,/shop/mt-pleasant-golf-carts,mt pleasant golf carts,Golf Carts,Golf Carts,GONE,,below cut (long-tail / thin),0,19,0,0
shop,/shop/nobles-golf-carts-leesburg-fl,nobles golf carts leesburg fl,Golf Carts,Golf Carts,GONE,,local/geo intent,0,0,0,0
shop,/shop/north-florida-golf-carts,north florida golf carts,Golf Carts,Golf Carts,GONE,,local/geo intent,0,12,0,0
shop,/shop/ohio-golf-cart-laws,ohio golf cart laws,Golf Carts,Golf Carts,GONE,,local/service/event intent,0,0,0,0
shop,/shop/port-aransas-rentals-with-golf-cart,port aransas rentals with golf cart,Golf Carts,Golf Carts,GONE,,local/service/event intent,0,0,0,0
shop,/shop/port-st-joe-golf-cart-rental,port st joe golf cart rental,Golf Carts,Golf Carts,GONE,,local/service/event intent,0,0,0,0
shop,/shop/rc-g4-0-golf-cart,rc g4 0 golf cart,Golf Carts,Golf Carts,GONE,,below cut (long-tail / thin),0,0,0,0
shop,/shop/rent-golf-cart-mount-pleasant,rent golf cart mount pleasant,Golf Carts,Golf Carts,GONE,,local/service/event intent,0,66,0,0
shop,/shop/rules-for-golf-carts,rules for golf carts,Golf Equipment,Golf Carts,GONE,,below cut (long-tail / thin),0,0,0,0
shop,/shop/south-carolina-golf-cart-laws,south carolina golf cart laws,Golf Carts,Golf Carts,GONE,,local/service/event intent,0,0,0,0
shop,/shop/south-padre-golf-cart-rental,south padre golf cart rental,Golf Carts,Golf Carts,GONE,,local/service/event intent,0,95,0,0
shop,/shop/sun-mountain-golf-cart-review,sun mountain golf cart,Golf Carts,Golf Carts,GONE,,below cut (long-tail / thin),0,0,0,0
shop,/shop/test-golf-cart-motor,test golf cart motor,Golf Carts,Golf Carts,GONE,,below cut (long-tail / thin),0,0,0,0
shop,/shop/used-golf-carts-wisconsin,used golf carts wisconsin,Golf Carts,Golf Carts,GONE,,local/geo intent,0,6,0,0
shop,/shop/what-size-trailer-for-golf-cart,what size trailer for golf cart,Apparel,Golf Carts,GONE,,below cut (long-tail / thin),0,0,0,0
shop,/shop/wild-dunes-golf-cart-rental,wild dunes golf cart rental,Golf Carts,Golf Carts,GONE,,local/service/event intent,0,0,0,0
shop,/shop/yamaha-48-volt-golf-cart-charger-review,yamaha 48 volt golf cart charger,Golf Carts,Golf Carts,GONE,,below cut (long-tail / thin),0,0,0,0
shop,/shop/yamaha-g1-golf-cart-body-kits-review,yamaha g1 golf cart body kits,Golf Carts,Golf Carts,GONE,,below cut (long-tail / thin),0,0,0,0
shop,/shop/yamaha-g1-golf-cart-engine-review,yamaha g1 golf cart engine,Golf Carts,Golf Carts,GONE,,below cut (long-tail / thin),0,32,0,0
shop,/shop/yamaha-g1-golf-cart-seats-review,yamaha g1 golf cart seats,Golf Carts,Golf Carts,GONE,,below cut (long-tail / thin),0,12,0,0
shop,/shop/yamaha-g29-golf-cart-accessories-review,yamaha g29 golf cart accessories,Golf Carts,Golf Carts,GONE,,below cut (long-tail / thin),0,0,0,0
shop,/shop/yamaha-golf-cart-air-filter-review,yamaha golf cart air filter,Golf Carts,Golf Carts,GONE,,below cut (long-tail / thin),0,64,0,0
shop,/shop/yamaha-golf-cart-drive-2-review,yamaha golf cart drive 2,Golf Carts,Golf Carts,GONE,,below cut (long-tail / thin),0,15,0,0
shop,/shop/yamaha-golf-cart-drive-belt-review,yamaha golf cart drive belt,Golf Carts,Golf Carts,GONE,,below cut (long-tail / thin),0,0,0,0
shop,/shop/yamaha-golf-cart-lift-kit-wheel-combo-review,yamaha golf cart lift kit wheel combo,Golf Carts,Golf Carts,GONE,,below cut (long-tail / thin),0,0,0,0
shop,/shop/yamaha-golf-cart-model-lookup,yamaha golf cart model lookup,Golf Carts,Golf Carts,GONE,,below cut (long-tail / thin),0,0,0,0
shop,/shop/yamaha-golf-cart-motor-rebuild-kit-review,yamaha golf cart motor rebuild kit,Golf Carts,Golf Carts,GONE,,below cut (long-tail / thin),0,190,0,0
shop,/shop/yamaha-golf-cart-serial-number,yamaha golf cart serial number,Golf Carts,Golf Carts,GONE,,below cut (long-tail / thin),0,0,0,0
shop,/shop/yamaha-golf-cart-starter-generators-review,yamaha golf cart starter generators,Golf Carts,Golf Carts,GONE,,below cut (long-tail / thin),0,21,0,0
shop,/shop/yamaha-golf-cart-year-model,yamaha golf cart year model,Golf Carts,Golf Carts,GONE,,below cut (long-tail / thin),0,0,0,0
shop,/shop/yamaha-sun-classic-golf-cart-review,yamaha sun classic golf cart,Golf Carts,Golf Carts,GONE,,below cut (long-tail / thin),0,0,0,0
shop,/shop/best-arm-band-golf-training-aid,arm band golf training aid,Golf Equipment,Indoor & Practice,GONE,,below cut (long-tail / thin),0,0,0,0
shop,/shop/best-at-home-golf-net,at home golf net,Golf Equipment,Indoor & Practice,GONE,,below cut (long-tail / thin),0,0,0,0
shop,/shop/best-cps-golf-swing-analyzer,cps golf,Golf Equipment,Indoor & Practice,GONE,,novelty/off-topic,0,0,0,0
shop,/shop/best-golf-swing-plane-training-aid,golf swing plane training aid,Golf Equipment,Indoor & Practice,GONE,,below cut (long-tail / thin),0,0,0,0
shop,/shop/best-pop-up-golf-net,pop up golf net,Golf Equipment,Indoor & Practice,GONE,,below cut (long-tail / thin),0,0,0,0
shop,/shop/how-far-is-top-golf-net-distance-guide,how far is the top golf net,Golf Equipment,Indoor & Practice,GONE,,novelty/off-topic,0,0,0,6
shop,/shop/swingyde-golf-swing-training-aid,swingyde golf swing training aid,Golf Equipment,Indoor & Practice,GONE,,below cut (long-tail / thin),0,0,0,0
shop,/shop/best-black-friday-golf-rangefinder-deals,black friday golf rangefinder deals,Accessories,Rangefinders & GPS,GONE,,below cut (long-tail / thin),0,0,0,0
blog,/blog/golf-how-to-putt-ultimate-guide,golf how to putt,Technique,,KEEP,,core page,0,34,0,0
blog,/blog/golf-short-game-tips,golf short game tips,How To,,KEEP,,core page,0,0,1,1
blog,/blog/golf-tips-for-women,golf tips for women,How To,,KEEP,,core page,0,0,0,8
blog,/blog/how-do-skins-work-in-golf,how do skins work in golf,How To,,KEEP,,core page,0,0,0,2
blog,/blog/how-do-you-aim-a-golf-shot,how do you aim a golf shot,How To,,KEEP,,core page,0,0,0,1
blog,/blog/how-do-you-win-golf,how do you win golf,How To,,KEEP,,core page,0,0,1,8
blog,/blog/how-to-be-good-at-golf,how to be good at golf,How To,,KEEP,,core page,0,0,0,0
blog,/blog/how-to-estimate-your-golf-handicap,how to estimate your golf handicap,How To,,KEEP,,core page,0,0,0,0
blog,/blog/how-to-get-more-distance-in-golf,how to get more distance in golf,How To,,KEEP,,core page,0,0,0,15
blog,/blog/how-to-handicap-golf,how to handicap golf,How To,,KEEP,,core page,0,0,0,0
blog,/blog/how-to-improve-my-golf-game,how to improve my golf game,How To,,KEEP,,core page,0,0,0,0
blog,/blog/how-to-keep-head-still-in-golf-swing,how to keep head still in golf swing,Technique,,KEEP,,core page,0,0,0,7
blog,/blog/how-to-lower-your-golf-handicap,how to lower your golf handicap,How To,,KEEP,,core page,0,0,0,0
blog,/blog/how-to-play-a-scramble-in-golf,how to play a scramble in golf,How To,,KEEP,,core page,0,0,0,2
blog,/blog/how-to-play-best-ball-golf,how to play best ball golf,How To,,KEEP,,core page,0,0,0,0
blog,/blog/how-to-play-four-ball-in-golf,how to play four ball in golf,How To,,KEEP,,core page,0,0,0,2
blog,/blog/how-to-read-a-green-in-golf,how to read a green in golf,How To,,KEEP,,core page,0,0,0,1
blog,/blog/how-to-stop-swaying-in-the-golf-swing,how to stop swaying in the golf swing,Technique,,KEEP,,core page,0,0,0,0
blog,/blog/how-to-take-score-in-golf,how to take score in golf,How To,,KEEP,,core page,0,0,0,0
blog,/blog/how-to-use-your-legs-in-the-golf-swing,how to use your legs in the golf swing,Technique,,KEEP,,core page,0,0,2,70
blog,/blog/what-does-playing-the-tips-mean-in-golf,what does playing the tips mean in golf,How To,,KEEP,,core page,0,0,2,48
shop,/shop/best-4-man-golf-games,4 man golf games,Golf Equipment,,KEEP,,protected: traffic (>=5 clicks) - review later,0,0,5,51
shop,/shop/best-golf-hip-injury-support,golf hip injury,Golf Equipment,,KEEP,,protected: traffic (>=5 clicks) - review later,0,0,8,15
shop,/shop/best-hillbilly-golf-coupon,hillbilly golf coupon,Golf Equipment,,KEEP,,protected: traffic (>=5 clicks) - review later,0,0,6,15
shop,/shop/dimensions-for-ladder-golf,dimensions for ladder golf,Golf Equipment,,KEEP,,protected: traffic (>=5 clicks) - review later,0,0,8,35
blog,/blog/affordable-divot-repair-tools-golf,affordable divot repair tools golf,Maintenance,Accessories,KEEP,,core page,0,0,0,0
blog,/blog/clean-irons-golf,clean irons golf,Maintenance,Accessories,KEEP,,core page,0,0,1,20
blog,/blog/how-to-clean-a-golf-hat,how to clean a golf hat,Maintenance,Accessories,KEEP,,core page,0,0,1,7
blog,/blog/how-to-clean-golf-balls,how to clean golf balls,Maintenance,Accessories,KEEP,,core page,0,0,0,19
blog,/blog/how-to-clean-golf-shoes,how to clean golf shoes,Maintenance,Accessories,KEEP,,core page,0,0,0,4
shop,/shop/best-adjustable-golf-tee,adjustable golf tee,Accessories,Accessories,KEEP,,core page,0,14,1,1
shop,/shop/best-barrel-golf-headcovers,barrel golf headcovers,Accessories,Accessories,KEEP,,core page,0,48,2,1
shop,/shop/best-bulk-golf-ball-markers,bulk golf ball markers,Golf Balls,Accessories,KEEP,,core page,0,137,0,0
shop,/shop/best-coin-golf-accessories,coin golf,Golf Equipment,Accessories,KEEP,,core page,0,11,0,0
shop,/shop/best-consistent-golf-tees,consistent golf tees,Accessories,Accessories,KEEP,,core page,0,34,0,0
shop,/shop/best-ghost-golf-towel,ghost golf towel,Accessories,Accessories,KEEP,,core page,0,19,0,0
shop,/shop/best-golf-accessory-bags,golf accessory bags,Golf Equipment,Accessories,KEEP,,core page,0,13,0,0
shop,/shop/best-golf-accessory-organizer,golf accessory organizer,Golf Equipment,Accessories,KEEP,,core page,0,44,0,0
shop,/shop/best-golf-ball-marker,best golf ball marker,Golf Balls,Accessories,KEEP,,core page,0,19,0,0
shop,/shop/best-golf-ball-marker-coins,golf ball marker coins,Golf Balls,Accessories,KEEP,,core page,1,92,0,0
shop,/shop/best-golf-distance-markers-colors,golf distance markers colors,Accessories,Accessories,KEEP,,core page,0,10,0,0
shop,/shop/best-golf-gift-bags,golf gift bags,Golf Equipment,Accessories,KEEP,,core page,0,52,0,0
shop,/shop/best-golf-gift-basket,golf gift basket,Golf Equipment,Accessories,KEEP,,core page,0,306,0,0
shop,/shop/best-golf-gift-box,golf gift box,Golf Equipment,Accessories,KEEP,,core page,0,142,0,0
shop,/shop/best-golf-gifts-for-kids,golf gifts for kids,Golf Equipment,Accessories,KEEP,,core page,0,24,0,0
shop,/shop/best-golf-groomsmen-gifts,golf groomsmen gifts,Golf Equipment,Accessories,KEEP,,core page,0,61,0,0
shop,/shop/best-golf-hat-ball-marker-clips,golf hat ball marker clips,Apparel,Accessories,KEEP,,core page,0,146,0,0
shop,/shop/best-golf-knit-headcovers,golf knit headcovers,Accessories,Accessories,KEEP,,core page,0,19,0,0
shop,/shop/best-golf-pencils,golf pencils,Golf Equipment,Accessories,KEEP,,core page,0,158,1,2
shop,/shop/best-golf-towel-on-bag,golf towel on bag,Accessories,Accessories,KEEP,,core page,0,176,0,0
shop,/shop/best-golf-towel-with-hole-in-center,golf towel with hole in center,Accessories,Accessories,KEEP,,core page,0,98,0,0
shop,/shop/best-golf-towel-womens,golf towel womens,Accessories,Accessories,KEEP,,core page,0,64,0,0
shop,/shop/best-golf-towels-bulk,golf towels bulk,Accessories,Accessories,KEEP,,core page,0,88,0,0
shop,/shop/best-golf-umbrella,best golf umbrella,Apparel,Accessories,KEEP,,core page,0,20,0,0
shop,/shop/best-golf-umbrella-large,golf umbrella large,Apparel,Accessories,KEEP,,core page,0,10,0,0
shop,/shop/best-golf-what-color-tee-should-play,golf what color tee should play,Apparel,Accessories,KEEP,,core page,0,34,0,0
shop,/shop/best-green-tee-golf,green tee golf,Accessories,Accessories,KEEP,,core page,0,300,0,0
shop,/shop/best-headcover-golf-set,headcover golf set,Accessories,Accessories,KEEP,,core page,0,152,0,0
shop,/shop/best-hybrid-golf-head-covers,hybrid golf head covers,Accessories,Accessories,KEEP,,core page,0,37,0,0
shop,/shop/best-jc-golf-accessories,jc golf accessories,Golf Equipment,Accessories,KEEP,,core page,0,7,0,3
shop,/shop/best-magnetic-golf-towels,magnetic golf towels,Accessories,Accessories,KEEP,,core page,0,10,0,0
shop,/shop/best-man-golf-gifts,best man golf gifts,Golf Equipment,Accessories,KEEP,,core page,0,10,0,0
shop,/shop/best-metal-golf-ball-markers,metal golf ball markers,Golf Balls,Accessories,KEEP,,core page,0,363,0,0
shop,/shop/best-personalized-golf-gifts-for-men,personalized golf gifts for men,Golf Equipment,Accessories,KEEP,,core page,0,20,0,0
shop,/shop/best-poker-chip-golf-ball-markers,poker chip golf ball markers,Golf Balls,Accessories,KEEP,,core page,0,72,0,0
shop,/shop/best-weatherman-golf-umbrella-buyers-guide,weatherman golf umbrella,Apparel,Accessories,KEEP,,core page,0,13,0,3
shop,/shop/gift-cards-golf,gift cards golf,Golf Equipment,Accessories,KEEP,,core page,0,42,0,0
shop,/shop/golf-driving-range-distance-markers,golf driving range distance markers,Accessories,Accessories,KEEP,,core page,0,43,0,1
shop,/shop/golf-towels-monogrammed,golf towels monogrammed,Accessories,Accessories,KEEP,,core page,0,13,0,0
shop,/shop/titleist-golf-towels-review,titleist golf towels,Golf Balls,Accessories,KEEP,,core page,0,15,0,0
shop,/shop/best-boys-golf-shirts,boys golf shirts,Apparel,Apparel & Shoes,KEEP,,core page,0,122,0,0
shop,/shop/best-boys-golf-shorts,boys golf shorts,Apparel,Apparel & Shoes,KEEP,,core page,0,208,0,0
shop,/shop/best-calia-golf-clothing,calia golf clothing,Apparel,Apparel & Shoes,KEEP,,core page,0,76,1,3
shop,/shop/best-calia-golf-skorts,calia golf skorts,Golf Equipment,Apparel & Shoes,KEEP,,core page,0,132,0,0
shop,/shop/best-golf-belt-buckle,golf belt buckle,Golf Equipment,Apparel & Shoes,KEEP,,core page,0,53,0,0
shop,/shop/best-golf-belts,best golf belts,Golf Equipment,Apparel & Shoes,KEEP,,core page,0,22,0,0
shop,/shop/best-golf-hoodies,best golf hoodies,Golf Equipment,Apparel & Shoes,KEEP,,core page,0,6,0,0
shop,/shop/best-golf-hoodies-for-men,golf hoodies for men,Golf Equipment,Apparel & Shoes,KEEP,,core page,0,182,0,0
shop,/shop/best-golf-jacket-mens,golf jacket mens,Apparel,Apparel & Shoes,KEEP,,core page,0,547,0,0
shop,/shop/best-golf-socks-buying-guide,best golf socks,Golf Equipment,Apparel & Shoes,KEEP,,core page,0,0,1,2
shop,/shop/best-golf-socks-mens,golf socks mens,Golf Equipment,Apparel & Shoes,KEEP,,core page,0,17,0,0
shop,/shop/best-golf-sun-hats,golf sun hats,Apparel,Apparel & Shoes,KEEP,,core page,0,18,0,0
shop,/shop/best-golf-trucker-cap,golf trucker cap,Apparel,Apparel & Shoes,KEEP,,core page,0,104,0,0
shop,/shop/best-jamie-sadock-ladies-golf-apparel,jamie sadock ladies golf apparel,Apparel,Apparel & Shoes,KEEP,,core page,0,91,0,0
shop,/shop/best-japanese-golf-apparel-brands,japanese golf apparel brands,Apparel,Apparel & Shoes,KEEP,,core page,0,49,0,1
shop,/shop/best-khaki-golf-shorts,khaki golf shorts,Apparel,Apparel & Shoes,KEEP,,core page,0,0,1,1
shop,/shop/best-kids-golf-hats,kids golf hats,Apparel,Apparel & Shoes,KEEP,,core page,0,17,0,0
shop,/shop/best-kids-golf-pants,kids golf pants,Golf Equipment,Apparel & Shoes,KEEP,,core page,0,41,0,0
shop,/shop/best-korean-golf-apparel,korean golf apparel,Apparel,Apparel & Shoes,KEEP,,core page,0,0,1,5
shop,/shop/best-ladies-golf-clothing-plus-size,ladies golf clothing plus size,Apparel,Apparel & Shoes,KEEP,,core page,0,8,0,0
shop,/shop/best-ladies-sleeveless-golf-shirts,ladies sleeveless golf shirts,Apparel,Apparel & Shoes,KEEP,,core page,0,41,0,0
shop,/shop/best-mens-black-golf-shorts,mens black golf shorts,Apparel,Apparel & Shoes,KEEP,,core page,0,57,0,0
shop,/shop/best-mens-golf-jogger-pants,men's golf jogger pants,Golf Equipment,Apparel & Shoes,KEEP,,core page,0,24,0,0
shop,/shop/best-mens-golf-quarter-zip,mens golf quarter zip,Golf Equipment,Apparel & Shoes,KEEP,,core page,0,18,0,0
shop,/shop/best-mens-golf-vests,best mens golf vests,Golf Equipment,Apparel & Shoes,KEEP,,core page,0,52,0,0
shop,/shop/best-mens-golf-visors,men's golf visors,Golf Equipment,Apparel & Shoes,KEEP,,core page,0,15,0,0
shop,/shop/best-mens-leather-golf-belts,mens leather golf belts,Golf Equipment,Apparel & Shoes,KEEP,,core page,0,17,0,0
shop,/shop/best-mens-spikeless-golf-shoes,mens spikeless golf shoes,Apparel,Apparel & Shoes,KEEP,,core page,0,21,0,0
shop,/shop/best-mens-waterproof-golf-jacket,mens waterproof golf jacket,Apparel,Apparel & Shoes,KEEP,,core page,0,57,0,0
shop,/shop/best-pleated-golf-shorts,pleated golf shorts,Apparel,Apparel & Shoes,KEEP,,core page,0,0,1,1
shop,/shop/best-puma-golf-shoes-for-ladies,puma golf shoes for ladies,Apparel,Apparel & Shoes,KEEP,,core page,0,51,0,0
shop,/shop/best-retro-golf-shirts,retro golf shirts,Apparel,Apparel & Shoes,KEEP,,core page,0,48,0,0
shop,/shop/best-skechers-womens-golf-shoes,skechers womens golf shoes,Apparel,Apparel & Shoes,KEEP,,core page,0,40,0,0
shop,/shop/best-swing-golf-apparel,swing golf apparel,Apparel,Apparel & Shoes,KEEP,,core page,0,42,0,0
shop,/shop/best-toddler-golf-shirt,toddler golf shirt,Apparel,Apparel & Shoes,KEEP,,core page,0,34,0,0
shop,/shop/best-travis-mathew-golf-shoe,travis mathew golf shoe,Apparel,Apparel & Shoes,KEEP,,core page,0,0,2,60
shop,/shop/best-ugly-golf-apparel,ugly golf apparel,Apparel,Apparel & Shoes,KEEP,,core page,0,46,0,2
shop,/shop/best-vice-golf-glove,vice golf glove,Apparel,Apparel & Shoes,KEEP,,core page,0,29,0,1
shop,/shop/best-waterproof-golf-hat,waterproof golf hat,Apparel,Apparel & Shoes,KEEP,,core page,0,14,0,0
shop,/shop/best-waterproof-golf-trousers,waterproof golf trousers,Golf Equipment,Apparel & Shoes,KEEP,,core page,0,6,0,0
shop,/shop/best-white-golf-hats-for-men,white golf hats for men,Apparel,Apparel & Shoes,KEEP,,core page,0,35,0,1
shop,/shop/best-womens-black-golf-shoes,womens black golf shoes,Apparel,Apparel & Shoes,KEEP,,core page,0,11,0,0
shop,/shop/best-womens-golf-jacket,women's golf jacket,Apparel,Apparel & Shoes,KEEP,,core page,0,27,0,0
shop,/shop/best-womens-golf-shoes-for-wide-feet,best women's golf shoes for wide feet,Apparel,Apparel & Shoes,KEEP,,core page,0,60,0,0
shop,/shop/best-womens-golf-sweaters,women's golf sweaters,Golf Equipment,Apparel & Shoes,KEEP,,core page,0,186,0,0
shop,/shop/best-womens-golf-visor,womens golf visor,Golf Equipment,Apparel & Shoes,KEEP,,core page,0,22,0,0
shop,/shop/best-youth-golf-apparel,youth golf apparel,Apparel,Apparel & Shoes,KEEP,,core page,0,294,0,0
shop,/shop/bridgestone-golf-gloves-review,bridgestone golf gloves,Golf Balls,Apparel & Shoes,KEEP,,core page,0,16,1,1
shop,/shop/cadet-vs-regular-golf-glove,cadet vs regular golf glove,Apparel,Apparel & Shoes,KEEP,,core page,0,6,0,2
shop,/shop/cool-golf-shorts-mens,cool golf shorts mens,Apparel,Apparel & Shoes,KEEP,,core page,0,374,0,0
shop,/shop/footjoy-cadet-golf-gloves-review,footjoy cadet golf gloves,Apparel,Apparel & Shoes,KEEP,,core page,0,5,1,1
shop,/shop/iverson-golf-shoe-buyers-guide,iverson golf shoe,Apparel,Apparel & Shoes,KEEP,,core page,0,0,1,1
shop,/shop/pleated-golf-pants-guide,pleated golf pants,Golf Equipment,Apparel & Shoes,KEEP,,core page,0,12,1,4
shop,/shop/which-hand-do-you-wear-a-golf-glove,which hand do you wear a golf glove,Apparel,Apparel & Shoes,KEEP,,core page,0,0,1,145
shop,/shop/womens-golf-pants-with-belt-loops,womens golf pants with belt loops,Golf Equipment,Apparel & Shoes,KEEP,,core page,0,6,0,0
blog,/blog/6-way-golf-bag-setup,6 way golf bag setup,Technique,Bags & Push Carts,KEEP,,core page,0,0,2,10
blog,/blog/how-to-become-a-golf-caddy,how to become a golf caddy,How To,Bags & Push Carts,KEEP,,core page,0,0,0,4
blog,/blog/how-to-carry-a-golf-bag,how to carry a golf bag,How To,Bags & Push Carts,KEEP,,core page,0,0,0,0
blog,/blog/how-to-choose-a-golf-bag,how to choose a golf bag,How To,Bags & Push Carts,KEEP,,core page,0,0,0,0
blog,/blog/how-to-clean-a-golf-bag,how to clean a golf bag,Maintenance,Bags & Push Carts,KEEP,,core page,0,0,0,0
blog,/blog/how-to-set-up-golf-bag,how to set up golf bag,How To,Bags & Push Carts,KEEP,,core page,0,0,1,94
shop,/shop/belding-golf-bags,belding golf bags,Golf Bags,Bags & Push Carts,KEEP,,core page,0,11,0,3
shop,/shop/best-14-way-divider-golf-bag,14 way divider golf bag,Golf Bags,Bags & Push Carts,KEEP,,core page,0,6,0,0
shop,/shop/best-bag-caddy-golf,bag caddy golf,Golf Equipment,Bags & Push Carts,KEEP,,core page,0,23,0,0
shop,/shop/best-budget-golf-bags,golf bags under $150,Golf Bags,Bags & Push Carts,KEEP,,core page,0,7,0,0
shop,/shop/best-caddy-towel-golf,caddy towel golf,Accessories,Bags & Push Carts,KEEP,,core page,0,34,0,0
shop,/shop/best-cart-golf-bags-for-men,cart golf bags for men,Golf Bags,Bags & Push Carts,KEEP,,core page,0,0,0,0
shop,/shop/best-cobra-golf-bags-for-women,cobra golf bags for women,Golf Bags,Bags & Push Carts,KEEP,,core page,0,23,0,0
shop,/shop/best-cream-golf-bag,cream golf bag,Golf Bags,Bags & Push Carts,KEEP,,core page,0,6,0,0
shop,/shop/best-echo-golf-bag-guide,echo golf bag,Golf Bags,Bags & Push Carts,KEEP,,core page,0,0,1,19
shop,/shop/best-electric-golf-trolley-argos,electric golf trolley argos,Power & Batteries,Bags & Push Carts,KEEP,,core page,0,13,0,2
shop,/shop/best-golf-bag-for-push-cart,best golf bag for push cart,Golf Bags,Bags & Push Carts,KEEP,,core page,0,6,0,0
shop,/shop/best-golf-bag-repairs,golf bag repairs,Golf Bags,Bags & Push Carts,KEEP,,core page,0,0,3,4
shop,/shop/best-golf-bags-for-women,best golf bags for women,Golf Bags,Bags & Push Carts,KEEP,,core page,0,0,0,0
shop,/shop/best-golf-caddy-bib,golf caddy bib,Golf Equipment,Bags & Push Carts,KEEP,,core page,0,48,0,0
shop,/shop/best-green-golf-bag,green golf bag,Golf Bags,Bags & Push Carts,KEEP,,core page,0,0,1,1
shop,/shop/best-highlander-golf-bag,highlander golf bag,Golf Bags,Bags & Push Carts,KEEP,,core page,0,0,1,4
shop,/shop/best-honma-golf-bag,honma golf bag,Golf Bags,Bags & Push Carts,KEEP,,core page,0,13,0,0
shop,/shop/best-ladies-golf-bag-lightweight,ladies golf bag lightweight,Golf Bags,Bags & Push Carts,KEEP,,core page,0,0,0,0
shop,/shop/best-monster-golf-bag,monster golf bag,Golf Bags,Bags & Push Carts,KEEP,,core page,0,7,0,1
shop,/shop/best-orange-golf-bag,orange golf bag,Golf Bags,Bags & Push Carts,KEEP,,core page,0,0,1,1
shop,/shop/best-peter-millar-golf-bag,peter millar golf bag,Golf Bags,Bags & Push Carts,KEEP,,core page,0,0,0,5
shop,/shop/best-pink-golf-bag,pink golf bag,Golf Bags,Bags & Push Carts,KEEP,,core page,0,15,0,0
shop,/shop/best-skb-golf-travel-bag,skb golf travel bag,Golf Equipment,Bags & Push Carts,KEEP,,core page,0,8,0,0
shop,/shop/best-walking-golf-bags,best walking golf bags,Golf Bags,Bags & Push Carts,KEEP,,core page,0,0,0,0
shop,/shop/best-waterproof-golf-bag,waterproof golf bag,Golf Bags,Bags & Push Carts,KEEP,,core page,0,0,0,0
shop,/shop/best-xxio-golf-bag-buyers-guide,xxio golf bag,Golf Bags,Bags & Push Carts,KEEP,,core page,0,0,1,6
shop,/shop/callaway-summit-collection-golf-bag-review,callaway summit collection golf bag,Golf Balls,Bags & Push Carts,KEEP,,core page,0,0,2,8
shop,/shop/golf-bag-dimensions-guide,dimensions of a golf bag,Golf Bags,Bags & Push Carts,KEEP,,core page,0,0,6,636
shop,/shop/golf-caddying-guide,golf caddying,Golf Equipment,Bags & Push Carts,KEEP,,core page,0,0,1,1
shop,/shop/ping-traverse-golf-bag-review,ping traverse golf bag,Golf Bags,Bags & Push Carts,KEEP,,core page,0,0,0,12
shop,/shop/puma-golf-bag-review,puma golf bag,Golf Bags,Bags & Push Carts,KEEP,,core page,0,14,0,0
shop,/shop/srixon-golf-bags-review,srixon golf bags,Golf Balls,Bags & Push Carts,KEEP,,core page,0,0,1,1
shop,/shop/sun-mountain-leather-golf-bag-review,sun mountain leather golf bag,Golf Bags,Bags & Push Carts,KEEP,,core page,0,0,2,3
shop,/shop/sun-mountain-womens-golf-bags-review,sun mountain women's golf bags,Golf Bags,Bags & Push Carts,KEEP,,core page,0,0,0,2
shop,/shop/taylormade-personalized-golf-bag-review,taylormade personalized golf bag,Golf Bags,Bags & Push Carts,KEEP,,core page,0,17,0,0
blog,/blog/golf-setup-posture,golf setup posture,Technique,Clubs & Shafts,KEEP,,core page,0,0,0,0
blog,/blog/how-to-cut-a-graphite-golf-shaft,how to cut a graphite golf shaft,How To,Clubs & Shafts,KEEP,,core page,0,0,0,3
blog,/blog/how-to-measure-for-golf-shaft-length,how to measure for golf shaft length,How To,Clubs & Shafts,KEEP,,core page,0,0,0,8
blog,/blog/how-to-measure-golf-driver-length,how to measure golf driver length,How To,Clubs & Shafts,KEEP,,core page,0,0,0,3
shop,/shop/best-60-wedge-golf-guide,60 wedge golf,Clubs & Shafts,Clubs & Shafts,KEEP,,core page,0,8,0,0
shop,/shop/best-adams-golf-hybrid-guide,adams golf hybrid,Golf Equipment,Clubs & Shafts,KEEP,,core page,0,16,0,2
shop,/shop/best-adams-golf-set-ladies,adams golf set ladies,Golf Equipment,Clubs & Shafts,KEEP,,core page,0,21,2,4
shop,/shop/best-aretera-golf-shafts,aretera golf shafts,Clubs & Shafts,Clubs & Shafts,KEEP,,core page,0,26,0,3
shop,/shop/best-bigger-golf-grips,bigger golf grips,Golf Equipment,Clubs & Shafts,KEEP,,core page,0,12,0,0
shop,/shop/best-bubble-shaft-golf,bubble shaft golf,Clubs & Shafts,Clubs & Shafts,KEEP,,core page,0,34,2,10
shop,/shop/best-budget-used-golf-irons,used golf irons cheap,Clubs & Shafts,Clubs & Shafts,KEEP,,core page,0,7,0,0
shop,/shop/best-complete-nike-golf-sets,complete nike golf sets,Golf Equipment,Clubs & Shafts,KEEP,,core page,0,24,0,2
shop,/shop/best-denali-golf-shafts,denali golf shafts,Clubs & Shafts,Clubs & Shafts,KEEP,,core page,0,0,5,55
shop,/shop/best-driver-lady-golf,driver lady golf,Clubs & Shafts,Clubs & Shafts,KEEP,,core page,0,16,0,0
shop,/shop/best-dynamic-gold-golf-shafts,dynamic gold golf shafts,Clubs & Shafts,Clubs & Shafts,KEEP,,core page,0,11,1,6
shop,/shop/best-eleven-golf-hybrids,eleven golf hybrids,Golf Equipment,Clubs & Shafts,KEEP,,core page,0,18,0,0
shop,/shop/best-expensive-golf-driver,expensive golf driver,Clubs & Shafts,Clubs & Shafts,KEEP,,core page,0,6,1,2
shop,/shop/best-forgiving-golf-irons-guide,best forgiving golf irons,Clubs & Shafts,Clubs & Shafts,KEEP,,core page,0,6,0,0
shop,/shop/best-golf-driver-heads,golf driver heads,Clubs & Shafts,Clubs & Shafts,KEEP,,core page,0,54,0,0
shop,/shop/best-golf-grip-kit,golf grip kit,Golf Equipment,Clubs & Shafts,KEEP,,core page,0,13,0,0
shop,/shop/best-golf-grip-pinky,golf grip pinky,Golf Equipment,Clubs & Shafts,KEEP,,core page,0,14,0,0
shop,/shop/best-golf-grip-solvent-substitute,golf grip solvent substitute,Golf Equipment,Clubs & Shafts,KEEP,,core page,0,0,0,25
shop,/shop/best-golf-interlock-grip,golf interlock grip,Golf Equipment,Clubs & Shafts,KEEP,,core page,0,23,0,0
shop,/shop/best-golf-iron-shafts,best golf iron shafts,Clubs & Shafts,Clubs & Shafts,KEEP,,core page,0,266,0,0
shop,/shop/best-golf-loft-lie-machine-guide,golf loft lie machine,Golf Equipment,Clubs & Shafts,KEEP,,core page,0,23,4,117
shop,/shop/best-golf-pride-grips-midsize,golf pride grips midsize,Golf Equipment,Clubs & Shafts,KEEP,,core page,0,21,0,0
shop,/shop/best-golf-putter-grip-styles,golf putter grip styles,Clubs & Shafts,Clubs & Shafts,KEEP,,core page,0,58,0,0
shop,/shop/best-golf-shaft-extensions,golf shaft extensions,Clubs & Shafts,Clubs & Shafts,KEEP,,core page,0,114,0,0
shop,/shop/best-golf-shaft-for-driver,best golf shaft for driver,Clubs & Shafts,Clubs & Shafts,KEEP,,core page,0,30,0,0
shop,/shop/best-golf-shaft-kick-point,golf shaft kick point,Clubs & Shafts,Clubs & Shafts,KEEP,,core page,0,59,0,0
shop,/shop/best-golf-shafts-for-ping-drivers,golf shafts for ping drivers,Clubs & Shafts,Clubs & Shafts,KEEP,,core page,0,24,0,2
shop,/shop/best-graphite-golf-shafts,graphite golf shafts,Clubs & Shafts,Clubs & Shafts,KEEP,,core page,0,21,0,0
shop,/shop/best-hzrdus-golf-shafts,hzrdus golf shafts,Clubs & Shafts,Clubs & Shafts,KEEP,,core page,0,8,12,162
shop,/shop/best-kids-golf-putter,kids golf putter,Clubs & Shafts,Clubs & Shafts,KEEP,,core page,0,22,0,0
shop,/shop/best-lab-golf-grip,lab golf grip,Golf Equipment,Clubs & Shafts,KEEP,,core page,0,7,1,5
shop,/shop/best-lamkin-grip-golf,lamkin grip golf,Golf Equipment,Clubs & Shafts,KEEP,,core page,0,134,0,0
shop,/shop/best-leather-golf-grips,leather golf grips,Golf Equipment,Clubs & Shafts,KEEP,,core page,0,7,0,0
shop,/shop/best-left-handed-golf-drivers,left handed golf drivers,Clubs & Shafts,Clubs & Shafts,KEEP,,core page,0,20,0,0
shop,/shop/best-loft-driver-golf,loft driver golf,Clubs & Shafts,Clubs & Shafts,KEEP,,core page,0,5,0,0
shop,/shop/best-lynx-golf-irons,lynx golf irons,Clubs & Shafts,Clubs & Shafts,KEEP,,core page,0,0,1,5
shop,/shop/best-m-flex-golf-shaft,m flex golf shaft,Clubs & Shafts,Clubs & Shafts,KEEP,,core page,0,27,0,0
shop,/shop/best-offset-golf-irons,offset golf irons,Clubs & Shafts,Clubs & Shafts,KEEP,,core page,0,0,5,12
shop,/shop/best-overlap-golf-grip,overlap golf grip,Golf Equipment,Clubs & Shafts,KEEP,,core page,0,14,0,0
shop,/shop/best-players-golf-irons,best players golf irons,Clubs & Shafts,Clubs & Shafts,KEEP,,core page,0,5,0,0
shop,/shop/best-ribbed-grips-golf,ribbed grips golf,Golf Equipment,Clubs & Shafts,KEEP,,core page,0,29,0,0
shop,/shop/best-s300-golf-shaft,s300 golf shaft,Clubs & Shafts,Clubs & Shafts,KEEP,,core page,0,0,1,4
shop,/shop/best-steel-golf-shafts,steel golf shafts,Clubs & Shafts,Clubs & Shafts,KEEP,,core page,0,17,0,0
shop,/shop/best-stick-grips-golf,stick grips golf,Golf Equipment,Clubs & Shafts,KEEP,,core page,0,10,0,0
shop,/shop/best-used-golf-shafts,used golf shafts,Clubs & Shafts,Clubs & Shafts,KEEP,,core page,0,15,0,0
shop,/shop/best-used-golf-wedge,used golf wedge,Clubs & Shafts,Clubs & Shafts,KEEP,,core page,0,16,0,0
shop,/shop/best-used-mizuno-golf-irons,used mizuno golf irons,Clubs & Shafts,Clubs & Shafts,KEEP,,core page,0,0,1,4
shop,/shop/best-womens-cobra-golf-set,women's cobra golf set,Golf Equipment,Clubs & Shafts,KEEP,,core page,0,10,0,0
shop,/shop/best-xv-golf-set,xv golf set,Golf Equipment,Clubs & Shafts,KEEP,,core page,0,12,0,3
shop,/shop/best-xxio-golf-irons,xxio golf irons,Clubs & Shafts,Clubs & Shafts,KEEP,,core page,0,0,2,2
shop,/shop/callaway-big-bertha-fusion-golf-driver-review,callaway big bertha fusion golf driver,Golf Balls,Clubs & Shafts,KEEP,,core page,0,17,0,9
shop,/shop/callaway-edge-womens-golf-set-review,callaway edge women's golf set,Golf Balls,Clubs & Shafts,KEEP,,core page,0,19,14,152
shop,/shop/callaway-golf-ft-i-driver-review,callaway golf ft i driver,Golf Balls,Clubs & Shafts,KEEP,,core page,0,7,1,2
shop,/shop/callaway-golf-warbird-set-review,callaway golf warbird set,Golf Balls,Clubs & Shafts,KEEP,,core page,0,5,3,31
shop,/shop/callaway-xr-golf-irons-review,callaway xr golf irons,Golf Balls,Clubs & Shafts,KEEP,,core page,0,54,0,6
shop,/shop/cobra-golf-one-length-irons-review,cobra golf one length irons,Clubs & Shafts,Clubs & Shafts,KEEP,,core page,0,0,2,18
shop,/shop/cobra-king-ltd-golf-driver-review,cobra king ltd golf driver,Clubs & Shafts,Clubs & Shafts,KEEP,,core page,0,25,0,1
shop,/shop/golf-driver-head-size-guide,golf driver head size,Clubs & Shafts,Clubs & Shafts,KEEP,,core page,0,0,8,112
shop,/shop/golf-overlap-vs-interlocking-grip,golf overlap vs interlocking grip,Golf Equipment,Clubs & Shafts,KEEP,,core page,0,55,0,0
shop,/shop/golf-pride-tour-velvet-58-rib-grip-review,golf pride tour velvet 58 rib grip,Golf Equipment,Clubs & Shafts,KEEP,,core page,0,12,1,3
shop,/shop/golf-pride-z-grip-review,golf pride z grip,Golf Equipment,Clubs & Shafts,KEEP,,core page,0,0,1,5
shop,/shop/golf-swing-driver-vs-irons,golf swing driver vs irons,Clubs & Shafts,Clubs & Shafts,KEEP,,core page,0,116,0,1
shop,/shop/mizuno-golf-grips-review,mizuno golf grips,Golf Equipment,Clubs & Shafts,KEEP,,core page,0,0,1,2
shop,/shop/most-expensive-golf-putters,most expensive golf putters,Clubs & Shafts,Clubs & Shafts,KEEP,,core page,0,20,5,84
shop,/shop/nike-golf-drivers-review,nike golf drivers,Clubs & Shafts,Clubs & Shafts,KEEP,,core page,0,0,1,11
shop,/shop/ping-zing-golf-irons-review,ping zing golf irons,Clubs & Shafts,Clubs & Shafts,KEEP,,core page,0,30,1,14
shop,/shop/sklz-golf-grip-trainer-left-handed,sklz golf grip trainer left handed,Golf Equipment,Clubs & Shafts,KEEP,,core page,0,0,1,3
shop,/shop/standard-length-of-golf-irons,standard length of golf irons,Clubs & Shafts,Clubs & Shafts,KEEP,,core page,0,0,1,14
shop,/shop/stiff-vs-regular-golf-shaft,stiff vs regular golf shaft,Clubs & Shafts,Clubs & Shafts,KEEP,,core page,0,49,0,0
shop,/shop/wilson-profile-junior-golf-set-review,wilson profile junior golf set,Golf Equipment,Clubs & Shafts,KEEP,,core page,0,0,1,2
blog,/blog/how-do-i-hit-down-on-a-golf-ball,how do i hit down on a golf ball,How To,Golf Balls,KEEP,,core page,0,0,0,0
blog,/blog/how-do-you-get-spin-on-a-golf-ball,how do you get spin on a golf ball,Technique,Golf Balls,KEEP,,core page,0,0,0,0
blog,/blog/how-do-you-mark-your-golf-ball,how do you mark your golf ball,How To,Golf Balls,KEEP,,core page,0,0,0,4
blog,/blog/how-to-put-backspin-on-a-golf-ball,how to put backspin on a golf ball,Technique,Golf Balls,KEEP,,core page,0,0,0,2
blog,/blog/how-to-stop-pulling-the-golf-ball,how to stop pulling the golf ball,How To,Golf Balls,KEEP,,core page,0,0,0,4
shop,/shop/best-2-piece-golf-balls,2 piece golf balls,Golf Balls,Golf Balls,KEEP,,core page,0,34,0,0
shop,/shop/best-automatic-golf-ball-dispenser,automatic golf ball dispenser,Golf Balls,Golf Balls,KEEP,,core page,0,91,0,0
shop,/shop/best-calcutta-golf-balls,calcutta golf balls,Golf Balls,Golf Balls,KEEP,,core page,0,17,0,0
shop,/shop/best-color-golf-balls,color golf balls,Golf Balls,Golf Balls,KEEP,,core page,0,13,0,0
shop,/shop/best-dixon-golf-balls,dixon golf balls,Golf Balls,Golf Balls,KEEP,,core page,0,0,1,3
shop,/shop/best-golf-ball-display-rack,golf ball display rack,Golf Balls,Golf Balls,KEEP,,core page,0,25,0,0
shop,/shop/best-golf-ball-printer,golf ball printer,Golf Balls,Golf Balls,KEEP,,core page,0,160,15,252
shop,/shop/best-golf-ball-shagger,golf ball shagger,Golf Balls,Golf Balls,KEEP,,core page,0,12,0,3
shop,/shop/best-golf-ball-trays,golf ball trays,Golf Balls,Golf Balls,KEEP,,core page,0,56,0,0
shop,/shop/best-golf-ball-vintage,golf ball vintage,Golf Balls,Golf Balls,KEEP,,core page,0,14,0,3
shop,/shop/best-golf-balls-bulk,golf balls bulk,Golf Balls,Golf Balls,KEEP,,core page,0,15,0,0
shop,/shop/best-hogan-golf-balls,hogan golf balls,Golf Balls,Golf Balls,KEEP,,core page,0,10,0,1
shop,/shop/best-low-spin-golf-balls,low spin golf balls,Golf Balls,Golf Balls,KEEP,,core page,0,11,0,0
shop,/shop/best-maxfli-junior-golf-set,maxfli junior golf set,Golf Equipment,Golf Balls,KEEP,,core page,0,0,1,3
shop,/shop/best-night-eagle-golf-ball,night eagle golf ball,Golf Balls,Golf Balls,KEEP,,core page,0,0,2,1
shop,/shop/best-night-flyer-golf-balls,night flyer golf balls,Golf Balls,Golf Balls,KEEP,,core page,0,31,1,1
shop,/shop/best-old-golf-balls,old golf balls,Golf Balls,Golf Balls,KEEP,,core page,0,7,4,27
shop,/shop/best-painting-with-golf-balls,painting with golf balls,Golf Balls,Golf Balls,KEEP,,core page,0,0,3,24
shop,/shop/best-pinnacle-gold-distance-golf-balls,pinnacle gold distance golf balls,Golf Balls,Golf Balls,KEEP,,core page,0,37,2,3
shop,/shop/best-polara-golf-balls,polara golf balls,Golf Balls,Golf Balls,KEEP,,core page,0,10,0,0
shop,/shop/best-rct-golf-ball,rct golf ball,Golf Balls,Golf Balls,KEEP,,core page,0,159,0,2
shop,/shop/best-robotic-golf-ball-picker,robotic golf ball picker,Golf Balls,Golf Balls,KEEP,,core page,0,121,0,0
shop,/shop/best-soccer-golf-balls,soccer golf balls,Golf Balls,Golf Balls,KEEP,,core page,0,0,1,6
shop,/shop/best-soft-feel-golf-balls,soft feel golf balls,Golf Balls,Golf Balls,KEEP,,core page,0,5,0,0
shop,/shop/best-trackable-golf-balls,trackable golf balls,Golf Balls,Golf Balls,KEEP,,core page,0,9,0,1
shop,/shop/best-vice-tour-golf-balls,vice tour golf balls,Golf Balls,Golf Balls,KEEP,,core page,0,152,0,1
shop,/shop/bridgestone-e6-golf-balls-review,bridgestone e6 golf balls,Golf Balls,Golf Balls,KEEP,,core page,0,64,2,2
shop,/shop/bridgestone-extra-soft-golf-balls-review,bridgestone extra soft golf balls,Golf Balls,Golf Balls,KEEP,,core page,0,0,2,13
shop,/shop/callaway-custom-golf-balls-review,callaway custom golf balls,Golf Balls,Golf Balls,KEEP,,core page,0,26,0,0
shop,/shop/callaway-golf-balls-hx-hot-review,callaway golf balls hx hot,Golf Balls,Golf Balls,KEEP,,core page,0,0,3,15
shop,/shop/callaway-hex-tour-golf-ball-review,callaway hex tour golf ball,Golf Balls,Golf Balls,KEEP,,core page,0,0,29,359
shop,/shop/golf-ball-picker-cart,golf ball picker cart,Golf Balls,Golf Balls,KEEP,,core page,0,41,0,0
shop,/shop/mens-vs-womens-golf-balls,mens vs womens golf balls,Golf Balls,Golf Balls,KEEP,,core page,0,0,3,15
shop,/shop/nike-one-black-golf-balls-review,nike one black golf balls,Golf Balls,Golf Balls,KEEP,,protected: has clicks,0,0,1,8
shop,/shop/titleist-numbers-on-golf-balls-1-2-3-4,titleist numbers on golf balls 1 2 3 4,Golf Balls,Golf Balls,KEEP,,core page,0,0,2,15
shop,/shop/titleist-nxt-golf-balls-review,titleist nxt golf balls,Golf Balls,Golf Balls,KEEP,,core page,0,83,6,28
shop,/shop/who-makes-kirkland-signature-golf-balls,who makes kirkland signature golf balls,Golf Balls,Golf Balls,KEEP,,core page,0,0,1,14
shop,/shop/wilson-tour-velocity-golf-balls-review,wilson tour velocity golf balls,Golf Balls,Golf Balls,KEEP,,core page,0,8,3,10
shop,/shop/wilson-ultra-500-golf-balls-review,wilson ultra 500 golf balls,Golf Balls,Golf Balls,KEEP,,core page,0,0,1,5
blog,/blog/clean-golf-cart-guide,clean golf cart,Golf Cart,Golf Carts,KEEP,,core page,0,0,0,6
blog,/blog/convert-golf-cart-to-lithium-battery,how to convert golf cart to lithium battery,Golf Cart,Golf Carts,KEEP,,core page,0,0,0,0
blog,/blog/ezgo-golf-cart-battery-charger-repair,ezgo golf cart battery charger repair,Golf Cart,Golf Carts,KEEP,,core page,0,0,1,2
blog,/blog/golf-cart-mobile-repair,golf cart mobile repair,Golf Cart,Golf Carts,KEEP,,core page,0,0,0,0
blog,/blog/golf-cart-tire-repair-guide,golf cart tire repair,Golf Cart,Golf Carts,KEEP,,core page,0,0,0,7
blog,/blog/golf-carts-repair-guide,golf carts repair,Golf Cart,Golf Carts,KEEP,,core page,0,0,0,0
blog,/blog/how-do-you-charge-a-golf-cart,how do you charge a golf cart,Golf Cart,Golf Carts,KEEP,,core page,0,0,0,1
blog,/blog/how-to-charge-a-dead-golf-cart-battery,how to charge a dead golf cart battery,Golf Cart,Golf Carts,KEEP,,core page,0,0,0,0
blog,/blog/how-to-make-a-golf-cart-fast,how to make a golf cart fast,Golf Cart,Golf Carts,KEEP,,core page,0,0,0,0
blog,/blog/how-to-recondition-golf-cart-batteries,how to recondition golf cart batteries,Golf Cart,Golf Carts,KEEP,,core page,0,0,0,0
blog,/blog/how-to-register-a-golf-cart,how to register a golf cart,Golf Cart,Golf Carts,KEEP,,core page,0,38,0,0
blog,/blog/how-to-remove-a-golf-cart-governor,how to remove a golf cart governor,Golf Cart,Golf Carts,KEEP,,core page,0,0,2,10
blog,/blog/how-to-start-golf-cart,how to start golf cart,Golf Cart,Golf Carts,KEEP,,core page,0,0,0,74
blog,/blog/how-to-take-off-a-governor-on-a-golf-cart,how to take off a governor on a golf cart,Golf Cart,Golf Carts,KEEP,,core page,0,0,0,0
blog,/blog/how-to-tell-what-year-a-ezgo-golf-cart-is,how to tell what year a ezgo golf cart is,Golf Cart,Golf Carts,KEEP,,core page,0,0,0,0
blog,/blog/how-to-test-golf-cart-solenoid,how to test golf cart solenoid,Golf Cart,Golf Carts,KEEP,,core page,0,0,0,0
blog,/blog/how-to-wire-golf-cart-batteries,how to wire golf cart batteries,Golf Cart,Golf Carts,KEEP,,core page,0,0,0,1
blog,/blog/yamaha-golf-cart-charger-repair,yamaha golf cart charger repair,Golf Cart,Golf Carts,KEEP,,core page,0,0,2,15
shop,/shop/2022-ezgo-golf-cart-guide,2022 ezgo golf cart,Golf Carts,Golf Carts,KEEP,,core page,0,0,8,20
shop,/shop/amf-harley-golf-cart-guide,amf harley golf cart,Golf Carts,Golf Carts,KEEP,,core page,0,53,3,11
shop,/shop/best-2-cycle-golf-cart-engine,2 cycle golf cart engine,Golf Carts,Golf Carts,KEEP,,protected: has clicks,0,8,1,2
shop,/shop/best-2-stroke-yamaha-golf-cart,2 stroke yamaha golf cart,Golf Carts,Golf Carts,KEEP,,protected: has clicks,0,0,1,1
shop,/shop/best-205-50x10-golf-cart-tires-buyers-guide,205/50x10 golf cart tires,Golf Carts,Golf Carts,KEEP,,core page,0,222,0,0
shop,/shop/best-4-seat-forward-facing-golf-carts,4 seat forward facing golf carts,Golf Carts,Golf Carts,KEEP,,core page,0,35,26,153
shop,/shop/best-block-island-golf-cart-rentals,block island golf cart rentals,Golf Carts,Golf Carts,KEEP,,protected: traffic (>=5 clicks),0,7,9,97
shop,/shop/best-bmw-golf-cart,bmw golf cart,Golf Carts,Golf Carts,KEEP,,core page,0,0,9,22
shop,/shop/best-budget-golf-carts-under-2000,golf carts under $2 000,Golf Carts,Golf Carts,KEEP,,core page,0,0,3,8
shop,/shop/best-coco-coupe-golf-cart,coco coupe golf cart,Golf Carts,Golf Carts,KEEP,,core page,0,118,4,75
shop,/shop/best-dach-golf-carts,dach golf carts,Golf Carts,Golf Carts,KEEP,,protected: has clicks,0,25,1,2
shop,/shop/best-door-works-golf-cart-enclosures,door works golf cart,Golf Carts,Golf Carts,KEEP,,protected: has clicks,1,46,0,0
shop,/shop/best-electric-golf-cart-speed-limiter,electric golf cart speed limiter,Golf Carts,Golf Carts,KEEP,,core page,0,6,1,4
shop,/shop/best-floor-mats-forvenom-golf-cart,floor mats forvenom golf cart,Golf Carts,Golf Carts,KEEP,,core page,0,25,1,2
shop,/shop/best-gas-golf-cart-batteries,gas golf cart batteries,Golf Carts,Golf Carts,KEEP,,protected: has clicks,0,0,1,1
shop,/shop/best-golf-buggy-charger,golf buggy charger,Golf Carts,Golf Carts,KEEP,,protected: has clicks,0,0,1,1
shop,/shop/best-golf-buggy-width,golf buggy width,Golf Carts,Golf Carts,KEEP,,protected: has clicks,0,0,1,14
shop,/shop/best-golf-cart-battery-charger,golf cart battery charger,Golf Carts,Golf Carts,KEEP,,core page,0,193,0,0
shop,/shop/best-golf-cart-camper,golf cart camper,Golf Carts,Golf Carts,KEEP,,protected: has clicks,0,0,1,1
shop,/shop/best-golf-cart-colors,golf cart colors,Golf Carts,Golf Carts,KEEP,,protected: has clicks,0,0,2,2
shop,/shop/best-golf-cart-engine-conversion-kit,golf cart engine conversion kit,Golf Carts,Golf Carts,KEEP,,core page,0,279,1,1
shop,/shop/best-golf-cart-engine-swap,golf cart engine swap,Golf Carts,Golf Carts,KEEP,,protected: has clicks,1,1,0,0
shop,/shop/best-golf-cart-hummer,golf cart hummer,Golf Carts,Golf Carts,KEEP,,protected: has clicks,0,0,1,1
shop,/shop/best-golf-cart-lithium-battery-charger,golf cart lithium battery charger,Golf Carts,Golf Carts,KEEP,,core page,1,67,0,0
shop,/shop/best-golf-cart-lug-pattern-guide,golf cart lug pattern,Golf Carts,Golf Carts,KEEP,,protected: has clicks,0,0,1,20
shop,/shop/best-golf-cart-pickup-truck,golf cart pickup truck,Golf Carts,Golf Carts,KEEP,,protected: has clicks,0,0,1,3
shop,/shop/best-golf-cart-radio-and-speakers,golf cart radio and speakers,Golf Carts,Golf Carts,KEEP,,core page,1,40,0,0
shop,/shop/best-golf-cart-wheel-size,golf cart wheel size,Golf Carts,Golf Carts,KEEP,,protected: has clicks,0,0,1,1
shop,/shop/best-golf-cart-windshields,golf cart windshields,Golf Carts,Golf Carts,KEEP,,core page,0,0,1,2
shop,/shop/best-golf-carts-china-guide,golf carts china,Golf Carts,Golf Carts,KEEP,,core page,0,0,3,64
shop,/shop/best-harley-3-wheel-golf-cart,harley 3 wheel golf cart,Golf Carts,Golf Carts,KEEP,,core page,0,0,2,4
shop,/shop/best-harley-davidson-golf-cart-parts,harley davidson golf cart parts,Golf Carts,Golf Carts,KEEP,,core page,0,0,3,2
shop,/shop/best-jeep-body-for-golf-cart,jeep body for golf cart,Golf Equipment,Golf Carts,KEEP,,protected: has clicks,0,0,1,1
shop,/shop/best-lithium-golf-cart,best lithium golf cart,Golf Carts,Golf Carts,KEEP,,core page,0,23,0,0
shop,/shop/best-low-speed-vehicle-golf-cart,low speed vehicle golf cart,Golf Carts,Golf Carts,KEEP,,protected: has clicks,0,0,1,1
shop,/shop/best-modz-golf-cart-wheels,modz golf cart wheels,Golf Carts,Golf Carts,KEEP,,protected: has clicks,0,0,1,1
shop,/shop/best-one-person-golf-cart,one person golf cart,Golf Carts,Golf Carts,KEEP,,core page,0,0,14,77
shop,/shop/best-pimped-out-golf-cart,pimped out golf cart,Golf Carts,Golf Carts,KEEP,,core page,0,0,3,27
shop,/shop/best-rover-golf-cart,rover golf cart,Golf Carts,Golf Carts,KEEP,,core page,0,6,2,13
shop,/shop/best-ruff-and-tuff-golf-cart,ruff and tuff golf cart,Golf Carts,Golf Carts,KEEP,,protected: has clicks,0,0,1,10
shop,/shop/best-rv-golf-cart-carrier,rv golf cart carrier,Golf Carts,Golf Carts,KEEP,,protected: has clicks,0,0,1,7
shop,/shop/best-steeleng-golf-cart-accessories,steeleng golf cart accessories,Golf Carts,Golf Carts,KEEP,,core page,0,57,0,0
shop,/shop/best-whisper-golf-carts,whisper golf carts,Golf Carts,Golf Carts,KEEP,,core page,0,66,1,3
shop,/shop/best-wholesale-golf-carts,wholesale golf carts,Golf Carts,Golf Carts,KEEP,,core page,1,64,0,0
shop,/shop/caddytek-lite-auto-360-3-wheel-golf-cart-review,caddytek lite auto 360 3 wheel golf cart,Golf Carts,Golf Carts,KEEP,,core page,0,20,2,2
shop,/shop/ccc-golf-carts,ccc golf carts,Golf Carts,Golf Carts,KEEP,,core page,0,10,2,1
shop,/shop/electric-golf-cart-with-bed,electric golf cart with bed,Golf Carts,Golf Carts,KEEP,,core page,0,0,3,4
shop,/shop/electric-to-gas-golf-cart-conversion-kit-guide,electric to gas golf cart conversion kit,Golf Carts,Golf Carts,KEEP,,core page,0,49,42,206
shop,/shop/ezgo-golf-cart-fuel-pump-diagram-guide,ezgo golf cart fuel pump diagram,Golf Carts,Golf Carts,KEEP,,core page,0,19,11,46
shop,/shop/ezgo-golf-cart-gas-engines-review,ezgo golf cart gas engines,Golf Carts,Golf Carts,KEEP,,core page,0,83,3,6
shop,/shop/fastest-golf-cart,fastest golf cart,Golf Carts,Golf Carts,KEEP,,core page,0,34,8,74
shop,/shop/golf-cart-battery-dimensions,golf cart battery dimensions,Golf Carts,Golf Carts,KEEP,,protected: has clicks,0,0,1,2
shop,/shop/golf-cart-body-kits-bronco,golf cart body kits bronco,Golf Carts,Golf Carts,KEEP,,core page,0,12,20,74
shop,/shop/golf-cart-parking-space-dimensions,golf cart parking space dimensions,Golf Carts,Golf Carts,KEEP,,core page,0,0,1,10
shop,/shop/golf-cart-truck-body-kits,golf cart truck body kits,Golf Carts,Golf Carts,KEEP,,core page,0,78,8,15
shop,/shop/how-much-does-a-golf-cart-weigh,how much does a golf cart weigh,Golf Carts,Golf Carts,KEEP,,protected: has clicks,0,0,1,3
shop,/shop/interstate-golf-cart-batteries-guide,interstate golf cart batteries,Golf Carts,Golf Carts,KEEP,,core page,0,5,2,20
shop,/shop/jeep-golf-carts,jeep golf carts,Golf Carts,Golf Carts,KEEP,,core page,0,14,3,15
shop,/shop/used-ezgo-golf-cart-value,used ezgo golf cart value,Golf Carts,Golf Carts,KEEP,,protected: has clicks,0,0,1,3
shop,/shop/yamaha-electric-golf-cart-review,yamaha electric golf cart,Golf Carts,Golf Carts,KEEP,,core page,0,61,2,6
shop,/shop/yamaha-fuel-injected-golf-cart-review,yamaha fuel injected golf cart,Golf Carts,Golf Carts,KEEP,,core page,0,0,6,11
shop,/shop/yamaha-g2-golf-cart-review,yamaha g2 golf cart,Golf Carts,Golf Carts,KEEP,,core page,0,7,4,20
shop,/shop/yamaha-golf-cart-governor-adjustment,yamaha golf cart governor adjustment,Golf Carts,Golf Carts,KEEP,,core page,0,0,9,126
shop,/shop/best-10x10x10-golf-net,10x10x10 golf net,Golf Equipment,Indoor & Practice,KEEP,,core page,0,0,0,0
shop,/shop/best-alignment-sticks-for-golf-swing,alignment sticks for golf swing,Golf Equipment,Indoor & Practice,KEEP,,core page,0,0,0,0
shop,/shop/best-artificial-turf-golf-putting-green,artificial turf golf putting green,Golf Equipment,Indoor & Practice,KEEP,,core page,0,12,0,0
shop,/shop/best-backyard-golf-practice-net,backyard golf practice net,Golf Equipment,Indoor & Practice,KEEP,,core page,0,0,0,0
shop,/shop/best-budget-friendly-golf-launch-monitor,budget friendly golf launch monitor,Golf Equipment,Indoor & Practice,KEEP,,core page,0,6,0,0
shop,/shop/best-budget-golf-launch-monitor,golf launch monitor cheap,Golf Equipment,Indoor & Practice,KEEP,,core page,0,0,0,0
shop,/shop/best-budget-golf-launch-monitor-under-500,golf launch monitor under $500,Golf Equipment,Indoor & Practice,KEEP,,core page,0,0,0,0
shop,/shop/best-cage-golf-practice,cage golf practice,Golf Equipment,Indoor & Practice,KEEP,,core page,0,0,0,0
shop,/shop/best-chipping-nets-for-golf,chipping nets for golf,Golf Equipment,Indoor & Practice,KEEP,,core page,0,0,0,0
shop,/shop/best-dewiz-golf-swing-analyzer,dewiz golf swing analyzer,Golf Equipment,Indoor & Practice,KEEP,,core page,0,0,0,2
shop,/shop/best-fiberbuilt-golf-mats,fiberbuilt golf mats,Golf Equipment,Indoor & Practice,KEEP,,core page,0,0,0,0
shop,/shop/best-foresight-golf-launch-monitor,foresight golf launch monitor,Golf Equipment,Indoor & Practice,KEEP,,core page,0,0,0,0
shop,/shop/best-golf-alignment-stick-covers,golf alignment stick covers,Accessories,Indoor & Practice,KEEP,,core page,0,0,0,0
shop,/shop/best-golf-artificial-turf,golf artificial turf,Golf Equipment,Indoor & Practice,KEEP,,core page,0,0,0,0
shop,/shop/best-golf-enclosure,golf enclosure,Golf Equipment,Indoor & Practice,KEEP,,core page,0,0,1,2
shop,/shop/best-golf-hitting-cage,golf hitting cage,Golf Equipment,Indoor & Practice,KEEP,,core page,0,0,0,0
shop,/shop/best-golf-hitting-mat,golf hitting mat,Golf Equipment,Indoor & Practice,KEEP,,core page,0,0,0,0
shop,/shop/best-golf-impact-screen,golf impact screen,Golf Equipment,Indoor & Practice,KEEP,,core page,0,36,0,0
shop,/shop/best-golf-impact-tape,golf impact tape,Golf Equipment,Indoor & Practice,KEEP,,core page,0,0,0,0
shop,/shop/best-golf-mat-and-net,golf mat and net,Golf Equipment,Indoor & Practice,KEEP,,core page,0,0,0,0
shop,/shop/best-golf-mat-for-chipping,best golf mat for chipping,Golf Equipment,Indoor & Practice,KEEP,,core page,0,0,0,0
shop,/shop/best-golf-match-play-scoring,golf match play scoring,Golf Equipment,Indoor & Practice,KEEP,,core page,0,0,0,0
shop,/shop/best-golf-mats-for-home-buying-guide,golf mats for home,Golf Equipment,Indoor & Practice,KEEP,,core page,0,0,0,0
shop,/shop/best-golf-net-return,golf net return,Golf Equipment,Indoor & Practice,KEEP,,core page,0,0,0,0
shop,/shop/best-golf-nets-and-cages,golf nets and cages,Golf Equipment,Indoor & Practice,KEEP,,core page,0,0,0,0
shop,/shop/best-golf-nets-for-backyard,golf nets for backyard,Golf Equipment,Indoor & Practice,KEEP,,core page,0,0,0,0
shop,/shop/best-golf-netting-guide,golf netting,Golf Equipment,Indoor & Practice,KEEP,,core page,0,18,0,0
shop,/shop/best-golf-practice-plan,golf practice plan,Golf Equipment,Indoor & Practice,KEEP,,core page,0,0,0,0
shop,/shop/best-golf-practice-turf,golf practice turf,Golf Equipment,Indoor & Practice,KEEP,,core page,0,0,0,0
shop,/shop/best-golf-putting-cup,golf putting cup,Golf Equipment,Indoor & Practice,KEEP,,core page,0,0,0,0
shop,/shop/best-golf-putting-greens,golf putting greens,Golf Equipment,Indoor & Practice,KEEP,,core page,0,0,0,0
shop,/shop/best-golf-putting-indoors,golf putting indoors,Golf Equipment,Indoor & Practice,KEEP,,core page,0,0,0,0
shop,/shop/best-golf-screen-and-projector,golf screen and projector,Golf Equipment,Indoor & Practice,KEEP,,core page,0,48,0,0
shop,/shop/best-golf-screen-guide,golf screen,Golf Equipment,Indoor & Practice,KEEP,,core page,0,7,0,0
shop,/shop/best-golf-sim-buying-guide,best golf sim,Golf Equipment,Indoor & Practice,KEEP,,core page,0,0,0,0
shop,/shop/best-golf-sim-launch-monitor,golf sim launch monitor,Golf Equipment,Indoor & Practice,KEEP,,core page,0,0,0,0
shop,/shop/best-golf-sim-mat,golf sim mat,Golf Equipment,Indoor & Practice,KEEP,,core page,0,0,0,0
shop,/shop/best-golf-sim-projector,best golf sim projector,Golf Equipment,Indoor & Practice,KEEP,,core page,0,0,0,0
shop,/shop/best-golf-sim-shed,golf sim shed,Golf Equipment,Indoor & Practice,KEEP,,core page,0,59,0,0
shop,/shop/best-golf-sim-software,golf sim software,Golf Equipment,Indoor & Practice,KEEP,,core page,0,0,0,0
shop,/shop/best-golf-swing-plane-trainer,golf swing plane trainer,Golf Equipment,Indoor & Practice,KEEP,,core page,0,0,0,0
shop,/shop/best-golf-swing-speed-tracker,golf swing speed tracker,Golf Equipment,Indoor & Practice,KEEP,,core page,0,0,0,0
shop,/shop/best-golf-wrist-training-aids,golf wrist training aids,Golf Equipment,Indoor & Practice,KEEP,,core page,0,0,0,1
shop,/shop/best-hitting-golf-net,hitting golf net,Golf Equipment,Indoor & Practice,KEEP,,core page,0,0,0,0
shop,/shop/best-indoor-golf-mat,indoor golf mat,Golf Equipment,Indoor & Practice,KEEP,,core page,0,11,0,0
shop,/shop/best-indoor-golf-nets,best indoor golf nets,Golf Equipment,Indoor & Practice,KEEP,,core page,0,0,0,0
shop,/shop/best-inflatable-golf-net,inflatable golf net,Golf Equipment,Indoor & Practice,KEEP,,core page,0,0,0,0
shop,/shop/best-launch-monitors-for-golf,best launch monitors for golf,Golf Equipment,Indoor & Practice,KEEP,,core page,0,0,0,0
shop,/shop/best-netting-for-golf-balls,netting for golf balls,Golf Equipment,Indoor & Practice,KEEP,,core page,0,0,0,0
shop,/shop/best-outdoor-golf-mat,outdoor golf mat,Golf Equipment,Indoor & Practice,KEEP,,core page,0,0,0,0
shop,/shop/best-outside-in-golf-swing-training-aids,outside in golf swing,Golf Equipment,Indoor & Practice,KEEP,,core page,0,0,0,0
shop,/shop/best-primeputt-golf-putting-mat,primeputt golf putting mat,Golf Equipment,Indoor & Practice,KEEP,,core page,0,9,0,0
shop,/shop/best-synthetic-grass-golf-mat,synthetic grass golf mat,Golf Equipment,Indoor & Practice,KEEP,,core page,0,0,0,0
shop,/shop/best-the-connector-golf-training-aid,the connector golf training aid,Golf Equipment,Indoor & Practice,KEEP,,core page,0,0,0,0
shop,/shop/best-truestrike-golf-mat,truestrike golf mat,Golf Equipment,Indoor & Practice,KEEP,,core page,0,0,0,0
shop,/shop/best-weighted-golf-swing-trainer,weighted golf swing trainer,Golf Equipment,Indoor & Practice,KEEP,,core page,0,0,0,0
shop,/shop/callaway-golf-net-review,callaway golf net,Golf Balls,Indoor & Practice,KEEP,,core page,0,0,0,0
shop,/shop/golf-practice-bag-guide,golf practice bag,Golf Equipment,Indoor & Practice,KEEP,,core page,0,0,0,0
shop,/shop/golf-practice-in-house,golf practice in house,Golf Equipment,Indoor & Practice,KEEP,,core page,0,0,0,0
shop,/shop/professional-golf-practice-nets,professional golf practice nets,Golf Equipment,Indoor & Practice,KEEP,,core page,0,11,0,0
blog,/blog/how-do-golf-rangefinders-work,how do golf rangefinders work,How To,Rangefinders & GPS,KEEP,,core page,0,0,0,12
shop,/shop/best-golf-buddy-gps,golf buddy gps,Accessories,Rangefinders & GPS,KEEP,,core page,0,0,0,0
shop,/shop/best-golf-buddy-voice-2,golf buddy voice 2,Golf Equipment,Rangefinders & GPS,KEEP,,core page,0,0,0,0
shop,/shop/best-golf-buddy-watch,golf buddy watch,Golf Equipment,Rangefinders & GPS,KEEP,,core page,0,0,0,0
shop,/shop/best-golf-digital-laser-rangefinder,golf digital laser rangefinder,Accessories,Rangefinders & GPS,KEEP,,core page,0,0,0,0
shop,/shop/best-golf-gps-apps-guide,best golf gps apps,Accessories,Rangefinders & GPS,KEEP,,core page,0,0,0,0
shop,/shop/best-golf-range-finder-battery,golf range finder battery,Power & Batteries,Rangefinders & GPS,KEEP,,core page,0,20,0,0
shop,/shop/best-golf-rangefinder-case,golf rangefinder case,Accessories,Rangefinders & GPS,KEEP,,core page,0,9,0,0
shop,/shop/best-golf-rangefinder-speaker,golf rangefinder speaker,Accessories,Rangefinders & GPS,KEEP,,core page,0,0,0,0
shop,/shop/best-golf-rangefinder-under-200-budget-buying-guide,best golf rangefinder under $200,Accessories,Rangefinders & GPS,KEEP,,core page,0,0,0,0
shop,/shop/best-golf-speaker-gps,golf speaker gps,Accessories,Rangefinders & GPS,KEEP,,core page,0,0,0,0
shop,/shop/best-izzo-swami-golf-gps-watch,izzo swami golf gps watch,Accessories,Rangefinders & GPS,KEEP,,core page,0,13,1,2
shop,/shop/best-leupold-golf-rangefinder,leupold golf rangefinder,Accessories,Rangefinders & GPS,KEEP,,core page,0,0,0,0
shop,/shop/best-nikon-golf-gps,nikon golf gps,Accessories,Rangefinders & GPS,KEEP,,core page,0,0,0,0
shop,/shop/best-swami-izzo-golf-gps,swami izzo golf,Golf Equipment,Rangefinders & GPS,KEEP,,core page,0,0,0,0
shop,/shop/best-used-golf-rangefinder,best used golf rangefinder,Accessories,Rangefinders & GPS,KEEP,,core page,0,5,0,0
shop,/shop/bushnell-golf-watches-review,bushnell golf watches,Golf Equipment,Rangefinders & GPS,KEEP,,core page,0,7,0,0
shop,/shop/bushnell-ion-elite-golf-gps-watch-review,bushnell ion elite golf gps watch,Accessories,Rangefinders & GPS,KEEP,,core page,0,0,0,0
shop,/shop/bushnell-tour-v6-shift-golf-rangefinder-review,bushnell tour v6 shift golf rangefinder,Accessories,Rangefinders & GPS,KEEP,,core page,0,0,0,0
shop,/shop/bushnell-wingman-2-golf-gps-speaker-review,bushnell wingman 2 golf gps speaker,Accessories,Rangefinders & GPS,KEEP,,core page,0,0,0,0
shop,/shop/can-you-use-a-hunting-rangefinder-for-golf,can you use a hunting rangefinder for golf,Accessories,Rangefinders & GPS,KEEP,,core page,0,0,0,0
blog,/blog/golf-ball-mark-repair-tool-guide,golf ball mark repair tool,Maintenance,Accessories,MERGE,/blog/how-do-you-mark-your-golf-ball,near-duplicate of kept page (J=0.60),0,0,0,0
shop,/shop/best-cool-ball-markers-golf,cool ball markers golf,Accessories,Accessories,MERGE,/shop/best-golf-ball-marker,near-duplicate of kept page (J=0.75),0,0,0,0
shop,/shop/best-custom-golf-marker-hat-clip,custom golf marker hat clip,Apparel,Accessories,MERGE,/shop/best-golf-hat-ball-marker-clips,near-duplicate of kept page (J=0.67),0,0,0,0
shop,/shop/best-discount-golf-umbrellas,discount golf umbrellas,Apparel,Accessories,MERGE,/shop/best-golf-umbrella,near-duplicate of kept page (J=0.67),0,0,0,0
shop,/shop/best-engraved-golf-ball-marker,engraved golf ball marker,Golf Balls,Accessories,MERGE,/shop/best-golf-ball-marker,near-duplicate of kept page (J=0.75),0,0,0,0
shop,/shop/best-golf-ball-line-marker,golf ball line marker,Golf Balls,Accessories,MERGE,/shop/best-golf-ball-marker,near-duplicate of kept page (J=0.75),0,0,0,0
shop,/shop/best-golf-ball-marker-clip-magnet,golf ball marker clip magnet,Golf Balls,Accessories,MERGE,/shop/best-golf-hat-ball-marker-clips,near-duplicate of kept page (J=0.67),0,0,0,0
shop,/shop/best-golf-glove-with-ball-marker,golf glove with ball marker,Apparel,Accessories,MERGE,/shop/best-golf-ball-marker,near-duplicate of kept page (J=0.75),0,0,0,0
shop,/shop/best-golf-gloves-with-magnetic-ball-marker,golf gloves with magnetic ball marker,Apparel,Accessories,MERGE,/shop/best-golf-ball-marker,near-duplicate of kept page (J=0.60),0,0,0,0
shop,/shop/best-golf-head-cover-tiger,golf head cover tiger,Accessories,Accessories,MERGE,/shop/best-hybrid-golf-head-covers,near-duplicate of kept page (J=0.60),0,0,0,0
shop,/shop/best-golf-head-covers-for-ladies,golf head covers for ladies,Accessories,Accessories,MERGE,/shop/best-hybrid-golf-head-covers,near-duplicate of kept page (J=0.60),0,0,0,0
shop,/shop/best-golf-marker-hat,golf marker hat,Apparel,Accessories,MERGE,/shop/best-golf-hat-ball-marker-clips,near-duplicate of kept page (J=0.60),0,0,0,0
shop,/shop/best-golf-sun-umbrella,golf sun umbrella,Apparel,Accessories,MERGE,/shop/best-golf-umbrella,near-duplicate of kept page (J=0.67),0,0,0,0
shop,/shop/best-golf-towels,best golf towels,Accessories,Accessories,MERGE,/shop/best-golf-towel-womens,near-duplicate of kept page (J=0.67),0,0,0,0
shop,/shop/best-golf-umbrella-windproof,golf umbrella windproof,Apparel,Accessories,MERGE,/shop/best-golf-umbrella,near-duplicate of kept page (J=0.67),0,0,0,0
shop,/shop/best-ladies-golf-glove-with-ball-marker,ladies golf glove with ball marker,Apparel,Accessories,MERGE,/shop/best-golf-ball-marker,near-duplicate of kept page (J=0.60),0,0,0,0
shop,/shop/best-men-women-golf-ball-marker,men women golf ball marker,Golf Balls,Accessories,MERGE,/shop/best-golf-ball-marker,near-duplicate of kept page (J=0.60),0,0,0,0
shop,/shop/best-personalized-ball-markers-golf,personalized ball markers golf,Accessories,Accessories,MERGE,/shop/best-golf-ball-marker,near-duplicate of kept page (J=0.75),0,10,0,0
shop,/shop/best-sport-golf-umbrella,sport golf umbrella,Apparel,Accessories,MERGE,/shop/best-golf-umbrella,near-duplicate of kept page (J=0.67),0,0,0,0
shop,/shop/golf-ball-marker-tool,golf ball marker tool,Golf Balls,Accessories,MERGE,/shop/best-golf-ball-marker,near-duplicate of kept page (J=0.75),0,21,0,0
shop,/shop/golf-iron-head-covers,golf iron head covers,Clubs & Shafts,Accessories,MERGE,/shop/best-hybrid-golf-head-covers,near-duplicate of kept page (J=0.60),0,0,0,0
shop,/shop/golf-umbrella-bag,golf umbrella bag,Apparel,Accessories,MERGE,/shop/best-golf-umbrella,near-duplicate of kept page (J=0.67),0,0,0,0
shop,/shop/titleist-golf-head-covers-review,titleist golf head covers,Golf Balls,Accessories,MERGE,/shop/best-hybrid-golf-head-covers,near-duplicate of kept page (J=0.60),0,0,0,0
shop,/shop/best-black-golf-shirts-for-women,black golf shirts for women,Apparel,Apparel & Shoes,MERGE,/shop/best-ladies-sleeveless-golf-shirts,near-duplicate of kept page (J=0.60),0,7,0,0
shop,/shop/best-black-golf-shoes-men,black golf shoes men,Apparel,Apparel & Shoes,MERGE,/shop/best-womens-black-golf-shoes,near-duplicate of kept page (J=0.60),0,0,0,0
shop,/shop/best-budget-golf-pants-men,cheap golf pants men,Golf Equipment,Apparel & Shoes,MERGE,/shop/best-mens-golf-jogger-pants,near-duplicate of kept page (J=0.60),0,0,0,0
shop,/shop/best-cool-golf-belt,cool golf belt,Golf Equipment,Apparel & Shoes,MERGE,/shop/best-golf-belts,near-duplicate of kept page (J=0.67),0,6,0,0
shop,/shop/best-discount-womens-golf-shoes,discount womens golf shoes,Apparel,Apparel & Shoes,MERGE,/shop/best-puma-golf-shoes-for-ladies,near-duplicate of kept page (J=0.60),0,0,0,0
shop,/shop/best-ecco-ladies-golf-shoes,ecco ladies golf shoes,Apparel,Apparel & Shoes,MERGE,/shop/best-puma-golf-shoes-for-ladies,near-duplicate of kept page (J=0.60),0,0,0,0
shop,/shop/best-feetures-golf-socks,feetures golf socks,Golf Equipment,Apparel & Shoes,MERGE,/shop/best-golf-socks-buying-guide,near-duplicate of kept page (J=0.67),0,0,0,0
shop,/shop/best-ghost-golf-belt,ghost golf belt,Golf Equipment,Apparel & Shoes,MERGE,/shop/best-golf-belts,near-duplicate of kept page (J=0.67),0,0,0,0
shop,/shop/best-golf-bucket-hats-for-men,golf bucket hats for men,Apparel,Apparel & Shoes,MERGE,/shop/best-white-golf-hats-for-men,near-duplicate of kept page (J=0.60),0,5,0,0
shop,/shop/best-golf-glove-for-sweaty-hands,best golf glove for sweaty hands,Apparel,Apparel & Shoes,MERGE,/shop/which-hand-do-you-wear-a-golf-glove,near-duplicate of kept page (J=0.60),0,0,0,0
shop,/shop/best-golf-hats-for-men-buying-guide-by-use-case,best golf hats for men,Apparel,Apparel & Shoes,MERGE,/shop/best-white-golf-hats-for-men,near-duplicate of kept page (J=0.75),0,0,0,0
shop,/shop/best-golf-quarter-zip,golf quarter zip,Golf Equipment,Apparel & Shoes,MERGE,/shop/best-mens-golf-quarter-zip,near-duplicate of kept page (J=0.75),0,0,0,0
shop,/shop/best-golf-quarter-zip-pullover,golf quarter zip pullover,Golf Equipment,Apparel & Shoes,MERGE,/shop/best-mens-golf-quarter-zip,near-duplicate of kept page (J=0.60),0,0,0,0
shop,/shop/best-golf-shirt-womens-sleeveless,golf shirt womens sleeveless,Apparel,Apparel & Shoes,MERGE,/shop/best-ladies-sleeveless-golf-shirts,duplicate keyword (plural/variant),0,0,0,0
shop,/shop/best-golf-shoes-for-men,best golf shoes for men,Apparel,Apparel & Shoes,MERGE,/shop/best-mens-spikeless-golf-shoes,near-duplicate of kept page (J=0.75),0,0,0,0
shop,/shop/best-golf-skort,golf skort,Golf Equipment,Apparel & Shoes,MERGE,/shop/best-calia-golf-skorts,near-duplicate of kept page (J=0.67),0,0,0,0
shop,/shop/best-golf-sleeveless-polo-shirts-womens,golf sleeveless polo shirts womens,Apparel,Apparel & Shoes,MERGE,/shop/best-ladies-sleeveless-golf-shirts,near-duplicate of kept page (J=0.80),0,10,0,0
shop,/shop/best-golf-vest,golf vest,Golf Equipment,Apparel & Shoes,MERGE,/shop/best-mens-golf-vests,duplicate keyword (plural/variant),0,0,0,0
shop,/shop/best-golf-vests,golf vests,Golf Equipment,Apparel & Shoes,MERGE,/shop/best-mens-golf-vests,near-duplicate of kept page (J=0.67),0,22,0,0
shop,/shop/best-gray-golf-belt,gray golf belt,Golf Equipment,Apparel & Shoes,MERGE,/shop/best-golf-belts,near-duplicate of kept page (J=0.67),0,24,0,0
shop,/shop/best-green-golf-shirt-womens,green golf shirt womens,Apparel,Apparel & Shoes,MERGE,/shop/best-ladies-sleeveless-golf-shirts,near-duplicate of kept page (J=0.60),0,8,0,0
shop,/shop/best-green-mens-golf-shoes,green mens golf shoes,Apparel,Apparel & Shoes,MERGE,/shop/best-mens-spikeless-golf-shoes,near-duplicate of kept page (J=0.60),0,0,0,0
shop,/shop/best-ladies-golf-jackets,ladies golf jackets,Apparel,Apparel & Shoes,MERGE,/shop/best-womens-golf-jacket,duplicate keyword (plural/variant),0,9,0,0
shop,/shop/best-ladies-golf-shoe-bag,ladies golf shoe bag,Apparel,Apparel & Shoes,MERGE,/shop/best-puma-golf-shoes-for-ladies,near-duplicate of kept page (J=0.60),0,0,0,0
shop,/shop/best-ladies-golf-sun-hats,ladies golf sun hats,Apparel,Apparel & Shoes,MERGE,/shop/best-golf-sun-hats,near-duplicate of kept page (J=0.75),0,0,0,0
shop,/shop/best-ladies-spikeless-golf-shoes,ladies spikeless golf shoes,Apparel,Apparel & Shoes,MERGE,/shop/best-puma-golf-shoes-for-ladies,near-duplicate of kept page (J=0.60),0,0,0,0
shop,/shop/best-ladies-white-golf-shirt,ladies white golf shirt,Apparel,Apparel & Shoes,MERGE,/shop/best-ladies-sleeveless-golf-shirts,near-duplicate of kept page (J=0.60),0,12,0,0
shop,/shop/best-mc80-spikeless-golf-shoes,mc80 spikeless golf shoes,Apparel,Apparel & Shoes,MERGE,/shop/best-mens-spikeless-golf-shoes,near-duplicate of kept page (J=0.60),0,0,0,0
shop,/shop/best-mens-asics-golf-shoes,mens asics golf shoes,Apparel,Apparel & Shoes,MERGE,/shop/best-mens-spikeless-golf-shoes,near-duplicate of kept page (J=0.60),0,0,0,0
shop,/shop/best-mens-golf-hats-sun-protection,mens golf hats sun protection,Apparel,Apparel & Shoes,MERGE,/shop/best-golf-sun-hats,near-duplicate of kept page (J=0.60),0,0,0,0
shop,/shop/best-mens-golf-vest,mens golf vest,Golf Equipment,Apparel & Shoes,MERGE,/shop/best-mens-golf-vests,duplicate keyword (plural/variant),0,6,0,0
shop,/shop/best-mens-golf-visor,mens golf visor,Golf Equipment,Apparel & Shoes,MERGE,/shop/best-mens-golf-visors,duplicate keyword (plural/variant),0,0,0,0
shop,/shop/best-mens-lightweight-golf-vest,mens lightweight golf vest,Golf Equipment,Apparel & Shoes,MERGE,/shop/best-mens-golf-vests,near-duplicate of kept page (J=0.75),0,7,0,0
shop,/shop/best-mens-new-balance-golf-shoes,men's new balance golf shoes,Apparel,Apparel & Shoes,MERGE,/shop/best-mens-spikeless-golf-shoes,near-duplicate of kept page (J=0.60),0,6,0,0
shop,/shop/best-mens-pink-golf-shorts,mens pink golf shorts,Apparel,Apparel & Shoes,MERGE,/shop/cool-golf-shorts-mens,near-duplicate of kept page (J=0.60),0,0,0,0
shop,/shop/best-mens-red-golf-shoes,men's red golf shoes,Apparel,Apparel & Shoes,MERGE,/shop/best-mens-spikeless-golf-shoes,near-duplicate of kept page (J=0.60),0,0,0,0
shop,/shop/best-mens-waterproof-golf-shoes,mens waterproof golf shoes,Apparel,Apparel & Shoes,MERGE,/shop/best-mens-waterproof-golf-jacket,near-duplicate of kept page (J=0.60),0,0,0,0
shop,/shop/best-needlepoint-golf-belts,needlepoint golf belts,Golf Equipment,Apparel & Shoes,MERGE,/shop/best-golf-belts,near-duplicate of kept page (J=0.67),0,0,0,0
shop,/shop/best-new-golf-shoes-2025,best new golf shoes 2025,Apparel,Apparel & Shoes,MERGE,/shop/iverson-golf-shoe-buyers-guide,near-duplicate of kept page (J=0.67),0,0,0,0
shop,/shop/best-puma-golf-shorts-for-men,puma golf shorts for men,Apparel,Apparel & Shoes,MERGE,/shop/cool-golf-shorts-mens,near-duplicate of kept page (J=0.60),0,0,0,0
shop,/shop/best-red-golf-pants-men,red golf pants men,Golf Equipment,Apparel & Shoes,MERGE,/shop/best-mens-golf-jogger-pants,near-duplicate of kept page (J=0.60),0,17,0,0
shop,/shop/best-right-hand-golf-glove,right hand golf glove,Apparel,Apparel & Shoes,MERGE,/shop/which-hand-do-you-wear-a-golf-glove,near-duplicate of kept page (J=0.60),0,0,0,0
shop,/shop/best-samba-golf-shoes-women,samba golf shoes women,Apparel,Apparel & Shoes,MERGE,/shop/best-puma-golf-shoes-for-ladies,near-duplicate of kept page (J=0.60),0,0,0,0
shop,/shop/best-spiked-golf-shoes-for-men,spiked golf shoes for men,Apparel,Apparel & Shoes,MERGE,/shop/best-mens-spikeless-golf-shoes,near-duplicate of kept page (J=0.60),0,0,0,0
shop,/shop/best-spikeless-golf-shoes,best spikeless golf shoes,Apparel,Apparel & Shoes,MERGE,/shop/best-mens-spikeless-golf-shoes,near-duplicate of kept page (J=0.75),0,13,0,0
shop,/shop/best-travis-mathew-golf-glove,travis mathew golf glove,Apparel,Apparel & Shoes,MERGE,/shop/best-travis-mathew-golf-shoe,near-duplicate of kept page (J=0.60),0,0,0,0
shop,/shop/best-white-mens-golf-shirts,white mens golf shirts,Apparel,Apparel & Shoes,MERGE,/shop/best-white-golf-hats-for-men,near-duplicate of kept page (J=0.60),0,0,0,0
shop,/shop/best-white-titleist-golf-hat,white titleist golf hat,Golf Balls,Apparel & Shoes,MERGE,/shop/best-white-golf-hats-for-men,near-duplicate of kept page (J=0.60),0,0,0,0
shop,/shop/best-wide-golf-shoes,wide golf shoes,Apparel,Apparel & Shoes,MERGE,/shop/best-womens-golf-shoes-for-wide-feet,near-duplicate of kept page (J=0.60),0,18,0,0
shop,/shop/best-wide-golf-shoes-mens,wide golf shoes men's,Apparel,Apparel & Shoes,MERGE,/shop/best-mens-spikeless-golf-shoes,near-duplicate of kept page (J=0.60),0,0,0,0
shop,/shop/best-womens-golf-belts,women's golf belts,Golf Equipment,Apparel & Shoes,MERGE,/shop/best-golf-belts,near-duplicate of kept page (J=0.67),0,0,0,0
shop,/shop/best-womens-golf-shoes-waterproof,women's golf shoes waterproof,Apparel,Apparel & Shoes,MERGE,/shop/best-puma-golf-shoes-for-ladies,near-duplicate of kept page (J=0.60),0,0,0,0
shop,/shop/best-womens-new-balance-golf-shoes,womens new balance golf shoes,Apparel,Apparel & Shoes,MERGE,/shop/best-puma-golf-shoes-for-ladies,near-duplicate of kept page (J=0.60),0,0,0,0
shop,/shop/best-womens-plus-size-golf-polos,womens plus size golf polos,Golf Equipment,Apparel & Shoes,MERGE,/shop/best-ladies-golf-clothing-plus-size,near-duplicate of kept page (J=0.67),0,0,0,0
shop,/shop/best-womens-red-golf-shoes,womens red golf shoes,Apparel,Apparel & Shoes,MERGE,/shop/best-puma-golf-shoes-for-ladies,near-duplicate of kept page (J=0.60),0,0,0,0
shop,/shop/best-womens-white-golf-shoes,womens white golf shoes,Apparel,Apparel & Shoes,MERGE,/shop/best-puma-golf-shoes-for-ladies,near-duplicate of kept page (J=0.60),0,0,0,0
shop,/shop/callaway-golf-shoes-mens-review,callaway golf shoes mens,Golf Balls,Apparel & Shoes,MERGE,/shop/best-mens-spikeless-golf-shoes,near-duplicate of kept page (J=0.60),0,0,0,0
shop,/shop/callaway-ladies-golf-shirts-review,callaway ladies golf shirts,Golf Balls,Apparel & Shoes,MERGE,/shop/best-ladies-sleeveless-golf-shirts,near-duplicate of kept page (J=0.60),0,0,0,0
shop,/shop/footjoy-ladies-golf-gloves-review,footjoy ladies golf gloves,Apparel,Apparel & Shoes,MERGE,/shop/footjoy-cadet-golf-gloves-review,near-duplicate of kept page (J=0.60),0,0,0,0
shop,/shop/footjoy-womens-golf-shirts-review,footjoy women's golf shirts,Apparel,Apparel & Shoes,MERGE,/shop/best-ladies-sleeveless-golf-shirts,near-duplicate of kept page (J=0.60),0,0,0,0
shop,/shop/golf-quarter-zip-women-guide,golf quarter zip women,Golf Equipment,Apparel & Shoes,MERGE,/shop/best-mens-golf-quarter-zip,near-duplicate of kept page (J=0.60),0,0,0,0
shop,/shop/ladies-golf-shoes-clearance,ladies golf shoes clearance,Apparel,Apparel & Shoes,MERGE,/shop/best-puma-golf-shoes-for-ladies,near-duplicate of kept page (J=0.60),0,0,0,0
shop,/shop/puma-spikeless-golf-shoes-review,puma spikeless golf shoes,Apparel,Apparel & Shoes,MERGE,/shop/best-puma-golf-shoes-for-ladies,near-duplicate of kept page (J=0.60),0,0,0,0
shop,/shop/what-hand-do-you-put-a-golf-glove-on,what hand do you put a golf glove on,Apparel,Apparel & Shoes,MERGE,/shop/which-hand-do-you-wear-a-golf-glove,near-duplicate of kept page (J=0.60),0,0,0,0
shop,/shop/what-hand-golf-glove,what hand golf glove,Apparel,Apparel & Shoes,MERGE,/shop/which-hand-do-you-wear-a-golf-glove,near-duplicate of kept page (J=0.75),0,0,0,0
shop,/shop/what-is-a-cadet-golf-glove,what is a cadet golf glove,Apparel,Apparel & Shoes,MERGE,/shop/footjoy-cadet-golf-gloves-review,near-duplicate of kept page (J=0.75),0,0,0,8
shop,/shop/why-wear-a-golf-glove,why wear a golf glove,Apparel,Apparel & Shoes,MERGE,/shop/which-hand-do-you-wear-a-golf-glove,near-duplicate of kept page (J=0.75),0,0,0,9
shop,/shop/womens-spiked-golf-shoes,womens spiked golf shoes,Apparel,Apparel & Shoes,MERGE,/shop/best-puma-golf-shoes-for-ladies,near-duplicate of kept page (J=0.60),0,0,0,0
shop,/shop/best-14-way-golf-bag,14 way golf bag,Golf Bags,Bags & Push Carts,MERGE,/shop/best-14-way-divider-golf-bag,near-duplicate of kept page (J=0.80),0,0,0,0
shop,/shop/best-bagboy-golf-push-cart,bagboy golf push cart,Accessories,Bags & Push Carts,MERGE,/shop/best-golf-bag-for-push-cart,near-duplicate of kept page (J=0.60),0,0,0,0
shop,/shop/best-bagboy-golf-travel-bags,bagboy golf travel bags,Golf Equipment,Bags & Push Carts,MERGE,/shop/best-skb-golf-travel-bag,near-duplicate of kept page (J=0.60),0,0,0,0
shop,/shop/best-cheap-golf-travel-bag,best cheap golf travel bag,Golf Equipment,Bags & Push Carts,MERGE,/shop/best-skb-golf-travel-bag,near-duplicate of kept page (J=0.60),0,0,0,0
shop,/shop/best-electric-golf-trolley-2025,best electric golf trolley 2025,Power & Batteries,Bags & Push Carts,MERGE,/shop/best-electric-golf-trolley-argos,near-duplicate of kept page (J=0.75),0,0,0,0
shop,/shop/best-glove-it-golf-bags-for-women,glove it golf bags for women,Golf Bags,Bags & Push Carts,MERGE,/shop/best-golf-bags-for-women,near-duplicate of kept page (J=0.60),0,0,0,0
shop,/shop/best-golf-bag-2025,best golf bag 2025,Golf Bags,Bags & Push Carts,MERGE,/shop/golf-bag-dimensions-guide,near-duplicate of kept page (J=0.67),0,0,0,0
shop,/shop/best-golf-bag-cart-with-wheels,golf bag cart with wheels,Golf Bags,Bags & Push Carts,MERGE,/shop/best-golf-bag-for-push-cart,near-duplicate of kept page (J=0.60),0,0,0,0
shop,/shop/best-golf-bags-under-200,best golf bags under 200,Golf Bags,Bags & Push Carts,MERGE,/shop/best-budget-golf-bags,near-duplicate of kept page (J=0.60),0,0,0,0
shop,/shop/best-golf-push-cart-2025,best golf push cart 2025,Accessories,Bags & Push Carts,MERGE,/shop/best-golf-bag-for-push-cart,near-duplicate of kept page (J=0.75),0,0,0,0
shop,/shop/best-golf-push-cart-umbrella,golf push cart umbrella,Apparel,Bags & Push Carts,MERGE,/shop/best-golf-bag-for-push-cart,near-duplicate of kept page (J=0.60),0,0,0,0
shop,/shop/best-golf-stand-bags-with-14-way-dividers,golf stand bags with 14 way dividers,Golf Equipment,Bags & Push Carts,MERGE,/shop/best-14-way-divider-golf-bag,near-duplicate of kept page (J=0.83),0,0,0,0
shop,/shop/best-ladies-purple-golf-bag,ladies purple golf bag,Golf Bags,Bags & Push Carts,MERGE,/shop/best-golf-bags-for-women,near-duplicate of kept page (J=0.75),0,0,0,1
shop,/shop/best-personalized-golf-bag-tags,personalized golf bag tags,Golf Bags,Bags & Push Carts,MERGE,/shop/taylormade-personalized-golf-bag-review,near-duplicate of kept page (J=0.60),0,0,0,0
shop,/shop/best-pink-golf-bags-for-women,pink golf bags for women,Golf Bags,Bags & Push Carts,MERGE,/shop/best-pink-golf-bag,near-duplicate of kept page (J=0.75),0,0,0,0
shop,/shop/best-pink-ping-golf-bag,pink ping golf bag,Golf Bags,Bags & Push Carts,MERGE,/shop/best-pink-golf-bag,near-duplicate of kept page (J=0.75),0,0,0,0
shop,/shop/best-womens-golf-bag-green,women's golf bag green,Golf Bags,Bags & Push Carts,MERGE,/shop/best-green-golf-bag,near-duplicate of kept page (J=0.75),0,0,0,0
shop,/shop/best-womens-golf-bag-with-stand,women's golf bag with stand,Golf Bags,Bags & Push Carts,MERGE,/shop/best-golf-bags-for-women,near-duplicate of kept page (J=0.75),0,0,0,0
shop,/shop/caddytek-golf-push-cart-review,caddytek golf push cart,Accessories,Bags & Push Carts,MERGE,/shop/best-golf-bag-for-push-cart,near-duplicate of kept page (J=0.60),0,0,0,0
shop,/shop/cobra-golf-stand-bag-review,cobra golf stand bag,Golf Equipment,Bags & Push Carts,MERGE,/shop/best-cobra-golf-bags-for-women,near-duplicate of kept page (J=0.60),0,0,0,0
shop,/shop/ping-pioneer-golf-bag-review,ping pioneer golf bag,Golf Bags,Bags & Push Carts,MERGE,/shop/ping-traverse-golf-bag-review,near-duplicate of kept page (J=0.60),0,0,0,0
shop,/shop/ping-stand-golf-bags-review,ping stand golf bags,Golf Bags,Bags & Push Carts,MERGE,/shop/ping-traverse-golf-bag-review,near-duplicate of kept page (J=0.60),0,0,0,0
shop,/shop/best-2026-golf-drivers,2026 golf drivers,Clubs & Shafts,Clubs & Shafts,MERGE,/shop/best-expensive-golf-driver,near-duplicate of kept page (J=0.67),0,0,0,1
shop,/shop/best-adams-golf-iron-set,adams golf iron set,Clubs & Shafts,Clubs & Shafts,MERGE,/shop/best-adams-golf-set-ladies,near-duplicate of kept page (J=0.60),0,28,0,0
shop,/shop/best-align-grip-golf-pride,align grip golf pride,Golf Equipment,Clubs & Shafts,MERGE,/shop/golf-pride-z-grip-review,near-duplicate of kept page (J=0.60),0,0,0,0
shop,/shop/best-blue-golf-pride-grips,blue golf pride grips,Golf Equipment,Clubs & Shafts,MERGE,/shop/golf-pride-z-grip-review,near-duplicate of kept page (J=0.60),0,0,0,0
shop,/shop/best-flite-womens-golf-set-buying-guide,top flite women's golf set,Golf Equipment,Clubs & Shafts,MERGE,/shop/best-adams-golf-set-ladies,near-duplicate of kept page (J=0.60),0,0,0,0
shop,/shop/best-golf-driver-replacement-shafts,golf driver replacement shafts,Clubs & Shafts,Clubs & Shafts,MERGE,/shop/best-golf-shaft-for-driver,near-duplicate of kept page (J=0.75),0,0,0,0
shop,/shop/best-golf-driver-shafts,golf driver shafts,Clubs & Shafts,Clubs & Shafts,MERGE,/shop/best-golf-shaft-for-driver,duplicate keyword (plural/variant),0,7,0,0
shop,/shop/best-golf-grip-tape-solvent,golf grip tape solvent,Golf Equipment,Clubs & Shafts,MERGE,/shop/best-golf-grip-solvent-substitute,near-duplicate of kept page (J=0.60),0,0,0,0
shop,/shop/best-golf-grips-2024,best golf grips 2024,Golf Equipment,Clubs & Shafts,MERGE,/shop/best-lab-golf-grip,near-duplicate of kept page (J=0.67),0,0,0,1
shop,/shop/best-golf-grips-golf-pride,golf grips golf pride,Golf Equipment,Clubs & Shafts,MERGE,/shop/golf-pride-z-grip-review,near-duplicate of kept page (J=0.75),0,0,0,0
shop,/shop/best-golf-irons-2024,best golf irons 2024,Clubs & Shafts,Clubs & Shafts,MERGE,/shop/best-offset-golf-irons,near-duplicate of kept page (J=0.67),0,0,0,2
shop,/shop/best-golf-ping-g25-driver,golf ping g25 driver,Clubs & Shafts,Clubs & Shafts,MERGE,/shop/best-golf-shafts-for-ping-drivers,near-duplicate of kept page (J=0.60),0,0,0,0
shop,/shop/best-golf-pride-jumbo-grip,golf pride jumbo grip,Golf Equipment,Clubs & Shafts,MERGE,/shop/golf-pride-z-grip-review,near-duplicate of kept page (J=0.60),0,12,0,0
shop,/shop/best-golf-pride-orange-grips,golf pride orange grips,Golf Equipment,Clubs & Shafts,MERGE,/shop/golf-pride-z-grip-review,near-duplicate of kept page (J=0.60),0,0,0,0
shop,/shop/best-golf-pride-tour-velvet-grips,golf pride tour velvet grips,Golf Equipment,Clubs & Shafts,MERGE,/shop/golf-pride-tour-velvet-58-rib-grip-review,near-duplicate of kept page (J=0.71),0,0,0,0
shop,/shop/best-golf-pride-white-grips,golf pride white grips,Golf Equipment,Clubs & Shafts,MERGE,/shop/golf-pride-z-grip-review,near-duplicate of kept page (J=0.60),0,0,0,0
shop,/shop/best-golf-pride-z-grip-cord,golf pride z grip cord,Golf Equipment,Clubs & Shafts,MERGE,/shop/golf-pride-z-grip-review,near-duplicate of kept page (J=0.80),0,0,0,0
shop,/shop/best-golf-shafts-for-drivers,golf shafts for drivers,Clubs & Shafts,Clubs & Shafts,MERGE,/shop/best-golf-shaft-for-driver,duplicate keyword (plural/variant),0,17,0,0
shop,/shop/best-golf-shafts-for-irons-buying-guide,golf shafts for irons,Clubs & Shafts,Clubs & Shafts,MERGE,/shop/best-golf-iron-shafts,duplicate keyword (plural/variant),0,0,0,0
shop,/shop/best-graphite-golf-shafts-for-irons-buying-guide,graphite golf shafts for irons,Clubs & Shafts,Clubs & Shafts,MERGE,/shop/best-golf-iron-shafts,near-duplicate of kept page (J=0.75),0,0,0,0
shop,/shop/best-hybrid-golf,hybrid golf,Golf Equipment,Clubs & Shafts,MERGE,/shop/best-eleven-golf-hybrids,near-duplicate of kept page (J=0.67),0,0,0,0
shop,/shop/best-ladies-golf-drivers,ladies golf drivers,Clubs & Shafts,Clubs & Shafts,MERGE,/shop/best-driver-lady-golf,duplicate keyword (plural/variant),0,0,0,0
shop,/shop/best-ladies-starter-golf-set,best ladies starter golf set,Golf Equipment,Clubs & Shafts,MERGE,/shop/best-adams-golf-set-ladies,near-duplicate of kept page (J=0.60),0,0,0,0
shop,/shop/best-lady-golf-set,lady golf set,Golf Equipment,Clubs & Shafts,MERGE,/shop/best-adams-golf-set-ladies,near-duplicate of kept page (J=0.75),0,0,0,1
shop,/shop/best-lamkin-crossline-golf-grips,lamkin crossline golf grips,Golf Equipment,Clubs & Shafts,MERGE,/shop/best-lamkin-grip-golf,near-duplicate of kept page (J=0.75),0,0,0,0
shop,/shop/best-midsize-golf-grips,midsize golf grips,Golf Equipment,Clubs & Shafts,MERGE,/shop/best-golf-pride-grips-midsize,near-duplicate of kept page (J=0.75),0,0,0,0
shop,/shop/best-pink-golf-set-ladies,pink golf set ladies,Golf Equipment,Clubs & Shafts,MERGE,/shop/best-adams-golf-set-ladies,near-duplicate of kept page (J=0.60),0,0,0,0
shop,/shop/best-senior-flex-golf-shafts,senior flex golf shafts,Clubs & Shafts,Clubs & Shafts,MERGE,/shop/best-m-flex-golf-shaft,near-duplicate of kept page (J=0.60),0,0,0,0
shop,/shop/best-stiff-golf-shafts,stiff golf shafts,Clubs & Shafts,Clubs & Shafts,MERGE,/shop/stiff-vs-regular-golf-shaft,near-duplicate of kept page (J=0.60),0,0,0,0
shop,/shop/best-used-nike-golf-set,used nike golf set,Golf Equipment,Clubs & Shafts,MERGE,/shop/best-complete-nike-golf-sets,near-duplicate of kept page (J=0.75),0,0,0,0
shop,/shop/best-womens-golf-drivers-2025,best women's golf drivers 2025,Clubs & Shafts,Clubs & Shafts,MERGE,/shop/best-driver-lady-golf,duplicate keyword (plural/variant),0,0,0,0
shop,/shop/callaway-x20-golf-set-review,callaway x20 golf set,Golf Balls,Clubs & Shafts,MERGE,/shop/callaway-golf-warbird-set-review,near-duplicate of kept page (J=0.60),0,0,0,0
shop,/shop/cheap-ladies-golf-sets-budget-guide,cheap ladies golf sets,Golf Equipment,Clubs & Shafts,MERGE,/shop/best-adams-golf-set-ladies,near-duplicate of kept page (J=0.60),0,0,0,0
shop,/shop/cobra-junior-golf-set-review,cobra junior golf set,Golf Equipment,Clubs & Shafts,MERGE,/shop/best-womens-cobra-golf-set,near-duplicate of kept page (J=0.60),0,0,0,0
shop,/shop/golf-driver-shaft-length,golf driver shaft length,Clubs & Shafts,Clubs & Shafts,MERGE,/shop/best-golf-shaft-for-driver,near-duplicate of kept page (J=0.75),0,0,0,0
shop,/shop/golf-pride-cpx-grips-guide,golf pride cpx grips,Golf Equipment,Clubs & Shafts,MERGE,/shop/golf-pride-z-grip-review,near-duplicate of kept page (J=0.60),0,0,0,0
shop,/shop/golf-pride-red-grips-guide,golf pride red grips,Golf Equipment,Clubs & Shafts,MERGE,/shop/golf-pride-z-grip-review,near-duplicate of kept page (J=0.60),0,7,0,0
shop,/shop/mizuno-golf-iron-covers-review,mizuno golf iron covers,Clubs & Shafts,Clubs & Shafts,MERGE,/shop/best-used-mizuno-golf-irons,near-duplicate of kept page (J=0.60),0,0,0,0
shop,/shop/mizuno-golf-set-ladies-review,mizuno golf set ladies,Golf Equipment,Clubs & Shafts,MERGE,/shop/best-adams-golf-set-ladies,near-duplicate of kept page (J=0.60),0,0,0,0
shop,/shop/nike-vapor-golf-set-review,nike vapor golf set,Golf Equipment,Clubs & Shafts,MERGE,/shop/best-complete-nike-golf-sets,near-duplicate of kept page (J=0.75),0,0,0,0
shop,/shop/ping-women-golf-set-review,ping women golf set,Golf Equipment,Clubs & Shafts,MERGE,/shop/best-adams-golf-set-ladies,near-duplicate of kept page (J=0.60),0,0,0,0
shop,/shop/steel-vs-graphite-golf-shafts,steel vs graphite golf shafts,Clubs & Shafts,Clubs & Shafts,MERGE,/shop/best-graphite-golf-shafts,near-duplicate of kept page (J=0.60),0,0,0,0
shop,/shop/what-is-a-driver-in-golf,what is a driver in golf,Clubs & Shafts,Clubs & Shafts,MERGE,/shop/best-expensive-golf-driver,duplicate keyword (plural/variant),0,0,0,0
shop,/shop/best-callaway-golf-ball,best callaway golf ball,Golf Balls,Golf Balls,MERGE,/shop/callaway-custom-golf-balls-review,near-duplicate of kept page (J=0.75),0,7,0,0
shop,/shop/best-chrome-soft-golf-ball-guide,chrome soft golf ball,Golf Balls,Golf Balls,MERGE,/shop/best-soft-feel-golf-balls,near-duplicate of kept page (J=0.60),0,0,0,0
shop,/shop/best-custom-golf-balls-canada,custom golf balls canada,Golf Balls,Golf Balls,MERGE,/shop/callaway-custom-golf-balls-review,near-duplicate of kept page (J=0.60),0,0,0,0
shop,/shop/best-display-golf-balls,display golf balls,Golf Balls,Golf Balls,MERGE,/shop/best-golf-ball-display-rack,near-duplicate of kept page (J=0.75),0,0,0,0
shop,/shop/best-distance-golf-ball,best distance golf ball,Golf Balls,Golf Balls,MERGE,/shop/best-pinnacle-gold-distance-golf-balls,near-duplicate of kept page (J=0.60),0,0,0,0
shop,/shop/best-four-piece-golf-balls,four piece golf balls,Golf Balls,Golf Balls,MERGE,/shop/best-2-piece-golf-balls,near-duplicate of kept page (J=0.60),0,0,0,0
shop,/shop/best-golf-ball-display-box,golf ball display box,Golf Balls,Golf Balls,MERGE,/shop/best-golf-ball-display-rack,near-duplicate of kept page (J=0.60),0,0,0,0
shop,/shop/best-golf-ball-picker-upper,golf ball picker upper,Golf Balls,Golf Balls,MERGE,/shop/best-robotic-golf-ball-picker,near-duplicate of kept page (J=0.60),0,0,0,0
shop,/shop/best-golf-balls-for-women,best golf balls for women,Golf Balls,Golf Balls,MERGE,/shop/mens-vs-womens-golf-balls,duplicate keyword (plural/variant),0,0,0,0
shop,/shop/best-high-spin-golf-ball,high spin golf ball,Golf Balls,Golf Balls,MERGE,/shop/best-low-spin-golf-balls,near-duplicate of kept page (J=0.60),0,0,0,0
shop,/shop/best-ladies-golf-balls,ladies golf balls,Golf Balls,Golf Balls,MERGE,/shop/mens-vs-womens-golf-balls,near-duplicate of kept page (J=0.60),0,0,0,0
shop,/shop/best-low-compression-golf-balls,low compression golf balls,Golf Balls,Golf Balls,MERGE,/shop/best-low-spin-golf-balls,near-duplicate of kept page (J=0.60),0,0,0,0
shop,/shop/best-tour-response-golf-balls,tour response golf balls,Golf Balls,Golf Balls,MERGE,/shop/best-vice-tour-golf-balls,near-duplicate of kept page (J=0.60),0,0,0,0
shop,/shop/best-vice-tracer-golf-balls,vice tracer golf balls,Golf Balls,Golf Balls,MERGE,/shop/best-vice-tour-golf-balls,near-duplicate of kept page (J=0.60),0,0,0,0
shop,/shop/bridgestone-mindset-golf-balls-review,bridgestone mindset golf balls,Golf Balls,Golf Balls,MERGE,/shop/bridgestone-e6-golf-balls-review,near-duplicate of kept page (J=0.60),0,0,0,0
shop,/shop/callaway-yellow-golf-balls-review,callaway yellow golf balls,Golf Balls,Golf Balls,MERGE,/shop/callaway-custom-golf-balls-review,near-duplicate of kept page (J=0.60),0,0,0,0
shop,/shop/cheap-golf-balls-in-bulk-buying-guide,cheap golf balls in bulk,Golf Balls,Golf Balls,MERGE,/shop/best-golf-balls-bulk,near-duplicate of kept page (J=0.75),0,0,0,0
shop,/shop/golf-ball-2-piece-vs-3-piece,golf ball 2 piece vs 3 piece,Golf Balls,Golf Balls,MERGE,/shop/best-2-piece-golf-balls,near-duplicate of kept page (J=0.67),0,0,0,1
shop,/shop/golf-balls-in-bulk-new,golf balls in bulk new,Golf Balls,Golf Balls,MERGE,/shop/best-golf-balls-bulk,duplicate keyword (plural/variant),0,0,0,0
shop,/shop/titleist-golf-ball-pouch-review,titleist golf ball pouch,Golf Balls,Golf Balls,MERGE,/shop/titleist-nxt-golf-balls-review,near-duplicate of kept page (J=0.60),0,0,0,0
shop,/shop/titleist-pink-golf-balls-review,titleist pink golf balls,Golf Balls,Golf Balls,MERGE,/shop/titleist-nxt-golf-balls-review,near-duplicate of kept page (J=0.60),0,0,0,0
shop,/shop/titleist-velocity-golf-ball-review,titleist velocity golf ball,Golf Balls,Golf Balls,MERGE,/shop/titleist-nxt-golf-balls-review,near-duplicate of kept page (J=0.60),0,0,0,0
shop,/shop/vice-drive-golf-ball-guide,vice drive golf ball,Golf Balls,Golf Balls,MERGE,/shop/best-vice-tour-golf-balls,near-duplicate of kept page (J=0.60),0,0,0,0
shop,/shop/what-color-golf-ball-is-easiest-to-see,what color golf ball is easiest to see,Golf Balls,Golf Balls,MERGE,/shop/best-color-golf-balls,near-duplicate of kept page (J=0.60),0,0,0,0
blog,/blog/how-to-start-golf-cart-without-key,how to start a golf cart without a key,Golf Cart,Golf Carts,MERGE,/blog/how-to-start-golf-cart,near-duplicate of kept page (J=0.60),0,0,0,0
shop,/shop/best-2021-yamaha-golf-cart,2021 yamaha golf cart,Golf Carts,Golf Carts,MERGE,/shop/yamaha-g2-golf-cart-review,near-duplicate of kept page (J=0.60),0,0,0,0
shop,/shop/best-36v-battery-for-golf-cart,36v battery for golf cart,Power & Batteries,Golf Carts,MERGE,/shop/interstate-golf-cart-batteries-guide,near-duplicate of kept page (J=0.60),0,0,0,0
shop,/shop/best-48v-battery-charger-golf-cart,48v battery charger golf cart,Golf Carts,Golf Carts,MERGE,/shop/best-golf-cart-battery-charger,near-duplicate of kept page (J=0.80),0,14,0,0
shop,/shop/best-48v-lithium-battery-for-golf-cart,best 48v lithium battery for golf cart,Power & Batteries,Golf Carts,MERGE,/shop/best-golf-cart-lithium-battery-charger,duplicate keyword (plural/variant),0,0,0,0
shop,/shop/best-48v-lithium-golf-cart-battery,48v lithium golf cart battery,Golf Carts,Golf Carts,MERGE,/shop/best-golf-cart-lithium-battery-charger,near-duplicate of kept page (J=0.67),0,7,0,0
shop,/shop/best-4x4-electric-golf-cart,4x4 electric golf cart,Golf Carts,Golf Carts,MERGE,/shop/yamaha-electric-golf-cart-review,near-duplicate of kept page (J=0.60),0,14,0,0
shop,/shop/best-6-person-golf-cart,6 person golf cart,Golf Carts,Golf Carts,MERGE,/shop/best-one-person-golf-cart,near-duplicate of kept page (J=0.60),0,0,0,0
shop,/shop/best-8-volt-golf-cart-battery-charger,8 volt golf cart battery charger,Golf Carts,Golf Carts,MERGE,/shop/best-golf-cart-battery-charger,near-duplicate of kept page (J=0.67),0,0,0,0
shop,/shop/best-8v-golf-cart-batteries,8v golf cart batteries,Golf Carts,Golf Carts,MERGE,/shop/interstate-golf-cart-batteries-guide,near-duplicate of kept page (J=0.60),0,11,0,0
shop,/shop/best-agm-battery-for-golf-cart,agm battery for golf cart,Power & Batteries,Golf Carts,MERGE,/shop/interstate-golf-cart-batteries-guide,near-duplicate of kept page (J=0.60),0,0,0,0
shop,/shop/best-allied-battery-golf-cart,allied battery golf cart,Golf Carts,Golf Carts,MERGE,/shop/interstate-golf-cart-batteries-guide,near-duplicate of kept page (J=0.60),0,0,0,0
shop,/shop/best-allied-lithium-golf-cart-battery,allied lithium golf cart battery,Golf Carts,Golf Carts,MERGE,/shop/best-golf-cart-lithium-battery-charger,near-duplicate of kept page (J=0.67),0,0,0,0
shop,/shop/best-battery-for-ezgo-golf-cart,battery for ezgo golf cart,Power & Batteries,Golf Carts,MERGE,/shop/2022-ezgo-golf-cart-guide,duplicate keyword (plural/variant),0,12,0,0
shop,/shop/best-bluetooth-radio-for-golf-cart,bluetooth radio for golf cart,Golf Equipment,Golf Carts,MERGE,/shop/best-golf-cart-radio-and-speakers,near-duplicate of kept page (J=0.60),0,0,0,0
shop,/shop/best-bolt-golf-cart-batteries,bolt golf cart batteries,Golf Carts,Golf Carts,MERGE,/shop/interstate-golf-cart-batteries-guide,near-duplicate of kept page (J=0.60),0,0,0,0
shop,/shop/best-charger-for-electric-golf-cart,charger for electric golf cart,Power & Batteries,Golf Carts,MERGE,/shop/yamaha-electric-golf-cart-review,near-duplicate of kept page (J=0.60),0,42,0,0
shop,/shop/best-coleman-electric-golf-cart,coleman electric golf cart,Golf Carts,Golf Carts,MERGE,/shop/yamaha-electric-golf-cart-review,near-duplicate of kept page (J=0.60),0,0,0,0
shop,/shop/best-crown-golf-cart-batteries,crown golf cart batteries,Golf Carts,Golf Carts,MERGE,/shop/interstate-golf-cart-batteries-guide,near-duplicate of kept page (J=0.60),0,0,0,0
shop,/shop/best-eco-battery-for-golf-cart,eco battery for golf cart,Power & Batteries,Golf Carts,MERGE,/shop/interstate-golf-cart-batteries-guide,near-duplicate of kept page (J=0.60),0,7,0,0
shop,/shop/best-electric-golf-carts,best electric golf carts,Golf Carts,Golf Carts,MERGE,/shop/yamaha-electric-golf-cart-review,near-duplicate of kept page (J=0.75),0,0,0,0
shop,/shop/best-forward-facing-golf-carts,forward facing golf carts,Golf Carts,Golf Carts,MERGE,/shop/best-4-seat-forward-facing-golf-carts,near-duplicate of kept page (J=0.67),0,0,0,0
shop,/shop/best-gas-golf-carts-2025,best gas golf carts 2025,Golf Carts,Golf Carts,MERGE,/shop/ezgo-golf-cart-gas-engines-review,near-duplicate of kept page (J=0.60),0,0,0,0
shop,/shop/best-gem-electric-golf-cart,gem electric golf cart,Golf Carts,Golf Carts,MERGE,/shop/yamaha-electric-golf-cart-review,near-duplicate of kept page (J=0.60),0,0,0,0
shop,/shop/best-golf-cart-batteries-12v,best golf cart batteries 12v,Golf Carts,Golf Carts,MERGE,/shop/interstate-golf-cart-batteries-guide,near-duplicate of kept page (J=0.60),0,0,0,0
shop,/shop/best-golf-cart-battery-gauge,golf cart battery gauge,Golf Carts,Golf Carts,MERGE,/shop/interstate-golf-cart-batteries-guide,near-duplicate of kept page (J=0.60),0,25,0,0
shop,/shop/best-golf-cart-battery-tender,golf cart battery tender,Golf Carts,Golf Carts,MERGE,/shop/interstate-golf-cart-batteries-guide,near-duplicate of kept page (J=0.60),0,0,0,0
shop,/shop/best-golf-cart-bed,golf cart bed,Golf Carts,Golf Carts,MERGE,/shop/electric-golf-cart-with-bed,near-duplicate of kept page (J=0.75),0,0,0,0
shop,/shop/best-golf-cart-body,golf cart body,Golf Carts,Golf Carts,MERGE,/shop/golf-cart-body-kits-bronco,near-duplicate of kept page (J=0.60),0,0,0,0
shop,/shop/best-golf-cart-charger,golf cart charger,Golf Carts,Golf Carts,MERGE,/shop/best-golf-cart-battery-charger,near-duplicate of kept page (J=0.75),0,0,0,0
shop,/shop/best-golf-cart-charger-cord,golf cart charger cord,Golf Carts,Golf Carts,MERGE,/shop/best-golf-cart-battery-charger,near-duplicate of kept page (J=0.60),0,24,0,0
shop,/shop/best-golf-cart-covers-for-ezgo,golf cart covers for ezgo,Golf Carts,Golf Carts,MERGE,/shop/2022-ezgo-golf-cart-guide,near-duplicate of kept page (J=0.60),0,0,0,0
shop,/shop/best-golf-cart-enclosures-for-yamaha,golf cart enclosures for yamaha,Golf Carts,Golf Carts,MERGE,/shop/yamaha-g2-golf-cart-review,near-duplicate of kept page (J=0.60),0,8,0,0
shop,/shop/best-golf-cart-engines,golf cart engines,Golf Carts,Golf Carts,MERGE,/shop/ezgo-golf-cart-gas-engines-review,near-duplicate of kept page (J=0.60),0,48,0,0
shop,/shop/best-golf-cart-governor,golf cart governor,Golf Carts,Golf Carts,MERGE,/shop/yamaha-golf-cart-governor-adjustment,near-duplicate of kept page (J=0.60),0,0,0,0
shop,/shop/best-golf-cart-lithium-conversion,golf cart lithium conversion,Golf Carts,Golf Carts,MERGE,/shop/best-lithium-golf-cart,near-duplicate of kept page (J=0.75),0,0,0,0
shop,/shop/best-golf-cart-seats-for-ezgo,golf cart seats for ezgo,Golf Carts,Golf Carts,MERGE,/shop/2022-ezgo-golf-cart-guide,near-duplicate of kept page (J=0.60),0,0,0,0
shop,/shop/best-golf-cart-speaker,best golf cart speaker,Golf Carts,Golf Carts,MERGE,/shop/best-golf-cart-radio-and-speakers,duplicate keyword (plural/variant),0,0,0,0
shop,/shop/best-golf-cart-speaker-magnetic,golf cart speaker magnetic,Golf Carts,Golf Carts,MERGE,/shop/best-golf-cart-radio-and-speakers,near-duplicate of kept page (J=0.60),0,0,0,0
shop,/shop/best-golf-cart-windshield-wiper,golf cart windshield wiper,Golf Carts,Golf Carts,MERGE,/shop/best-golf-cart-windshields,near-duplicate of kept page (J=0.75),0,0,0,0
shop,/shop/best-icon-electric-golf-cart,icon electric golf cart,Golf Carts,Golf Carts,MERGE,/shop/yamaha-electric-golf-cart-review,near-duplicate of kept page (J=0.60),0,0,0,0
shop,/shop/best-interstate-gc2-golf-cart-battery,interstate gc2 golf cart battery,Golf Carts,Golf Carts,MERGE,/shop/interstate-golf-cart-batteries-guide,near-duplicate of kept page (J=0.80),0,13,0,0
shop,/shop/best-kids-electric-golf-cart,kids electric golf cart,Golf Carts,Golf Carts,MERGE,/shop/yamaha-electric-golf-cart-review,near-duplicate of kept page (J=0.60),0,0,0,0
shop,/shop/best-lifepo4-golf-cart-battery,lifepo4 golf cart battery,Golf Carts,Golf Carts,MERGE,/shop/interstate-golf-cart-batteries-guide,near-duplicate of kept page (J=0.60),0,0,0,0
shop,/shop/best-lifted-yamaha-golf-cart,lifted yamaha golf cart,Golf Carts,Golf Carts,MERGE,/shop/yamaha-g2-golf-cart-review,near-duplicate of kept page (J=0.60),0,0,0,0
shop,/shop/best-lithium-golf-cart-batteries,best lithium golf cart batteries,Golf Carts,Golf Carts,MERGE,/shop/best-golf-cart-lithium-battery-charger,near-duplicate of kept page (J=0.80),0,0,0,0
shop,/shop/best-parts-yamaha-golf-cart-guide,parts yamaha golf cart,Golf Carts,Golf Carts,MERGE,/shop/yamaha-g2-golf-cart-review,near-duplicate of kept page (J=0.60),0,0,0,0
shop,/shop/best-push-golf-cart-accessories,push golf cart accessories,Golf Carts,Golf Carts,MERGE,/shop/best-steeleng-golf-cart-accessories,near-duplicate of kept page (J=0.60),0,0,0,0
shop,/shop/best-rated-golf-cart-batteries,top rated golf cart batteries,Golf Carts,Golf Carts,MERGE,/shop/interstate-golf-cart-batteries-guide,near-duplicate of kept page (J=0.60),0,0,0,0
shop,/shop/best-samsung-golf-cart-batteries,samsung golf cart batteries,Golf Carts,Golf Carts,MERGE,/shop/interstate-golf-cart-batteries-guide,near-duplicate of kept page (J=0.60),0,15,0,0
shop,/shop/best-solar-golf-cart-battery-charger,solar golf cart battery charger,Golf Carts,Golf Carts,MERGE,/shop/best-golf-cart-battery-charger,near-duplicate of kept page (J=0.80),0,35,0,0
shop,/shop/best-speakers-on-golf-cart,speakers on golf cart,Golf Carts,Golf Carts,MERGE,/shop/best-golf-cart-radio-and-speakers,near-duplicate of kept page (J=0.75),0,0,0,0
shop,/shop/buying-golf-cart-guide,buying golf cart,Golf Carts,Golf Carts,MERGE,/shop/fastest-golf-cart,near-duplicate of kept page (J=0.67),0,0,0,0
shop,/shop/cheapest-electric-golf-cart,cheapest electric golf cart,Golf Carts,Golf Carts,MERGE,/shop/yamaha-electric-golf-cart-review,near-duplicate of kept page (J=0.60),0,6,0,0
shop,/shop/cleaning-golf-cart-batteries,cleaning golf cart batteries,Golf Carts,Golf Carts,MERGE,/shop/interstate-golf-cart-batteries-guide,near-duplicate of kept page (J=0.60),0,0,0,0
shop,/shop/electric-golf-cart-troubleshooting,electric golf cart troubleshooting,Golf Carts,Golf Carts,MERGE,/shop/yamaha-electric-golf-cart-review,near-duplicate of kept page (J=0.60),0,0,0,0
shop,/shop/electric-golf-carts-for-hunting,electric golf carts for hunting,Golf Carts,Golf Carts,MERGE,/shop/yamaha-electric-golf-cart-review,near-duplicate of kept page (J=0.60),0,0,0,0
shop,/shop/ezgo-express-golf-cart-review,ezgo express golf cart,Golf Carts,Golf Carts,MERGE,/shop/2022-ezgo-golf-cart-guide,near-duplicate of kept page (J=0.60),0,0,0,0
shop,/shop/ezgo-golf-cart-batteries-review,ezgo golf cart batteries,Golf Carts,Golf Carts,MERGE,/shop/2022-ezgo-golf-cart-guide,near-duplicate of kept page (J=0.60),0,51,0,0
shop,/shop/ezgo-golf-cart-decals-review,ezgo golf cart decals,Golf Carts,Golf Carts,MERGE,/shop/2022-ezgo-golf-cart-guide,near-duplicate of kept page (J=0.60),0,0,0,0
shop,/shop/ezgo-golf-cart-fuses-review,ezgo golf cart fuses,Golf Carts,Golf Carts,MERGE,/shop/2022-ezgo-golf-cart-guide,near-duplicate of kept page (J=0.60),0,0,0,0
shop,/shop/ezgo-golf-cart-maintenance-tips,ezgo golf cart maintenance,Golf Carts,Golf Carts,MERGE,/shop/2022-ezgo-golf-cart-guide,near-duplicate of kept page (J=0.60),0,0,0,0
shop,/shop/ezgo-golf-cart-seat-review,ezgo golf cart seat,Golf Carts,Golf Carts,MERGE,/shop/2022-ezgo-golf-cart-guide,duplicate keyword (plural/variant),0,0,0,0
shop,/shop/ezgo-golf-cart-weight,ezgo golf cart weight,Golf Carts,Golf Carts,MERGE,/shop/2022-ezgo-golf-cart-guide,near-duplicate of kept page (J=0.60),0,14,0,0
shop,/shop/ezgo-liberty-golf-cart-review,ezgo liberty golf cart,Golf Carts,Golf Carts,MERGE,/shop/2022-ezgo-golf-cart-guide,near-duplicate of kept page (J=0.60),0,25,0,2
shop,/shop/ezgo-used-golf-carts-review,ezgo used golf carts,Golf Carts,Golf Carts,MERGE,/shop/2022-ezgo-golf-cart-guide,near-duplicate of kept page (J=0.60),0,0,0,0
shop,/shop/ezgo-valor-golf-cart-review,ezgo valor golf cart,Golf Carts,Golf Carts,MERGE,/shop/2022-ezgo-golf-cart-guide,near-duplicate of kept page (J=0.60),0,20,0,0
shop,/shop/golf-cart-battery-charger-not-working,golf cart battery charger not working,Golf Carts,Golf Carts,MERGE,/shop/best-golf-cart-battery-charger,near-duplicate of kept page (J=0.67),0,0,0,0
shop,/shop/golf-cart-battery-maintenance,golf cart battery maintenance,Golf Carts,Golf Carts,MERGE,/shop/interstate-golf-cart-batteries-guide,near-duplicate of kept page (J=0.60),0,0,0,0
shop,/shop/golf-cart-battery-upgrades,golf cart battery upgrades,Golf Carts,Golf Carts,MERGE,/shop/interstate-golf-cart-batteries-guide,near-duplicate of kept page (J=0.60),0,0,0,0
shop,/shop/golf-cart-dimensions,golf cart dimensions,Golf Carts,Golf Carts,MERGE,/shop/golf-cart-parking-space-dimensions,near-duplicate of kept page (J=0.60),0,0,0,0
shop,/shop/golf-carts-with-lithium-batteries,golf carts with lithium batteries,Golf Carts,Golf Carts,MERGE,/shop/best-golf-cart-lithium-battery-charger,duplicate keyword (plural/variant),0,0,0,0
shop,/shop/how-much-are-golf-cart-batteries,how much are golf cart batteries,Golf Carts,Golf Carts,MERGE,/shop/interstate-golf-cart-batteries-guide,near-duplicate of kept page (J=0.60),0,0,0,0
shop,/shop/how-much-is-lithium-battery-golf-cart,how much is a lithium battery for a golf cart,Power & Batteries,Golf Carts,MERGE,/shop/best-golf-cart-lithium-battery-charger,near-duplicate of kept page (J=0.67),0,0,0,0
shop,/shop/interstate-8-volt-golf-cart-battery,interstate 8 volt golf cart battery,Golf Carts,Golf Carts,MERGE,/shop/interstate-golf-cart-batteries-guide,near-duplicate of kept page (J=0.67),0,0,0,0
shop,/shop/jg5-yamaha-golf-cart,jg5 yamaha golf cart,Golf Carts,Golf Carts,MERGE,/shop/yamaha-g2-golf-cart-review,near-duplicate of kept page (J=0.60),0,0,0,1
shop,/shop/oil-for-yamaha-golf-cart,oil for yamaha golf cart,Golf Equipment,Golf Carts,MERGE,/shop/yamaha-g2-golf-cart-review,near-duplicate of kept page (J=0.60),0,0,0,0
shop,/shop/testing-a-golf-cart-battery,testing a golf cart battery,Golf Carts,Golf Carts,MERGE,/shop/interstate-golf-cart-batteries-guide,near-duplicate of kept page (J=0.60),0,0,0,0
shop,/shop/yamaha-gas-golf-cart-review,yamaha gas golf cart,Golf Carts,Golf Carts,MERGE,/shop/yamaha-g2-golf-cart-review,near-duplicate of kept page (J=0.60),0,0,0,0
shop,/shop/yamaha-golf-cart-batteries-review,yamaha golf cart batteries,Golf Carts,Golf Carts,MERGE,/shop/yamaha-g2-golf-cart-review,near-duplicate of kept page (J=0.60),0,10,0,0
shop,/shop/yamaha-golf-cart-cover-review,yamaha golf cart cover,Golf Carts,Golf Carts,MERGE,/shop/yamaha-g2-golf-cart-review,near-duplicate of kept page (J=0.60),0,0,0,0
shop,/shop/yamaha-golf-cart-parts-g2-review,yamaha golf cart parts g2,Golf Carts,Golf Carts,MERGE,/shop/yamaha-g2-golf-cart-review,near-duplicate of kept page (J=0.80),0,24,0,0
shop,/shop/yamaha-golf-cart-roof-review,yamaha golf cart roof,Golf Carts,Golf Carts,MERGE,/shop/yamaha-g2-golf-cart-review,near-duplicate of kept page (J=0.60),0,0,0,0
shop,/shop/yamaha-golf-cart-starter-review,yamaha golf cart starter,Golf Carts,Golf Carts,MERGE,/shop/yamaha-g2-golf-cart-review,near-duplicate of kept page (J=0.60),0,0,0,0
shop,/shop/yamaha-golf-cart-wheels-review,yamaha golf cart wheels,Golf Carts,Golf Carts,MERGE,/shop/yamaha-g2-golf-cart-review,near-duplicate of kept page (J=0.60),0,19,0,0
shop,/shop/yamaha-golf-cart-width-review,yamaha golf cart width,Golf Carts,Golf Carts,MERGE,/shop/yamaha-g2-golf-cart-review,near-duplicate of kept page (J=0.60),0,0,0,0
shop,/shop/yamaha-golf-cart-windshield-review,yamaha golf cart windshield,Golf Carts,Golf Carts,MERGE,/shop/best-golf-cart-windshields,near-duplicate of kept page (J=0.75),0,0,0,0
shop,/shop/yamaha-umax-golf-cart-review,yamaha umax golf cart,Golf Carts,Golf Carts,MERGE,/shop/yamaha-g2-golf-cart-review,near-duplicate of kept page (J=0.60),0,6,0,0
shop,/shop/best-10x10x10-golf-practice-net-cage,10x10x10 golf practice net cage,Golf Equipment,Indoor & Practice,MERGE,/shop/best-golf-nets-and-cages,near-duplicate of kept page (J=0.60),0,0,0,0
shop,/shop/best-golf-ball-markers-for-putting-green,golf ball markers for putting green,Golf Balls,Indoor & Practice,MERGE,/shop/best-golf-putting-greens,near-duplicate of kept page (J=0.60),0,0,0,0
shop,/shop/best-golf-hitting-mats,best golf hitting mats,Golf Equipment,Indoor & Practice,MERGE,/shop/best-golf-hitting-mat,duplicate keyword (plural/variant),0,0,0,0
shop,/shop/best-golf-swing-plane-diagram,golf swing plane diagram,Golf Equipment,Indoor & Practice,MERGE,/shop/best-golf-swing-plane-trainer,near-duplicate of kept page (J=0.60),0,0,0,0
shop,/shop/best-home-golf-launch-monitor,home golf launch monitor,Golf Equipment,Indoor & Practice,MERGE,/shop/best-launch-monitors-for-golf,near-duplicate of kept page (J=0.75),0,0,0,0
shop,/shop/best-indoor-golf-practice-net,indoor golf practice net,Golf Equipment,Indoor & Practice,MERGE,/shop/best-indoor-golf-nets,near-duplicate of kept page (J=0.75),0,0,0,0
shop,/shop/best-portable-golf-hitting-mats,portable golf hitting mats,Golf Equipment,Indoor & Practice,MERGE,/shop/best-golf-hitting-mat,near-duplicate of kept page (J=0.75),0,0,0,0
